Person Type Scenario,Period,Location,Percent Active Devices
Resident Weekday Before,1,HOME,87.59
Resident Weekday Before,2,HOME,88.36
Resident Weekday Before,3,HOME,89.01
Resident Weekday Before,4,HOME,89.42
Resident Weekday Before,5,HOME,89.7
Resident Weekday Before,6,HOME,89.94
Resident Weekday Before,7,HOME,90.14
Resident Weekday Before,8,HOME,90.15
Resident Weekday Before,9,HOME,89.96
Resident Weekday Before,10,HOME,89.56
Resident Weekday Before,11,HOME,88.62
Resident Weekday Before,12,HOME,87.13
Resident Weekday Before,13,HOME,84.68
Resident Weekday Before,14,HOME,81.5
Resident Weekday Before,15,HOME,75.76
Resident Weekday Before,16,HOME,67.81
Resident Weekday Before,17,HOME,59.38
Resident Weekday Before,18,HOME,52.94
Resident Weekday Before,19,HOME,47.85
Resident Weekday Before,20,HOME,44.57
Resident Weekday Before,21,HOME,42.2
Resident Weekday Before,22,HOME,40.63
Resident Weekday Before,23,HOME,39.51
Resident Weekday Before,24,HOME,38.77
Resident Weekday Before,25,HOME,38.67
Resident Weekday Before,26,HOME,38.24
Resident Weekday Before,27,HOME,38.32
Resident Weekday Before,28,HOME,38.48
Resident Weekday Before,29,HOME,39.15
Resident Weekday Before,30,HOME,40.89
Resident Weekday Before,31,HOME,44.07
Resident Weekday Before,32,HOME,47.04
Resident Weekday Before,33,HOME,49.76
Resident Weekday Before,34,HOME,52.86
Resident Weekday Before,35,HOME,56.83
Resident Weekday Before,36,HOME,60.54
Resident Weekday Before,37,HOME,63.34
Resident Weekday Before,38,HOME,65.33
Resident Weekday Before,39,HOME,67.27
Resident Weekday Before,40,HOME,68.49
Resident Weekday Before,41,HOME,70.93
Resident Weekday Before,42,HOME,73.42
Resident Weekday Before,43,HOME,76.29
Resident Weekday Before,44,HOME,78.55
Resident Weekday Before,45,HOME,80.85
Resident Weekday Before,46,HOME,82.35
Resident Weekday Before,47,HOME,84.23
Resident Weekday Before,48,HOME,85.2
Resident Weekday Before,1,WORK,4.64
Resident Weekday Before,2,WORK,4.37
Resident Weekday Before,3,WORK,4.17
Resident Weekday Before,4,WORK,4.04
Resident Weekday Before,5,WORK,3.98
Resident Weekday Before,6,WORK,3.92
Resident Weekday Before,7,WORK,3.89
Resident Weekday Before,8,WORK,3.92
Resident Weekday Before,9,WORK,4.03
Resident Weekday Before,10,WORK,4.21
Resident Weekday Before,11,WORK,4.62
Resident Weekday Before,12,WORK,5.34
Resident Weekday Before,13,WORK,6.85
Resident Weekday Before,14,WORK,8.95
Resident Weekday Before,15,WORK,13.38
Resident Weekday Before,16,WORK,19.83
Resident Weekday Before,17,WORK,27.03
Resident Weekday Before,18,WORK,32.4
Resident Weekday Before,19,WORK,36.85
Resident Weekday Before,20,WORK,39.13
Resident Weekday Before,21,WORK,40.6
Resident Weekday Before,22,WORK,41.58
Resident Weekday Before,23,WORK,42.25
Resident Weekday Before,24,WORK,42.66
Resident Weekday Before,25,WORK,42.47
Resident Weekday Before,26,WORK,42.41
Resident Weekday Before,27,WORK,42.43
Resident Weekday Before,28,WORK,42.29
Resident Weekday Before,29,WORK,41.92
Resident Weekday Before,30,WORK,40.24
Resident Weekday Before,31,WORK,37.37
Resident Weekday Before,32,WORK,34.21
Resident Weekday Before,33,WORK,30.93
Resident Weekday Before,34,WORK,27.44
Resident Weekday Before,35,WORK,22.78
Resident Weekday Before,36,WORK,18.89
Resident Weekday Before,37,WORK,15.72
Resident Weekday Before,38,WORK,13.51
Resident Weekday Before,39,WORK,11.71
Resident Weekday Before,40,WORK,10.59
Resident Weekday Before,41,WORK,9.49
Resident Weekday Before,42,WORK,8.7
Resident Weekday Before,43,WORK,7.92
Resident Weekday Before,44,WORK,7.34
Resident Weekday Before,45,WORK,6.64
Resident Weekday Before,46,WORK,6.16
Resident Weekday Before,47,WORK,5.53
Resident Weekday Before,48,WORK,5.16
Resident Weekday Before,1,OTHER,7.78
Resident Weekday Before,2,OTHER,7.28
Resident Weekday Before,3,OTHER,6.82
Resident Weekday Before,4,OTHER,6.54
Resident Weekday Before,5,OTHER,6.32
Resident Weekday Before,6,OTHER,6.13
Resident Weekday Before,7,OTHER,5.97
Resident Weekday Before,8,OTHER,5.93
Resident Weekday Before,9,OTHER,6
Resident Weekday Before,10,OTHER,6.23
Resident Weekday Before,11,OTHER,6.76
Resident Weekday Before,12,OTHER,7.53
Resident Weekday Before,13,OTHER,8.47
Resident Weekday Before,14,OTHER,9.55
Resident Weekday Before,15,OTHER,10.86
Resident Weekday Before,16,OTHER,12.35
Resident Weekday Before,17,OTHER,13.59
Resident Weekday Before,18,OTHER,14.66
Resident Weekday Before,19,OTHER,15.3
Resident Weekday Before,20,OTHER,16.3
Resident Weekday Before,21,OTHER,17.2
Resident Weekday Before,22,OTHER,17.79
Resident Weekday Before,23,OTHER,18.24
Resident Weekday Before,24,OTHER,18.57
Resident Weekday Before,25,OTHER,18.87
Resident Weekday Before,26,OTHER,19.36
Resident Weekday Before,27,OTHER,19.25
Resident Weekday Before,28,OTHER,19.23
Resident Weekday Before,29,OTHER,18.94
Resident Weekday Before,30,OTHER,18.88
Resident Weekday Before,31,OTHER,18.56
Resident Weekday Before,32,OTHER,18.75
Resident Weekday Before,33,OTHER,19.3
Resident Weekday Before,34,OTHER,19.71
Resident Weekday Before,35,OTHER,20.38
Resident Weekday Before,36,OTHER,20.58
Resident Weekday Before,37,OTHER,20.94
Resident Weekday Before,38,OTHER,21.16
Resident Weekday Before,39,OTHER,21.02
Resident Weekday Before,40,OTHER,20.92
Resident Weekday Before,41,OTHER,19.58
Resident Weekday Before,42,OTHER,17.88
Resident Weekday Before,43,OTHER,15.78
Resident Weekday Before,44,OTHER,14.11
Resident Weekday Before,45,OTHER,12.5
Resident Weekday Before,46,OTHER,11.49
Resident Weekday Before,47,OTHER,10.24
Resident Weekday Before,48,OTHER,9.64
Resident Weekday After,1,HOME,93.05
Resident Weekday After,2,HOME,93.37
Resident Weekday After,3,HOME,93.65
Resident Weekday After,4,HOME,93.82
Resident Weekday After,5,HOME,93.96
Resident Weekday After,6,HOME,94.02
Resident Weekday After,7,HOME,94.1
Resident Weekday After,8,HOME,94.06
Resident Weekday After,9,HOME,94.02
Resident Weekday After,10,HOME,93.86
Resident Weekday After,11,HOME,93.38
Resident Weekday After,12,HOME,92.6
Resident Weekday After,13,HOME,91.23
Resident Weekday After,14,HOME,89.44
Resident Weekday After,15,HOME,86.97
Resident Weekday After,16,HOME,85.11
Resident Weekday After,17,HOME,82.9
Resident Weekday After,18,HOME,81.15
Resident Weekday After,19,HOME,79.5
Resident Weekday After,20,HOME,78.5
Resident Weekday After,21,HOME,77.6
Resident Weekday After,22,HOME,77.07
Resident Weekday After,23,HOME,76.67
Resident Weekday After,24,HOME,76.28
Resident Weekday After,25,HOME,75.86
Resident Weekday After,26,HOME,75.88
Resident Weekday After,27,HOME,75.96
Resident Weekday After,28,HOME,75.96
Resident Weekday After,29,HOME,76.16
Resident Weekday After,30,HOME,76.42
Resident Weekday After,31,HOME,77.09
Resident Weekday After,32,HOME,78.13
Resident Weekday After,33,HOME,79.12
Resident Weekday After,34,HOME,80.51
Resident Weekday After,35,HOME,82.06
Resident Weekday After,36,HOME,83.21
Resident Weekday After,37,HOME,84.27
Resident Weekday After,38,HOME,85.17
Resident Weekday After,39,HOME,86.02
Resident Weekday After,40,HOME,86.53
Resident Weekday After,41,HOME,88.65
Resident Weekday After,42,HOME,89.28
Resident Weekday After,43,HOME,89.88
Resident Weekday After,44,HOME,90.22
Resident Weekday After,45,HOME,90.92
Resident Weekday After,46,HOME,91.33
Resident Weekday After,47,HOME,91.87
Resident Weekday After,48,HOME,92.28
Resident Weekday After,1,WORK,3.27
Resident Weekday After,2,WORK,3.11
Resident Weekday After,3,WORK,3
Resident Weekday After,4,WORK,2.93
Resident Weekday After,5,WORK,2.87
Resident Weekday After,6,WORK,2.85
Resident Weekday After,7,WORK,2.84
Resident Weekday After,8,WORK,2.86
Resident Weekday After,9,WORK,2.92
Resident Weekday After,10,WORK,3.03
Resident Weekday After,11,WORK,3.32
Resident Weekday After,12,WORK,3.77
Resident Weekday After,13,WORK,4.73
Resident Weekday After,14,WORK,6.01
Resident Weekday After,15,WORK,7.92
Resident Weekday After,16,WORK,9.29
Resident Weekday After,17,WORK,11.03
Resident Weekday After,18,WORK,12.33
Resident Weekday After,19,WORK,13.74
Resident Weekday After,20,WORK,14.42
Resident Weekday After,21,WORK,15.02
Resident Weekday After,22,WORK,15.36
Resident Weekday After,23,WORK,15.6
Resident Weekday After,24,WORK,15.82
Resident Weekday After,25,WORK,15.95
Resident Weekday After,26,WORK,15.91
Resident Weekday After,27,WORK,15.85
Resident Weekday After,28,WORK,15.79
Resident Weekday After,29,WORK,15.62
Resident Weekday After,30,WORK,15.36
Resident Weekday After,31,WORK,14.78
Resident Weekday After,32,WORK,13.8
Resident Weekday After,33,WORK,12.79
Resident Weekday After,34,WORK,11.47
Resident Weekday After,35,WORK,9.81
Resident Weekday After,36,WORK,8.64
Resident Weekday After,37,WORK,7.73
Resident Weekday After,38,WORK,7.07
Resident Weekday After,39,WORK,6.53
Resident Weekday After,40,WORK,6.18
Resident Weekday After,41,WORK,5.51
Resident Weekday After,42,WORK,5.2
Resident Weekday After,43,WORK,4.91
Resident Weekday After,44,WORK,4.71
Resident Weekday After,45,WORK,4.35
Resident Weekday After,46,WORK,4.12
Resident Weekday After,47,WORK,3.83
Resident Weekday After,48,WORK,3.59
Resident Weekday After,1,OTHER,3.68
Resident Weekday After,2,OTHER,3.53
Resident Weekday After,3,OTHER,3.35
Resident Weekday After,4,OTHER,3.25
Resident Weekday After,5,OTHER,3.17
Resident Weekday After,6,OTHER,3.13
Resident Weekday After,7,OTHER,3.06
Resident Weekday After,8,OTHER,3.08
Resident Weekday After,9,OTHER,3.06
Resident Weekday After,10,OTHER,3.11
Resident Weekday After,11,OTHER,3.3
Resident Weekday After,12,OTHER,3.63
Resident Weekday After,13,OTHER,4.04
Resident Weekday After,14,OTHER,4.56
Resident Weekday After,15,OTHER,5.11
Resident Weekday After,16,OTHER,5.6
Resident Weekday After,17,OTHER,6.07
Resident Weekday After,18,OTHER,6.52
Resident Weekday After,19,OTHER,6.76
Resident Weekday After,20,OTHER,7.08
Resident Weekday After,21,OTHER,7.38
Resident Weekday After,22,OTHER,7.58
Resident Weekday After,23,OTHER,7.73
Resident Weekday After,24,OTHER,7.9
Resident Weekday After,25,OTHER,8.19
Resident Weekday After,26,OTHER,8.21
Resident Weekday After,27,OTHER,8.19
Resident Weekday After,28,OTHER,8.25
Resident Weekday After,29,OTHER,8.22
Resident Weekday After,30,OTHER,8.22
Resident Weekday After,31,OTHER,8.13
Resident Weekday After,32,OTHER,8.07
Resident Weekday After,33,OTHER,8.08
Resident Weekday After,34,OTHER,8.02
Resident Weekday After,35,OTHER,8.13
Resident Weekday After,36,OTHER,8.15
Resident Weekday After,37,OTHER,8
Resident Weekday After,38,OTHER,7.76
Resident Weekday After,39,OTHER,7.45
Resident Weekday After,40,OTHER,7.29
Resident Weekday After,41,OTHER,5.84
Resident Weekday After,42,OTHER,5.52
Resident Weekday After,43,OTHER,5.21
Resident Weekday After,44,OTHER,5.07
Resident Weekday After,45,OTHER,4.73
Resident Weekday After,46,OTHER,4.55
Resident Weekday After,47,OTHER,4.31
Resident Weekday After,48,OTHER,4.13
Resident Weekend Before,1,HOME,81.74
Resident Weekend Before,2,HOME,83.04
Resident Weekend Before,3,HOME,84.27
Resident Weekend Before,4,HOME,85.07
Resident Weekend Before,5,HOME,85.81
Resident Weekend Before,6,HOME,86.27
Resident Weekend Before,7,HOME,86.59
Resident Weekend Before,8,HOME,86.92
Resident Weekend Before,9,HOME,87.19
Resident Weekend Before,10,HOME,87.23
Resident Weekend Before,11,HOME,87.14
Resident Weekend Before,12,HOME,86.73
Resident Weekend Before,13,HOME,85.96
Resident Weekend Before,14,HOME,84.91
Resident Weekend Before,15,HOME,83.29
Resident Weekend Before,16,HOME,81.7
Resident Weekend Before,17,HOME,79.51
Resident Weekend Before,18,HOME,77.41
Resident Weekend Before,19,HOME,74.58
Resident Weekend Before,20,HOME,72.11
Resident Weekend Before,21,HOME,69.39
Resident Weekend Before,22,HOME,67.4
Resident Weekend Before,23,HOME,65.53
Resident Weekend Before,24,HOME,64.25
Resident Weekend Before,25,HOME,63.34
Resident Weekend Before,26,HOME,62.45
Resident Weekend Before,27,HOME,62.04
Resident Weekend Before,28,HOME,61.74
Resident Weekend Before,29,HOME,61.94
Resident Weekend Before,30,HOME,62.2
Resident Weekend Before,31,HOME,62.67
Resident Weekend Before,32,HOME,63.26
Resident Weekend Before,33,HOME,63.88
Resident Weekend Before,34,HOME,64.43
Resident Weekend Before,35,HOME,64.97
Resident Weekend Before,36,HOME,65.42
Resident Weekend Before,37,HOME,66.23
Resident Weekend Before,38,HOME,66.65
Resident Weekend Before,39,HOME,68.03
Resident Weekend Before,40,HOME,68.61
Resident Weekend Before,41,HOME,70.11
Resident Weekend Before,42,HOME,71.73
Resident Weekend Before,43,HOME,73.78
Resident Weekend Before,44,HOME,75.61
Resident Weekend Before,45,HOME,77.67
Resident Weekend Before,46,HOME,79.57
Resident Weekend Before,47,HOME,81.55
Resident Weekend Before,48,HOME,82.8
Resident Weekend Before,1,WORK,4.61
Resident Weekend Before,2,WORK,4.3
Resident Weekend Before,3,WORK,4.06
Resident Weekend Before,4,WORK,3.92
Resident Weekend Before,5,WORK,3.81
Resident Weekend Before,6,WORK,3.75
Resident Weekend Before,7,WORK,3.7
Resident Weekend Before,8,WORK,3.66
Resident Weekend Before,9,WORK,3.65
Resident Weekend Before,10,WORK,3.7
Resident Weekend Before,11,WORK,3.84
Resident Weekend Before,12,WORK,4.08
Resident Weekend Before,13,WORK,4.54
Resident Weekend Before,14,WORK,5.04
Resident Weekend Before,15,WORK,5.88
Resident Weekend Before,16,WORK,6.52
Resident Weekend Before,17,WORK,7.37
Resident Weekend Before,18,WORK,8.12
Resident Weekend Before,19,WORK,9.01
Resident Weekend Before,20,WORK,9.68
Resident Weekend Before,21,WORK,10.42
Resident Weekend Before,22,WORK,10.88
Resident Weekend Before,23,WORK,11.32
Resident Weekend Before,24,WORK,11.6
Resident Weekend Before,25,WORK,11.85
Resident Weekend Before,26,WORK,11.84
Resident Weekend Before,27,WORK,11.78
Resident Weekend Before,28,WORK,11.74
Resident Weekend Before,29,WORK,11.6
Resident Weekend Before,30,WORK,11.44
Resident Weekend Before,31,WORK,11.28
Resident Weekend Before,32,WORK,10.93
Resident Weekend Before,33,WORK,10.6
Resident Weekend Before,34,WORK,10.22
Resident Weekend Before,35,WORK,9.83
Resident Weekend Before,36,WORK,9.44
Resident Weekend Before,37,WORK,8.86
Resident Weekend Before,38,WORK,8.45
Resident Weekend Before,39,WORK,7.84
Resident Weekend Before,40,WORK,7.55
Resident Weekend Before,41,WORK,7.14
Resident Weekend Before,42,WORK,6.83
Resident Weekend Before,43,WORK,6.48
Resident Weekend Before,44,WORK,6.17
Resident Weekend Before,45,WORK,5.76
Resident Weekend Before,46,WORK,5.46
Resident Weekend Before,47,WORK,5.01
Resident Weekend Before,48,WORK,4.73
Resident Weekend Before,1,OTHER,13.65
Resident Weekend Before,2,OTHER,12.66
Resident Weekend Before,3,OTHER,11.67
Resident Weekend Before,4,OTHER,11.01
Resident Weekend Before,5,OTHER,10.38
Resident Weekend Before,6,OTHER,9.98
Resident Weekend Before,7,OTHER,9.71
Resident Weekend Before,8,OTHER,9.42
Resident Weekend Before,9,OTHER,9.16
Resident Weekend Before,10,OTHER,9.07
Resident Weekend Before,11,OTHER,9.02
Resident Weekend Before,12,OTHER,9.19
Resident Weekend Before,13,OTHER,9.5
Resident Weekend Before,14,OTHER,10.04
Resident Weekend Before,15,OTHER,10.83
Resident Weekend Before,16,OTHER,11.78
Resident Weekend Before,17,OTHER,13.12
Resident Weekend Before,18,OTHER,14.48
Resident Weekend Before,19,OTHER,16.41
Resident Weekend Before,20,OTHER,18.21
Resident Weekend Before,21,OTHER,20.18
Resident Weekend Before,22,OTHER,21.73
Resident Weekend Before,23,OTHER,23.15
Resident Weekend Before,24,OTHER,24.16
Resident Weekend Before,25,OTHER,24.81
Resident Weekend Before,26,OTHER,25.71
Resident Weekend Before,27,OTHER,26.18
Resident Weekend Before,28,OTHER,26.52
Resident Weekend Before,29,OTHER,26.46
Resident Weekend Before,30,OTHER,26.36
Resident Weekend Before,31,OTHER,26.05
Resident Weekend Before,32,OTHER,25.81
Resident Weekend Before,33,OTHER,25.52
Resident Weekend Before,34,OTHER,25.35
Resident Weekend Before,35,OTHER,25.2
Resident Weekend Before,36,OTHER,25.14
Resident Weekend Before,37,OTHER,24.91
Resident Weekend Before,38,OTHER,24.9
Resident Weekend Before,39,OTHER,24.13
Resident Weekend Before,40,OTHER,23.84
Resident Weekend Before,41,OTHER,22.76
Resident Weekend Before,42,OTHER,21.44
Resident Weekend Before,43,OTHER,19.75
Resident Weekend Before,44,OTHER,18.22
Resident Weekend Before,45,OTHER,16.57
Resident Weekend Before,46,OTHER,14.97
Resident Weekend Before,47,OTHER,13.44
Resident Weekend Before,48,OTHER,12.47
Resident Weekend After,1,HOME,91.81
Resident Weekend After,2,HOME,92.19
Resident Weekend After,3,HOME,92.53
Resident Weekend After,4,HOME,92.71
Resident Weekend After,5,HOME,92.93
Resident Weekend After,6,HOME,93.08
Resident Weekend After,7,HOME,93.22
Resident Weekend After,8,HOME,93.27
Resident Weekend After,9,HOME,93.33
Resident Weekend After,10,HOME,93.29
Resident Weekend After,11,HOME,93.16
Resident Weekend After,12,HOME,92.87
Resident Weekend After,13,HOME,92.34
Resident Weekend After,14,HOME,91.59
Resident Weekend After,15,HOME,90.46
Resident Weekend After,16,HOME,89.68
Resident Weekend After,17,HOME,88.71
Resident Weekend After,18,HOME,87.97
Resident Weekend After,19,HOME,87.18
Resident Weekend After,20,HOME,86.51
Resident Weekend After,21,HOME,85.59
Resident Weekend After,22,HOME,85.01
Resident Weekend After,23,HOME,84.56
Resident Weekend After,24,HOME,84.16
Resident Weekend After,25,HOME,83.86
Resident Weekend After,26,HOME,83.56
Resident Weekend After,27,HOME,83.35
Resident Weekend After,28,HOME,82.98
Resident Weekend After,29,HOME,82.68
Resident Weekend After,30,HOME,82.48
Resident Weekend After,31,HOME,82.42
Resident Weekend After,32,HOME,82.57
Resident Weekend After,33,HOME,82.62
Resident Weekend After,34,HOME,82.82
Resident Weekend After,35,HOME,83.25
Resident Weekend After,36,HOME,83.36
Resident Weekend After,37,HOME,83.98
Resident Weekend After,38,HOME,84.52
Resident Weekend After,39,HOME,85.28
Resident Weekend After,40,HOME,85.72
Resident Weekend After,41,HOME,88.2
Resident Weekend After,42,HOME,88.84
Resident Weekend After,43,HOME,89.46
Resident Weekend After,44,HOME,89.92
Resident Weekend After,45,HOME,90.52
Resident Weekend After,46,HOME,90.97
Resident Weekend After,47,HOME,91.55
Resident Weekend After,48,HOME,92
Resident Weekend After,1,WORK,3.43
Resident Weekend After,2,WORK,3.27
Resident Weekend After,3,WORK,3.15
Resident Weekend After,4,WORK,3.08
Resident Weekend After,5,WORK,3
Resident Weekend After,6,WORK,2.94
Resident Weekend After,7,WORK,2.89
Resident Weekend After,8,WORK,2.88
Resident Weekend After,9,WORK,2.88
Resident Weekend After,10,WORK,2.91
Resident Weekend After,11,WORK,3.01
Resident Weekend After,12,WORK,3.17
Resident Weekend After,13,WORK,3.5
Resident Weekend After,14,WORK,3.91
Resident Weekend After,15,WORK,4.59
Resident Weekend After,16,WORK,4.98
Resident Weekend After,17,WORK,5.5
Resident Weekend After,18,WORK,5.83
Resident Weekend After,19,WORK,6.23
Resident Weekend After,20,WORK,6.5
Resident Weekend After,21,WORK,6.95
Resident Weekend After,22,WORK,7.14
Resident Weekend After,23,WORK,7.31
Resident Weekend After,24,WORK,7.42
Resident Weekend After,25,WORK,7.47
Resident Weekend After,26,WORK,7.54
Resident Weekend After,27,WORK,7.5
Resident Weekend After,28,WORK,7.53
Resident Weekend After,29,WORK,7.53
Resident Weekend After,30,WORK,7.49
Resident Weekend After,31,WORK,7.42
Resident Weekend After,32,WORK,7.23
Resident Weekend After,33,WORK,7.08
Resident Weekend After,34,WORK,6.91
Resident Weekend After,35,WORK,6.64
Resident Weekend After,36,WORK,6.49
Resident Weekend After,37,WORK,6.24
Resident Weekend After,38,WORK,6
Resident Weekend After,39,WORK,5.74
Resident Weekend After,40,WORK,5.58
Resident Weekend After,41,WORK,4.94
Resident Weekend After,42,WORK,4.72
Resident Weekend After,43,WORK,4.49
Resident Weekend After,44,WORK,4.33
Resident Weekend After,45,WORK,4.08
Resident Weekend After,46,WORK,3.88
Resident Weekend After,47,WORK,3.65
Resident Weekend After,48,WORK,3.46
Resident Weekend After,1,OTHER,4.76
Resident Weekend After,2,OTHER,4.54
Resident Weekend After,3,OTHER,4.32
Resident Weekend After,4,OTHER,4.21
Resident Weekend After,5,OTHER,4.07
Resident Weekend After,6,OTHER,3.98
Resident Weekend After,7,OTHER,3.88
Resident Weekend After,8,OTHER,3.85
Resident Weekend After,9,OTHER,3.79
Resident Weekend After,10,OTHER,3.79
Resident Weekend After,11,OTHER,3.83
Resident Weekend After,12,OTHER,3.96
Resident Weekend After,13,OTHER,4.16
Resident Weekend After,14,OTHER,4.5
Resident Weekend After,15,OTHER,4.95
Resident Weekend After,16,OTHER,5.34
Resident Weekend After,17,OTHER,5.8
Resident Weekend After,18,OTHER,6.2
Resident Weekend After,19,OTHER,6.59
Resident Weekend After,20,OTHER,6.99
Resident Weekend After,21,OTHER,7.46
Resident Weekend After,22,OTHER,7.85
Resident Weekend After,23,OTHER,8.14
Resident Weekend After,24,OTHER,8.42
Resident Weekend After,25,OTHER,8.67
Resident Weekend After,26,OTHER,8.9
Resident Weekend After,27,OTHER,9.15
Resident Weekend After,28,OTHER,9.49
Resident Weekend After,29,OTHER,9.79
Resident Weekend After,30,OTHER,10.03
Resident Weekend After,31,OTHER,10.16
Resident Weekend After,32,OTHER,10.2
Resident Weekend After,33,OTHER,10.3
Resident Weekend After,34,OTHER,10.26
Resident Weekend After,35,OTHER,10.11
Resident Weekend After,36,OTHER,10.15
Resident Weekend After,37,OTHER,9.78
Resident Weekend After,38,OTHER,9.48
Resident Weekend After,39,OTHER,8.98
Resident Weekend After,40,OTHER,8.7
Resident Weekend After,41,OTHER,6.87
Resident Weekend After,42,OTHER,6.44
Resident Weekend After,43,OTHER,6.05
Resident Weekend After,44,OTHER,5.75
Resident Weekend After,45,OTHER,5.4
Resident Weekend After,46,OTHER,5.15
Resident Weekend After,47,OTHER,4.8
Resident Weekend After,48,OTHER,4.54
Visitor Weekday Before,1,HOME,76.25
Visitor Weekday Before,2,HOME,77.09
Visitor Weekday Before,3,HOME,77.89
Visitor Weekday Before,4,HOME,78.45
Visitor Weekday Before,5,HOME,78.85
Visitor Weekday Before,6,HOME,79.13
Visitor Weekday Before,7,HOME,79.38
Visitor Weekday Before,8,HOME,79.4
Visitor Weekday Before,9,HOME,79.16
Visitor Weekday Before,10,HOME,78.53
Visitor Weekday Before,11,HOME,77.34
Visitor Weekday Before,12,HOME,75.46
Visitor Weekday Before,13,HOME,72.57
Visitor Weekday Before,14,HOME,68.98
Visitor Weekday Before,15,HOME,63
Visitor Weekday Before,16,HOME,55.68
Visitor Weekday Before,17,HOME,49.05
Visitor Weekday Before,18,HOME,44.08
Visitor Weekday Before,19,HOME,40.46
Visitor Weekday Before,20,HOME,38.2
Visitor Weekday Before,21,HOME,36.52
Visitor Weekday Before,22,HOME,35.36
Visitor Weekday Before,23,HOME,34.59
Visitor Weekday Before,24,HOME,34.04
Visitor Weekday Before,25,HOME,33.96
Visitor Weekday Before,26,HOME,33.84
Visitor Weekday Before,27,HOME,34.03
Visitor Weekday Before,28,HOME,34.25
Visitor Weekday Before,29,HOME,34.69
Visitor Weekday Before,30,HOME,36.1
Visitor Weekday Before,31,HOME,38.5
Visitor Weekday Before,32,HOME,40.98
Visitor Weekday Before,33,HOME,43.57
Visitor Weekday Before,34,HOME,46.25
Visitor Weekday Before,35,HOME,49.52
Visitor Weekday Before,36,HOME,52.09
Visitor Weekday Before,37,HOME,53.98
Visitor Weekday Before,38,HOME,54.56
Visitor Weekday Before,39,HOME,56.79
Visitor Weekday Before,40,HOME,57.69
Visitor Weekday Before,41,HOME,60.01
Visitor Weekday Before,42,HOME,62.28
Visitor Weekday Before,43,HOME,65.06
Visitor Weekday Before,44,HOME,67.11
Visitor Weekday Before,45,HOME,69.33
Visitor Weekday Before,46,HOME,70.55
Visitor Weekday Before,47,HOME,72.53
Visitor Weekday Before,48,HOME,73.42
Visitor Weekday Before,1,WORK,6.68
Visitor Weekday Before,2,WORK,6.38
Visitor Weekday Before,3,WORK,6.12
Visitor Weekday Before,4,WORK,5.93
Visitor Weekday Before,5,WORK,5.79
Visitor Weekday Before,6,WORK,5.7
Visitor Weekday Before,7,WORK,5.66
Visitor Weekday Before,8,WORK,5.66
Visitor Weekday Before,9,WORK,5.76
Visitor Weekday Before,10,WORK,5.97
Visitor Weekday Before,11,WORK,6.45
Visitor Weekday Before,12,WORK,7.27
Visitor Weekday Before,13,WORK,8.97
Visitor Weekday Before,14,WORK,11.14
Visitor Weekday Before,15,WORK,15.59
Visitor Weekday Before,16,WORK,21.48
Visitor Weekday Before,17,WORK,27.26
Visitor Weekday Before,18,WORK,31.32
Visitor Weekday Before,19,WORK,34.54
Visitor Weekday Before,20,WORK,36.1
Visitor Weekday Before,21,WORK,37.07
Visitor Weekday Before,22,WORK,37.77
Visitor Weekday Before,23,WORK,38.22
Visitor Weekday Before,24,WORK,38.23
Visitor Weekday Before,25,WORK,37.79
Visitor Weekday Before,26,WORK,37.53
Visitor Weekday Before,27,WORK,37.81
Visitor Weekday Before,28,WORK,37.79
Visitor Weekday Before,29,WORK,37.69
Visitor Weekday Before,30,WORK,36.18
Visitor Weekday Before,31,WORK,34.16
Visitor Weekday Before,32,WORK,31.41
Visitor Weekday Before,33,WORK,28.34
Visitor Weekday Before,34,WORK,24.98
Visitor Weekday Before,35,WORK,20.56
Visitor Weekday Before,36,WORK,17.27
Visitor Weekday Before,37,WORK,14.86
Visitor Weekday Before,38,WORK,13.49
Visitor Weekday Before,39,WORK,12.1
Visitor Weekday Before,40,WORK,11.54
Visitor Weekday Before,41,WORK,10.88
Visitor Weekday Before,42,WORK,10.4
Visitor Weekday Before,43,WORK,9.79
Visitor Weekday Before,44,WORK,9.31
Visitor Weekday Before,45,WORK,8.62
Visitor Weekday Before,46,WORK,8.22
Visitor Weekday Before,47,WORK,7.58
Visitor Weekday Before,48,WORK,7.21
Visitor Weekday Before,1,OTHER,17.07
Visitor Weekday Before,2,OTHER,16.52
Visitor Weekday Before,3,OTHER,15.99
Visitor Weekday Before,4,OTHER,15.62
Visitor Weekday Before,5,OTHER,15.36
Visitor Weekday Before,6,OTHER,15.17
Visitor Weekday Before,7,OTHER,14.96
Visitor Weekday Before,8,OTHER,14.93
Visitor Weekday Before,9,OTHER,15.08
Visitor Weekday Before,10,OTHER,15.49
Visitor Weekday Before,11,OTHER,16.21
Visitor Weekday Before,12,OTHER,17.27
Visitor Weekday Before,13,OTHER,18.46
Visitor Weekday Before,14,OTHER,19.88
Visitor Weekday Before,15,OTHER,21.4
Visitor Weekday Before,16,OTHER,22.84
Visitor Weekday Before,17,OTHER,23.69
Visitor Weekday Before,18,OTHER,24.6
Visitor Weekday Before,19,OTHER,25
Visitor Weekday Before,20,OTHER,25.7
Visitor Weekday Before,21,OTHER,26.41
Visitor Weekday Before,22,OTHER,26.87
Visitor Weekday Before,23,OTHER,27.19
Visitor Weekday Before,24,OTHER,27.74
Visitor Weekday Before,25,OTHER,28.25
Visitor Weekday Before,26,OTHER,28.64
Visitor Weekday Before,27,OTHER,28.16
Visitor Weekday Before,28,OTHER,27.96
Visitor Weekday Before,29,OTHER,27.62
Visitor Weekday Before,30,OTHER,27.72
Visitor Weekday Before,31,OTHER,27.34
Visitor Weekday Before,32,OTHER,27.61
Visitor Weekday Before,33,OTHER,28.09
Visitor Weekday Before,34,OTHER,28.76
Visitor Weekday Before,35,OTHER,29.92
Visitor Weekday Before,36,OTHER,30.64
Visitor Weekday Before,37,OTHER,31.15
Visitor Weekday Before,38,OTHER,31.95
Visitor Weekday Before,39,OTHER,31.11
Visitor Weekday Before,40,OTHER,30.77
Visitor Weekday Before,41,OTHER,29.1
Visitor Weekday Before,42,OTHER,27.32
Visitor Weekday Before,43,OTHER,25.15
Visitor Weekday Before,44,OTHER,23.58
Visitor Weekday Before,45,OTHER,22.05
Visitor Weekday Before,46,OTHER,21.23
Visitor Weekday Before,47,OTHER,19.89
Visitor Weekday Before,48,OTHER,19.37
Visitor Weekday After,1,HOME,83.56
Visitor Weekday After,2,HOME,83.86
Visitor Weekday After,3,HOME,84.21
Visitor Weekday After,4,HOME,84.4
Visitor Weekday After,5,HOME,84.59
Visitor Weekday After,6,HOME,84.67
Visitor Weekday After,7,HOME,84.81
Visitor Weekday After,8,HOME,84.75
Visitor Weekday After,9,HOME,84.7
Visitor Weekday After,10,HOME,84.48
Visitor Weekday After,11,HOME,83.91
Visitor Weekday After,12,HOME,82.97
Visitor Weekday After,13,HOME,81.29
Visitor Weekday After,14,HOME,79.36
Visitor Weekday After,15,HOME,76.91
Visitor Weekday After,16,HOME,74.97
Visitor Weekday After,17,HOME,72.6
Visitor Weekday After,18,HOME,70.85
Visitor Weekday After,19,HOME,69.35
Visitor Weekday After,20,HOME,68.35
Visitor Weekday After,21,HOME,67.46
Visitor Weekday After,22,HOME,66.83
Visitor Weekday After,23,HOME,66.36
Visitor Weekday After,24,HOME,65.9
Visitor Weekday After,25,HOME,65.56
Visitor Weekday After,26,HOME,65.46
Visitor Weekday After,27,HOME,65.6
Visitor Weekday After,28,HOME,65.57
Visitor Weekday After,29,HOME,65.75
Visitor Weekday After,30,HOME,66.07
Visitor Weekday After,31,HOME,66.74
Visitor Weekday After,32,HOME,67.82
Visitor Weekday After,33,HOME,69.02
Visitor Weekday After,34,HOME,70.35
Visitor Weekday After,35,HOME,72.07
Visitor Weekday After,36,HOME,73.1
Visitor Weekday After,37,HOME,73.84
Visitor Weekday After,38,HOME,74.35
Visitor Weekday After,39,HOME,75.4
Visitor Weekday After,40,HOME,75.66
Visitor Weekday After,41,HOME,78.25
Visitor Weekday After,42,HOME,78.85
Visitor Weekday After,43,HOME,79.59
Visitor Weekday After,44,HOME,79.93
Visitor Weekday After,45,HOME,80.91
Visitor Weekday After,46,HOME,81.36
Visitor Weekday After,47,HOME,82.13
Visitor Weekday After,48,HOME,82.58
Visitor Weekday After,1,WORK,4.96
Visitor Weekday After,2,WORK,4.81
Visitor Weekday After,3,WORK,4.67
Visitor Weekday After,4,WORK,4.57
Visitor Weekday After,5,WORK,4.48
Visitor Weekday After,6,WORK,4.44
Visitor Weekday After,7,WORK,4.4
Visitor Weekday After,8,WORK,4.42
Visitor Weekday After,9,WORK,4.52
Visitor Weekday After,10,WORK,4.64
Visitor Weekday After,11,WORK,4.96
Visitor Weekday After,12,WORK,5.52
Visitor Weekday After,13,WORK,6.64
Visitor Weekday After,14,WORK,8.07
Visitor Weekday After,15,WORK,10.1
Visitor Weekday After,16,WORK,11.68
Visitor Weekday After,17,WORK,13.68
Visitor Weekday After,18,WORK,15.01
Visitor Weekday After,19,WORK,16.34
Visitor Weekday After,20,WORK,17.01
Visitor Weekday After,21,WORK,17.56
Visitor Weekday After,22,WORK,17.91
Visitor Weekday After,23,WORK,18.2
Visitor Weekday After,24,WORK,18.42
Visitor Weekday After,25,WORK,18.4
Visitor Weekday After,26,WORK,18.4
Visitor Weekday After,27,WORK,18.36
Visitor Weekday After,28,WORK,18.33
Visitor Weekday After,29,WORK,18.23
Visitor Weekday After,30,WORK,17.88
Visitor Weekday After,31,WORK,17.33
Visitor Weekday After,32,WORK,16.28
Visitor Weekday After,33,WORK,15.09
Visitor Weekday After,34,WORK,13.65
Visitor Weekday After,35,WORK,11.61
Visitor Weekday After,36,WORK,10.29
Visitor Weekday After,37,WORK,9.42
Visitor Weekday After,38,WORK,8.87
Visitor Weekday After,39,WORK,8.3
Visitor Weekday After,40,WORK,8.07
Visitor Weekday After,41,WORK,7.36
Visitor Weekday After,42,WORK,7.09
Visitor Weekday After,43,WORK,6.78
Visitor Weekday After,44,WORK,6.55
Visitor Weekday After,45,WORK,6.13
Visitor Weekday After,46,WORK,5.89
Visitor Weekday After,47,WORK,5.54
Visitor Weekday After,48,WORK,5.29
Visitor Weekday After,1,OTHER,11.48
Visitor Weekday After,2,OTHER,11.33
Visitor Weekday After,3,OTHER,11.12
Visitor Weekday After,4,OTHER,11.03
Visitor Weekday After,5,OTHER,10.93
Visitor Weekday After,6,OTHER,10.89
Visitor Weekday After,7,OTHER,10.79
Visitor Weekday After,8,OTHER,10.83
Visitor Weekday After,9,OTHER,10.78
Visitor Weekday After,10,OTHER,10.88
Visitor Weekday After,11,OTHER,11.12
Visitor Weekday After,12,OTHER,11.51
Visitor Weekday After,13,OTHER,12.07
Visitor Weekday After,14,OTHER,12.57
Visitor Weekday After,15,OTHER,12.99
Visitor Weekday After,16,OTHER,13.35
Visitor Weekday After,17,OTHER,13.72
Visitor Weekday After,18,OTHER,14.13
Visitor Weekday After,19,OTHER,14.31
Visitor Weekday After,20,OTHER,14.64
Visitor Weekday After,21,OTHER,14.97
Visitor Weekday After,22,OTHER,15.26
Visitor Weekday After,23,OTHER,15.44
Visitor Weekday After,24,OTHER,15.68
Visitor Weekday After,25,OTHER,16.04
Visitor Weekday After,26,OTHER,16.14
Visitor Weekday After,27,OTHER,16.03
Visitor Weekday After,28,OTHER,16.1
Visitor Weekday After,29,OTHER,16.03
Visitor Weekday After,30,OTHER,16.05
Visitor Weekday After,31,OTHER,15.93
Visitor Weekday After,32,OTHER,15.9
Visitor Weekday After,33,OTHER,15.9
Visitor Weekday After,34,OTHER,16.01
Visitor Weekday After,35,OTHER,16.31
Visitor Weekday After,36,OTHER,16.6
Visitor Weekday After,37,OTHER,16.74
Visitor Weekday After,38,OTHER,16.79
Visitor Weekday After,39,OTHER,16.3
Visitor Weekday After,40,OTHER,16.27
Visitor Weekday After,41,OTHER,14.39
Visitor Weekday After,42,OTHER,14.06
Visitor Weekday After,43,OTHER,13.63
Visitor Weekday After,44,OTHER,13.52
Visitor Weekday After,45,OTHER,12.97
Visitor Weekday After,46,OTHER,12.75
Visitor Weekday After,47,OTHER,12.33
Visitor Weekday After,48,OTHER,12.13
Visitor Weekend Before,1,HOME,70.2
Visitor Weekend Before,2,HOME,71.5
Visitor Weekend Before,3,HOME,72.83
Visitor Weekend Before,4,HOME,73.74
Visitor Weekend Before,5,HOME,74.65
Visitor Weekend Before,6,HOME,75.23
Visitor Weekend Before,7,HOME,75.53
Visitor Weekend Before,8,HOME,75.86
Visitor Weekend Before,9,HOME,76.08
Visitor Weekend Before,10,HOME,76.11
Visitor Weekend Before,11,HOME,75.88
Visitor Weekend Before,12,HOME,75.39
Visitor Weekend Before,13,HOME,74.56
Visitor Weekend Before,14,HOME,73.45
Visitor Weekend Before,15,HOME,71.98
Visitor Weekend Before,16,HOME,70.43
Visitor Weekend Before,17,HOME,68.53
Visitor Weekend Before,18,HOME,66.56
Visitor Weekend Before,19,HOME,64.06
Visitor Weekend Before,20,HOME,61.74
Visitor Weekend Before,21,HOME,59.21
Visitor Weekend Before,22,HOME,57.23
Visitor Weekend Before,23,HOME,55.63
Visitor Weekend Before,24,HOME,54.46
Visitor Weekend Before,25,HOME,53.99
Visitor Weekend Before,26,HOME,53.49
Visitor Weekend Before,27,HOME,53.35
Visitor Weekend Before,28,HOME,53.2
Visitor Weekend Before,29,HOME,53.37
Visitor Weekend Before,30,HOME,53.65
Visitor Weekend Before,31,HOME,54.2
Visitor Weekend Before,32,HOME,54.46
Visitor Weekend Before,33,HOME,54.78
Visitor Weekend Before,34,HOME,54.79
Visitor Weekend Before,35,HOME,54.88
Visitor Weekend Before,36,HOME,54.83
Visitor Weekend Before,37,HOME,55.86
Visitor Weekend Before,38,HOME,55.91
Visitor Weekend Before,39,HOME,58.33
Visitor Weekend Before,40,HOME,58.91
Visitor Weekend Before,41,HOME,60.52
Visitor Weekend Before,42,HOME,62.06
Visitor Weekend Before,43,HOME,64.1
Visitor Weekend Before,44,HOME,65.76
Visitor Weekend Before,45,HOME,67.76
Visitor Weekend Before,46,HOME,69.22
Visitor Weekend Before,47,HOME,71
Visitor Weekend Before,48,HOME,71.98
Visitor Weekend Before,1,WORK,6.43
Visitor Weekend Before,2,WORK,6.09
Visitor Weekend Before,3,WORK,5.75
Visitor Weekend Before,4,WORK,5.54
Visitor Weekend Before,5,WORK,5.37
Visitor Weekend Before,6,WORK,5.24
Visitor Weekend Before,7,WORK,5.15
Visitor Weekend Before,8,WORK,5.09
Visitor Weekend Before,9,WORK,5.08
Visitor Weekend Before,10,WORK,5.09
Visitor Weekend Before,11,WORK,5.25
Visitor Weekend Before,12,WORK,5.49
Visitor Weekend Before,13,WORK,5.95
Visitor Weekend Before,14,WORK,6.44
Visitor Weekend Before,15,WORK,7.17
Visitor Weekend Before,16,WORK,7.72
Visitor Weekend Before,17,WORK,8.37
Visitor Weekend Before,18,WORK,8.95
Visitor Weekend Before,19,WORK,9.58
Visitor Weekend Before,20,WORK,10.08
Visitor Weekend Before,21,WORK,10.73
Visitor Weekend Before,22,WORK,11.1
Visitor Weekend Before,23,WORK,11.36
Visitor Weekend Before,24,WORK,11.58
Visitor Weekend Before,25,WORK,11.62
Visitor Weekend Before,26,WORK,11.63
Visitor Weekend Before,27,WORK,11.55
Visitor Weekend Before,28,WORK,11.5
Visitor Weekend Before,29,WORK,11.41
Visitor Weekend Before,30,WORK,11.31
Visitor Weekend Before,31,WORK,11.21
Visitor Weekend Before,32,WORK,11.12
Visitor Weekend Before,33,WORK,10.95
Visitor Weekend Before,34,WORK,10.85
Visitor Weekend Before,35,WORK,10.62
Visitor Weekend Before,36,WORK,10.37
Visitor Weekend Before,37,WORK,9.81
Visitor Weekend Before,38,WORK,9.63
Visitor Weekend Before,39,WORK,8.94
Visitor Weekend Before,40,WORK,8.86
Visitor Weekend Before,41,WORK,8.62
Visitor Weekend Before,42,WORK,8.52
Visitor Weekend Before,43,WORK,8.19
Visitor Weekend Before,44,WORK,7.95
Visitor Weekend Before,45,WORK,7.52
Visitor Weekend Before,46,WORK,7.27
Visitor Weekend Before,47,WORK,6.81
Visitor Weekend Before,48,WORK,6.56
Visitor Weekend Before,1,OTHER,23.37
Visitor Weekend Before,2,OTHER,22.41
Visitor Weekend Before,3,OTHER,21.42
Visitor Weekend Before,4,OTHER,20.72
Visitor Weekend Before,5,OTHER,19.98
Visitor Weekend Before,6,OTHER,19.53
Visitor Weekend Before,7,OTHER,19.32
Visitor Weekend Before,8,OTHER,19.06
Visitor Weekend Before,9,OTHER,18.84
Visitor Weekend Before,10,OTHER,18.8
Visitor Weekend Before,11,OTHER,18.87
Visitor Weekend Before,12,OTHER,19.12
Visitor Weekend Before,13,OTHER,19.48
Visitor Weekend Before,14,OTHER,20.11
Visitor Weekend Before,15,OTHER,20.85
Visitor Weekend Before,16,OTHER,21.85
Visitor Weekend Before,17,OTHER,23.1
Visitor Weekend Before,18,OTHER,24.49
Visitor Weekend Before,19,OTHER,26.37
Visitor Weekend Before,20,OTHER,28.18
Visitor Weekend Before,21,OTHER,30.05
Visitor Weekend Before,22,OTHER,31.67
Visitor Weekend Before,23,OTHER,33
Visitor Weekend Before,24,OTHER,33.96
Visitor Weekend Before,25,OTHER,34.39
Visitor Weekend Before,26,OTHER,34.88
Visitor Weekend Before,27,OTHER,35.1
Visitor Weekend Before,28,OTHER,35.29
Visitor Weekend Before,29,OTHER,35.22
Visitor Weekend Before,30,OTHER,35.05
Visitor Weekend Before,31,OTHER,34.59
Visitor Weekend Before,32,OTHER,34.42
Visitor Weekend Before,33,OTHER,34.26
Visitor Weekend Before,34,OTHER,34.36
Visitor Weekend Before,35,OTHER,34.51
Visitor Weekend Before,36,OTHER,34.8
Visitor Weekend Before,37,OTHER,34.33
Visitor Weekend Before,38,OTHER,34.46
Visitor Weekend Before,39,OTHER,32.73
Visitor Weekend Before,40,OTHER,32.23
Visitor Weekend Before,41,OTHER,30.86
Visitor Weekend Before,42,OTHER,29.42
Visitor Weekend Before,43,OTHER,27.71
Visitor Weekend Before,44,OTHER,26.29
Visitor Weekend Before,45,OTHER,24.72
Visitor Weekend Before,46,OTHER,23.5
Visitor Weekend Before,47,OTHER,22.19
Visitor Weekend Before,48,OTHER,21.46
Visitor Weekend After,1,HOME,82.45
Visitor Weekend After,2,HOME,82.9
Visitor Weekend After,3,HOME,83.44
Visitor Weekend After,4,HOME,83.74
Visitor Weekend After,5,HOME,84.15
Visitor Weekend After,6,HOME,84.28
Visitor Weekend After,7,HOME,84.58
Visitor Weekend After,8,HOME,84.62
Visitor Weekend After,9,HOME,84.75
Visitor Weekend After,10,HOME,84.75
Visitor Weekend After,11,HOME,84.61
Visitor Weekend After,12,HOME,84.31
Visitor Weekend After,13,HOME,83.75
Visitor Weekend After,14,HOME,82.98
Visitor Weekend After,15,HOME,82
Visitor Weekend After,16,HOME,81.37
Visitor Weekend After,17,HOME,80.58
Visitor Weekend After,18,HOME,79.88
Visitor Weekend After,19,HOME,79.1
Visitor Weekend After,20,HOME,78.25
Visitor Weekend After,21,HOME,77.03
Visitor Weekend After,22,HOME,76.14
Visitor Weekend After,23,HOME,75.53
Visitor Weekend After,24,HOME,74.87
Visitor Weekend After,25,HOME,74.55
Visitor Weekend After,26,HOME,74.02
Visitor Weekend After,27,HOME,73.77
Visitor Weekend After,28,HOME,73.38
Visitor Weekend After,29,HOME,73.15
Visitor Weekend After,30,HOME,72.89
Visitor Weekend After,31,HOME,72.86
Visitor Weekend After,32,HOME,72.89
Visitor Weekend After,33,HOME,73.06
Visitor Weekend After,34,HOME,73
Visitor Weekend After,35,HOME,73.47
Visitor Weekend After,36,HOME,73.21
Visitor Weekend After,37,HOME,73.52
Visitor Weekend After,38,HOME,73.68
Visitor Weekend After,39,HOME,74.82
Visitor Weekend After,40,HOME,75.09
Visitor Weekend After,41,HOME,78.29
Visitor Weekend After,42,HOME,78.89
Visitor Weekend After,43,HOME,79.78
Visitor Weekend After,44,HOME,80.27
Visitor Weekend After,45,HOME,81.15
Visitor Weekend After,46,HOME,81.67
Visitor Weekend After,47,HOME,82.47
Visitor Weekend After,48,HOME,82.98
Visitor Weekend After,1,WORK,5.03
Visitor Weekend After,2,WORK,4.88
Visitor Weekend After,3,WORK,4.66
Visitor Weekend After,4,WORK,4.56
Visitor Weekend After,5,WORK,4.46
Visitor Weekend After,6,WORK,4.4
Visitor Weekend After,7,WORK,4.31
Visitor Weekend After,8,WORK,4.28
Visitor Weekend After,9,WORK,4.28
Visitor Weekend After,10,WORK,4.31
Visitor Weekend After,11,WORK,4.41
Visitor Weekend After,12,WORK,4.6
Visitor Weekend After,13,WORK,4.91
Visitor Weekend After,14,WORK,5.33
Visitor Weekend After,15,WORK,5.86
Visitor Weekend After,16,WORK,6.21
Visitor Weekend After,17,WORK,6.66
Visitor Weekend After,18,WORK,6.99
Visitor Weekend After,19,WORK,7.37
Visitor Weekend After,20,WORK,7.66
Visitor Weekend After,21,WORK,8.13
Visitor Weekend After,22,WORK,8.4
Visitor Weekend After,23,WORK,8.56
Visitor Weekend After,24,WORK,8.74
Visitor Weekend After,25,WORK,8.78
Visitor Weekend After,26,WORK,8.81
Visitor Weekend After,27,WORK,8.78
Visitor Weekend After,28,WORK,8.78
Visitor Weekend After,29,WORK,8.72
Visitor Weekend After,30,WORK,8.68
Visitor Weekend After,31,WORK,8.61
Visitor Weekend After,32,WORK,8.49
Visitor Weekend After,33,WORK,8.33
Visitor Weekend After,34,WORK,8.26
Visitor Weekend After,35,WORK,7.98
Visitor Weekend After,36,WORK,7.91
Visitor Weekend After,37,WORK,7.75
Visitor Weekend After,38,WORK,7.6
Visitor Weekend After,39,WORK,7.31
Visitor Weekend After,40,WORK,7.24
Visitor Weekend After,41,WORK,6.48
Visitor Weekend After,42,WORK,6.37
Visitor Weekend After,43,WORK,6.13
Visitor Weekend After,44,WORK,5.97
Visitor Weekend After,45,WORK,5.68
Visitor Weekend After,46,WORK,5.52
Visitor Weekend After,47,WORK,5.24
Visitor Weekend After,48,WORK,5.06
Visitor Weekend After,1,OTHER,12.53
Visitor Weekend After,2,OTHER,12.22
Visitor Weekend After,3,OTHER,11.89
Visitor Weekend After,4,OTHER,11.71
Visitor Weekend After,5,OTHER,11.39
Visitor Weekend After,6,OTHER,11.32
Visitor Weekend After,7,OTHER,11.12
Visitor Weekend After,8,OTHER,11.1
Visitor Weekend After,9,OTHER,10.96
Visitor Weekend After,10,OTHER,10.94
Visitor Weekend After,11,OTHER,10.98
Visitor Weekend After,12,OTHER,11.09
Visitor Weekend After,13,OTHER,11.34
Visitor Weekend After,14,OTHER,11.69
Visitor Weekend After,15,OTHER,12.13
Visitor Weekend After,16,OTHER,12.42
Visitor Weekend After,17,OTHER,12.76
Visitor Weekend After,18,OTHER,13.13
Visitor Weekend After,19,OTHER,13.54
Visitor Weekend After,20,OTHER,14.1
Visitor Weekend After,21,OTHER,14.84
Visitor Weekend After,22,OTHER,15.46
Visitor Weekend After,23,OTHER,15.9
Visitor Weekend After,24,OTHER,16.38
Visitor Weekend After,25,OTHER,16.67
Visitor Weekend After,26,OTHER,17.17
Visitor Weekend After,27,OTHER,17.45
Visitor Weekend After,28,OTHER,17.85
Visitor Weekend After,29,OTHER,18.13
Visitor Weekend After,30,OTHER,18.43
Visitor Weekend After,31,OTHER,18.53
Visitor Weekend After,32,OTHER,18.63
Visitor Weekend After,33,OTHER,18.6
Visitor Weekend After,34,OTHER,18.74
Visitor Weekend After,35,OTHER,18.55
Visitor Weekend After,36,OTHER,18.88
Visitor Weekend After,37,OTHER,18.73
Visitor Weekend After,38,OTHER,18.71
Visitor Weekend After,39,OTHER,17.87
Visitor Weekend After,40,OTHER,17.67
Visitor Weekend After,41,OTHER,15.22
Visitor Weekend After,42,OTHER,14.74
Visitor Weekend After,43,OTHER,14.09
Visitor Weekend After,44,OTHER,13.76
Visitor Weekend After,45,OTHER,13.17
Visitor Weekend After,46,OTHER,12.81
Visitor Weekend After,47,OTHER,12.29
Visitor Weekend After,48,OTHER,11.96
