Person Type Scenario,Period,Location,Percent Active Devices
Resident Weekday Before,1,HOME,88.99
Resident Weekday Before,2,HOME,89.74
Resident Weekday Before,3,HOME,90.36
Resident Weekday Before,4,HOME,90.75
Resident Weekday Before,5,HOME,91.03
Resident Weekday Before,6,HOME,91.25
Resident Weekday Before,7,HOME,91.42
Resident Weekday Before,8,HOME,91.42
Resident Weekday Before,9,HOME,91.23
Resident Weekday Before,10,HOME,90.82
Resident Weekday Before,11,HOME,89.87
Resident Weekday Before,12,HOME,88.4
Resident Weekday Before,13,HOME,85.93
Resident Weekday Before,14,HOME,82.75
Resident Weekday Before,15,HOME,76.96
Resident Weekday Before,16,HOME,68.9
Resident Weekday Before,17,HOME,60.28
Resident Weekday Before,18,HOME,53.7
Resident Weekday Before,19,HOME,48.49
Resident Weekday Before,20,HOME,45.15
Resident Weekday Before,21,HOME,42.71
Resident Weekday Before,22,HOME,41.12
Resident Weekday Before,23,HOME,39.99
Resident Weekday Before,24,HOME,39.23
Resident Weekday Before,25,HOME,39.09
Resident Weekday Before,26,HOME,38.67
Resident Weekday Before,27,HOME,38.73
Resident Weekday Before,28,HOME,38.91
Resident Weekday Before,29,HOME,39.57
Resident Weekday Before,30,HOME,41.34
Resident Weekday Before,31,HOME,44.54
Resident Weekday Before,32,HOME,47.61
Resident Weekday Before,33,HOME,50.38
Resident Weekday Before,34,HOME,53.54
Resident Weekday Before,35,HOME,57.59
Resident Weekday Before,36,HOME,61.37
Resident Weekday Before,37,HOME,64.24
Resident Weekday Before,38,HOME,66.29
Resident Weekday Before,39,HOME,68.23
Resident Weekday Before,40,HOME,69.57
Resident Weekday Before,41,HOME,72.05
Resident Weekday Before,42,HOME,74.63
Resident Weekday Before,43,HOME,77.56
Resident Weekday Before,44,HOME,79.89
Resident Weekday Before,45,HOME,82.23
Resident Weekday Before,46,HOME,83.77
Resident Weekday Before,47,HOME,85.61
Resident Weekday Before,48,HOME,86.61
Resident Weekday Before,1,WORK,3.7
Resident Weekday Before,2,WORK,3.42
Resident Weekday Before,3,WORK,3.21
Resident Weekday Before,4,WORK,3.08
Resident Weekday Before,5,WORK,3.01
Resident Weekday Before,6,WORK,2.96
Resident Weekday Before,7,WORK,2.93
Resident Weekday Before,8,WORK,2.97
Resident Weekday Before,9,WORK,3.08
Resident Weekday Before,10,WORK,3.28
Resident Weekday Before,11,WORK,3.71
Resident Weekday Before,12,WORK,4.45
Resident Weekday Before,13,WORK,6.02
Resident Weekday Before,14,WORK,8.17
Resident Weekday Before,15,WORK,12.74
Resident Weekday Before,16,WORK,19.41
Resident Weekday Before,17,WORK,26.86
Resident Weekday Before,18,WORK,32.43
Resident Weekday Before,19,WORK,37.05
Resident Weekday Before,20,WORK,39.43
Resident Weekday Before,21,WORK,40.98
Resident Weekday Before,22,WORK,42
Resident Weekday Before,23,WORK,42.69
Resident Weekday Before,24,WORK,43.13
Resident Weekday Before,25,WORK,42.95
Resident Weekday Before,26,WORK,42.9
Resident Weekday Before,27,WORK,42.92
Resident Weekday Before,28,WORK,42.75
Resident Weekday Before,29,WORK,42.37
Resident Weekday Before,30,WORK,40.62
Resident Weekday Before,31,WORK,37.64
Resident Weekday Before,32,WORK,34.35
Resident Weekday Before,33,WORK,30.97
Resident Weekday Before,34,WORK,27.37
Resident Weekday Before,35,WORK,22.56
Resident Weekday Before,36,WORK,18.54
Resident Weekday Before,37,WORK,15.27
Resident Weekday Before,38,WORK,12.98
Resident Weekday Before,39,WORK,11.13
Resident Weekday Before,40,WORK,9.95
Resident Weekday Before,41,WORK,8.81
Resident Weekday Before,42,WORK,7.98
Resident Weekday Before,43,WORK,7.17
Resident Weekday Before,44,WORK,6.56
Resident Weekday Before,45,WORK,5.83
Resident Weekday Before,46,WORK,5.32
Resident Weekday Before,47,WORK,4.68
Resident Weekday Before,48,WORK,4.28
Resident Weekday Before,1,OTHER,7.31
Resident Weekday Before,2,OTHER,6.84
Resident Weekday Before,3,OTHER,6.42
Resident Weekday Before,4,OTHER,6.16
Resident Weekday Before,5,OTHER,5.96
Resident Weekday Before,6,OTHER,5.79
Resident Weekday Before,7,OTHER,5.65
Resident Weekday Before,8,OTHER,5.61
Resident Weekday Before,9,OTHER,5.68
Resident Weekday Before,10,OTHER,5.9
Resident Weekday Before,11,OTHER,6.42
Resident Weekday Before,12,OTHER,7.15
Resident Weekday Before,13,OTHER,8.05
Resident Weekday Before,14,OTHER,9.08
Resident Weekday Before,15,OTHER,10.3
Resident Weekday Before,16,OTHER,11.69
Resident Weekday Before,17,OTHER,12.86
Resident Weekday Before,18,OTHER,13.87
Resident Weekday Before,19,OTHER,14.46
Resident Weekday Before,20,OTHER,15.42
Resident Weekday Before,21,OTHER,16.31
Resident Weekday Before,22,OTHER,16.88
Resident Weekday Before,23,OTHER,17.32
Resident Weekday Before,24,OTHER,17.63
Resident Weekday Before,25,OTHER,17.95
Resident Weekday Before,26,OTHER,18.43
Resident Weekday Before,27,OTHER,18.35
Resident Weekday Before,28,OTHER,18.33
Resident Weekday Before,29,OTHER,18.06
Resident Weekday Before,30,OTHER,18.04
Resident Weekday Before,31,OTHER,17.82
Resident Weekday Before,32,OTHER,18.04
Resident Weekday Before,33,OTHER,18.65
Resident Weekday Before,34,OTHER,19.09
Resident Weekday Before,35,OTHER,19.85
Resident Weekday Before,36,OTHER,20.09
Resident Weekday Before,37,OTHER,20.5
Resident Weekday Before,38,OTHER,20.72
Resident Weekday Before,39,OTHER,20.65
Resident Weekday Before,40,OTHER,20.48
Resident Weekday Before,41,OTHER,19.14
Resident Weekday Before,42,OTHER,17.39
Resident Weekday Before,43,OTHER,15.27
Resident Weekday Before,44,OTHER,13.56
Resident Weekday Before,45,OTHER,11.94
Resident Weekday Before,46,OTHER,10.92
Resident Weekday Before,47,OTHER,9.71
Resident Weekday Before,48,OTHER,9.11
Resident Weekday Now,1,HOME,92.32
Resident Weekday Now,2,HOME,92.55
Resident Weekday Now,3,HOME,92.9
Resident Weekday Now,4,HOME,93.06
Resident Weekday Now,5,HOME,93.25
Resident Weekday Now,6,HOME,93.31
Resident Weekday Now,7,HOME,93.45
Resident Weekday Now,8,HOME,93.4
Resident Weekday Now,9,HOME,93.36
Resident Weekday Now,10,HOME,93.16
Resident Weekday Now,11,HOME,92.74
Resident Weekday Now,12,HOME,91.98
Resident Weekday Now,13,HOME,90.52
Resident Weekday Now,14,HOME,88.79
Resident Weekday Now,15,HOME,86.52
Resident Weekday Now,16,HOME,84.66
Resident Weekday Now,17,HOME,82.52
Resident Weekday Now,18,HOME,80.84
Resident Weekday Now,19,HOME,79.45
Resident Weekday Now,20,HOME,78.5
Resident Weekday Now,21,HOME,77.72
Resident Weekday Now,22,HOME,77.22
Resident Weekday Now,23,HOME,76.99
Resident Weekday Now,24,HOME,76.59
Resident Weekday Now,25,HOME,76.38
Resident Weekday Now,26,HOME,76.38
Resident Weekday Now,27,HOME,76.58
Resident Weekday Now,28,HOME,76.55
Resident Weekday Now,29,HOME,76.84
Resident Weekday Now,30,HOME,77.09
Resident Weekday Now,31,HOME,77.85
Resident Weekday Now,32,HOME,78.81
Resident Weekday Now,33,HOME,80.15
Resident Weekday Now,34,HOME,81.48
Resident Weekday Now,35,HOME,82.97
Resident Weekday Now,36,HOME,84.09
Resident Weekday Now,37,HOME,85.15
Resident Weekday Now,38,HOME,85.83
Resident Weekday Now,39,HOME,86.6
Resident Weekday Now,40,HOME,86.82
Resident Weekday Now,41,HOME,88.32
Resident Weekday Now,42,HOME,88.79
Resident Weekday Now,43,HOME,89.35
Resident Weekday Now,44,HOME,89.54
Resident Weekday Now,45,HOME,90.37
Resident Weekday Now,46,HOME,90.64
Resident Weekday Now,47,HOME,91.21
Resident Weekday Now,48,HOME,91.54
Resident Weekday Now,1,WORK,3.65
Resident Weekday Now,2,WORK,3.52
Resident Weekday Now,3,WORK,3.39
Resident Weekday Now,4,WORK,3.32
Resident Weekday Now,5,WORK,3.24
Resident Weekday Now,6,WORK,3.21
Resident Weekday Now,7,WORK,3.18
Resident Weekday Now,8,WORK,3.2
Resident Weekday Now,9,WORK,3.24
Resident Weekday Now,10,WORK,3.37
Resident Weekday Now,11,WORK,3.63
Resident Weekday Now,12,WORK,4.07
Resident Weekday Now,13,WORK,5.08
Resident Weekday Now,14,WORK,6.28
Resident Weekday Now,15,WORK,8.06
Resident Weekday Now,16,WORK,9.41
Resident Weekday Now,17,WORK,11.08
Resident Weekday Now,18,WORK,12.3
Resident Weekday Now,19,WORK,13.55
Resident Weekday Now,20,WORK,14.19
Resident Weekday Now,21,WORK,14.73
Resident Weekday Now,22,WORK,15.01
Resident Weekday Now,23,WORK,15.2
Resident Weekday Now,24,WORK,15.38
Resident Weekday Now,25,WORK,15.48
Resident Weekday Now,26,WORK,15.42
Resident Weekday Now,27,WORK,15.32
Resident Weekday Now,28,WORK,15.22
Resident Weekday Now,29,WORK,15.02
Resident Weekday Now,30,WORK,14.72
Resident Weekday Now,31,WORK,14.11
Resident Weekday Now,32,WORK,13.17
Resident Weekday Now,33,WORK,12.03
Resident Weekday Now,34,WORK,10.79
Resident Weekday Now,35,WORK,9.3
Resident Weekday Now,36,WORK,8.27
Resident Weekday Now,37,WORK,7.52
Resident Weekday Now,38,WORK,6.98
Resident Weekday Now,39,WORK,6.53
Resident Weekday Now,40,WORK,6.28
Resident Weekday Now,41,WORK,5.77
Resident Weekday Now,42,WORK,5.5
Resident Weekday Now,43,WORK,5.23
Resident Weekday Now,44,WORK,5.07
Resident Weekday Now,45,WORK,4.66
Resident Weekday Now,46,WORK,4.49
Resident Weekday Now,47,WORK,4.19
Resident Weekday Now,48,WORK,3.98
Resident Weekday Now,1,OTHER,4.03
Resident Weekday Now,2,OTHER,3.93
Resident Weekday Now,3,OTHER,3.71
Resident Weekday Now,4,OTHER,3.62
Resident Weekday Now,5,OTHER,3.51
Resident Weekday Now,6,OTHER,3.48
Resident Weekday Now,7,OTHER,3.37
Resident Weekday Now,8,OTHER,3.41
Resident Weekday Now,9,OTHER,3.4
Resident Weekday Now,10,OTHER,3.47
Resident Weekday Now,11,OTHER,3.62
Resident Weekday Now,12,OTHER,3.96
Resident Weekday Now,13,OTHER,4.41
Resident Weekday Now,14,OTHER,4.92
Resident Weekday Now,15,OTHER,5.42
Resident Weekday Now,16,OTHER,5.93
Resident Weekday Now,17,OTHER,6.39
Resident Weekday Now,18,OTHER,6.86
Resident Weekday Now,19,OTHER,7
Resident Weekday Now,20,OTHER,7.31
Resident Weekday Now,21,OTHER,7.54
Resident Weekday Now,22,OTHER,7.76
Resident Weekday Now,23,OTHER,7.82
Resident Weekday Now,24,OTHER,8.03
Resident Weekday Now,25,OTHER,8.15
Resident Weekday Now,26,OTHER,8.2
Resident Weekday Now,27,OTHER,8.1
Resident Weekday Now,28,OTHER,8.23
Resident Weekday Now,29,OTHER,8.14
Resident Weekday Now,30,OTHER,8.19
Resident Weekday Now,31,OTHER,8.04
Resident Weekday Now,32,OTHER,8.02
Resident Weekday Now,33,OTHER,7.82
Resident Weekday Now,34,OTHER,7.73
Resident Weekday Now,35,OTHER,7.73
Resident Weekday Now,36,OTHER,7.63
Resident Weekday Now,37,OTHER,7.34
Resident Weekday Now,38,OTHER,7.19
Resident Weekday Now,39,OTHER,6.87
Resident Weekday Now,40,OTHER,6.9
Resident Weekday Now,41,OTHER,5.91
Resident Weekday Now,42,OTHER,5.7
Resident Weekday Now,43,OTHER,5.42
Resident Weekday Now,44,OTHER,5.4
Resident Weekday Now,45,OTHER,4.97
Resident Weekday Now,46,OTHER,4.87
Resident Weekday Now,47,OTHER,4.6
Resident Weekday Now,48,OTHER,4.48
Resident Weekend Before,1,HOME,82.83
Resident Weekend Before,2,HOME,84.14
Resident Weekend Before,3,HOME,85.35
Resident Weekend Before,4,HOME,86.16
Resident Weekend Before,5,HOME,86.9
Resident Weekend Before,6,HOME,87.35
Resident Weekend Before,7,HOME,87.66
Resident Weekend Before,8,HOME,87.97
Resident Weekend Before,9,HOME,88.24
Resident Weekend Before,10,HOME,88.3
Resident Weekend Before,11,HOME,88.18
Resident Weekend Before,12,HOME,87.77
Resident Weekend Before,13,HOME,86.99
Resident Weekend Before,14,HOME,85.96
Resident Weekend Before,15,HOME,84.33
Resident Weekend Before,16,HOME,82.76
Resident Weekend Before,17,HOME,80.54
Resident Weekend Before,18,HOME,78.42
Resident Weekend Before,19,HOME,75.53
Resident Weekend Before,20,HOME,73.03
Resident Weekend Before,21,HOME,70.24
Resident Weekend Before,22,HOME,68.21
Resident Weekend Before,23,HOME,66.33
Resident Weekend Before,24,HOME,65.01
Resident Weekend Before,25,HOME,64.06
Resident Weekend Before,26,HOME,63.16
Resident Weekend Before,27,HOME,62.72
Resident Weekend Before,28,HOME,62.41
Resident Weekend Before,29,HOME,62.6
Resident Weekend Before,30,HOME,62.85
Resident Weekend Before,31,HOME,63.32
Resident Weekend Before,32,HOME,63.94
Resident Weekend Before,33,HOME,64.58
Resident Weekend Before,34,HOME,65.16
Resident Weekend Before,35,HOME,65.71
Resident Weekend Before,36,HOME,66.18
Resident Weekend Before,37,HOME,67.02
Resident Weekend Before,38,HOME,67.48
Resident Weekend Before,39,HOME,68.82
Resident Weekend Before,40,HOME,69.48
Resident Weekend Before,41,HOME,71.02
Resident Weekend Before,42,HOME,72.71
Resident Weekend Before,43,HOME,74.8
Resident Weekend Before,44,HOME,76.69
Resident Weekend Before,45,HOME,78.79
Resident Weekend Before,46,HOME,80.75
Resident Weekend Before,47,HOME,82.72
Resident Weekend Before,48,HOME,84.01
Resident Weekend Before,1,WORK,3.89
Resident Weekend Before,2,WORK,3.56
Resident Weekend Before,3,WORK,3.29
Resident Weekend Before,4,WORK,3.12
Resident Weekend Before,5,WORK,2.99
Resident Weekend Before,6,WORK,2.92
Resident Weekend Before,7,WORK,2.86
Resident Weekend Before,8,WORK,2.83
Resident Weekend Before,9,WORK,2.82
Resident Weekend Before,10,WORK,2.87
Resident Weekend Before,11,WORK,3.03
Resident Weekend Before,12,WORK,3.28
Resident Weekend Before,13,WORK,3.75
Resident Weekend Before,14,WORK,4.27
Resident Weekend Before,15,WORK,5.13
Resident Weekend Before,16,WORK,5.78
Resident Weekend Before,17,WORK,6.66
Resident Weekend Before,18,WORK,7.43
Resident Weekend Before,19,WORK,8.37
Resident Weekend Before,20,WORK,9.05
Resident Weekend Before,21,WORK,9.83
Resident Weekend Before,22,WORK,10.31
Resident Weekend Before,23,WORK,10.76
Resident Weekend Before,24,WORK,11.07
Resident Weekend Before,25,WORK,11.34
Resident Weekend Before,26,WORK,11.35
Resident Weekend Before,27,WORK,11.3
Resident Weekend Before,28,WORK,11.27
Resident Weekend Before,29,WORK,11.12
Resident Weekend Before,30,WORK,10.97
Resident Weekend Before,31,WORK,10.81
Resident Weekend Before,32,WORK,10.44
Resident Weekend Before,33,WORK,10.1
Resident Weekend Before,34,WORK,9.73
Resident Weekend Before,35,WORK,9.34
Resident Weekend Before,36,WORK,8.92
Resident Weekend Before,37,WORK,8.29
Resident Weekend Before,38,WORK,7.88
Resident Weekend Before,39,WORK,7.22
Resident Weekend Before,40,WORK,6.9
Resident Weekend Before,41,WORK,6.48
Resident Weekend Before,42,WORK,6.14
Resident Weekend Before,43,WORK,5.77
Resident Weekend Before,44,WORK,5.44
Resident Weekend Before,45,WORK,5.01
Resident Weekend Before,46,WORK,4.68
Resident Weekend Before,47,WORK,4.23
Resident Weekend Before,48,WORK,3.94
Resident Weekend Before,1,OTHER,13.28
Resident Weekend Before,2,OTHER,12.31
Resident Weekend Before,3,OTHER,11.36
Resident Weekend Before,4,OTHER,10.73
Resident Weekend Before,5,OTHER,10.11
Resident Weekend Before,6,OTHER,9.73
Resident Weekend Before,7,OTHER,9.48
Resident Weekend Before,8,OTHER,9.21
Resident Weekend Before,9,OTHER,8.94
Resident Weekend Before,10,OTHER,8.83
Resident Weekend Before,11,OTHER,8.8
Resident Weekend Before,12,OTHER,8.96
Resident Weekend Before,13,OTHER,9.26
Resident Weekend Before,14,OTHER,9.77
Resident Weekend Before,15,OTHER,10.53
Resident Weekend Before,16,OTHER,11.46
Resident Weekend Before,17,OTHER,12.8
Resident Weekend Before,18,OTHER,14.16
Resident Weekend Before,19,OTHER,16.09
Resident Weekend Before,20,OTHER,17.91
Resident Weekend Before,21,OTHER,19.92
Resident Weekend Before,22,OTHER,21.48
Resident Weekend Before,23,OTHER,22.91
Resident Weekend Before,24,OTHER,23.91
Resident Weekend Before,25,OTHER,24.6
Resident Weekend Before,26,OTHER,25.49
Resident Weekend Before,27,OTHER,25.98
Resident Weekend Before,28,OTHER,26.32
Resident Weekend Before,29,OTHER,26.27
Resident Weekend Before,30,OTHER,26.17
Resident Weekend Before,31,OTHER,25.87
Resident Weekend Before,32,OTHER,25.61
Resident Weekend Before,33,OTHER,25.32
Resident Weekend Before,34,OTHER,25.12
Resident Weekend Before,35,OTHER,24.96
Resident Weekend Before,36,OTHER,24.9
Resident Weekend Before,37,OTHER,24.68
Resident Weekend Before,38,OTHER,24.65
Resident Weekend Before,39,OTHER,23.96
Resident Weekend Before,40,OTHER,23.62
Resident Weekend Before,41,OTHER,22.5
Resident Weekend Before,42,OTHER,21.14
Resident Weekend Before,43,OTHER,19.43
Resident Weekend Before,44,OTHER,17.88
Resident Weekend Before,45,OTHER,16.2
Resident Weekend Before,46,OTHER,14.56
Resident Weekend Before,47,OTHER,13.04
Resident Weekend Before,48,OTHER,12.05
Resident Weekend Now,1,HOME,91.35
Resident Weekend Now,2,HOME,91.66
Resident Weekend Now,3,HOME,92.05
Resident Weekend Now,4,HOME,92.16
Resident Weekend Now,5,HOME,92.48
Resident Weekend Now,6,HOME,92.58
Resident Weekend Now,7,HOME,92.77
Resident Weekend Now,8,HOME,92.77
Resident Weekend Now,9,HOME,92.86
Resident Weekend Now,10,HOME,92.79
Resident Weekend Now,11,HOME,92.73
Resident Weekend Now,12,HOME,92.44
Resident Weekend Now,13,HOME,91.86
Resident Weekend Now,14,HOME,91.11
Resident Weekend Now,15,HOME,90.05
Resident Weekend Now,16,HOME,89.28
Resident Weekend Now,17,HOME,88.44
Resident Weekend Now,18,HOME,87.76
Resident Weekend Now,19,HOME,87.1
Resident Weekend Now,20,HOME,86.46
Resident Weekend Now,21,HOME,85.65
Resident Weekend Now,22,HOME,85.17
Resident Weekend Now,23,HOME,84.88
Resident Weekend Now,24,HOME,84.52
Resident Weekend Now,25,HOME,84.32
Resident Weekend Now,26,HOME,84.06
Resident Weekend Now,27,HOME,84.21
Resident Weekend Now,28,HOME,83.98
Resident Weekend Now,29,HOME,83.91
Resident Weekend Now,30,HOME,83.78
Resident Weekend Now,31,HOME,83.88
Resident Weekend Now,32,HOME,83.99
Resident Weekend Now,33,HOME,84.42
Resident Weekend Now,34,HOME,84.79
Resident Weekend Now,35,HOME,85.36
Resident Weekend Now,36,HOME,85.7
Resident Weekend Now,37,HOME,86.23
Resident Weekend Now,38,HOME,86.42
Resident Weekend Now,39,HOME,86.84
Resident Weekend Now,40,HOME,86.94
Resident Weekend Now,41,HOME,88.57
Resident Weekend Now,42,HOME,88.9
Resident Weekend Now,43,HOME,89.46
Resident Weekend Now,44,HOME,89.69
Resident Weekend Now,45,HOME,90.24
Resident Weekend Now,46,HOME,90.49
Resident Weekend Now,47,HOME,91.09
Resident Weekend Now,48,HOME,91.42
Resident Weekend Now,1,WORK,3.75
Resident Weekend Now,2,WORK,3.6
Resident Weekend Now,3,WORK,3.47
Resident Weekend Now,4,WORK,3.41
Resident Weekend Now,5,WORK,3.29
Resident Weekend Now,6,WORK,3.25
Resident Weekend Now,7,WORK,3.21
Resident Weekend Now,8,WORK,3.18
Resident Weekend Now,9,WORK,3.18
Resident Weekend Now,10,WORK,3.23
Resident Weekend Now,11,WORK,3.3
Resident Weekend Now,12,WORK,3.46
Resident Weekend Now,13,WORK,3.8
Resident Weekend Now,14,WORK,4.18
Resident Weekend Now,15,WORK,4.79
Resident Weekend Now,16,WORK,5.17
Resident Weekend Now,17,WORK,5.63
Resident Weekend Now,18,WORK,5.93
Resident Weekend Now,19,WORK,6.27
Resident Weekend Now,20,WORK,6.54
Resident Weekend Now,21,WORK,6.93
Resident Weekend Now,22,WORK,7.08
Resident Weekend Now,23,WORK,7.21
Resident Weekend Now,24,WORK,7.32
Resident Weekend Now,25,WORK,7.38
Resident Weekend Now,26,WORK,7.43
Resident Weekend Now,27,WORK,7.33
Resident Weekend Now,28,WORK,7.31
Resident Weekend Now,29,WORK,7.27
Resident Weekend Now,30,WORK,7.23
Resident Weekend Now,31,WORK,7.13
Resident Weekend Now,32,WORK,6.94
Resident Weekend Now,33,WORK,6.7
Resident Weekend Now,34,WORK,6.51
Resident Weekend Now,35,WORK,6.22
Resident Weekend Now,36,WORK,6.04
Resident Weekend Now,37,WORK,5.87
Resident Weekend Now,38,WORK,5.76
Resident Weekend Now,39,WORK,5.61
Resident Weekend Now,40,WORK,5.54
Resident Weekend Now,41,WORK,5.06
Resident Weekend Now,42,WORK,4.92
Resident Weekend Now,43,WORK,4.69
Resident Weekend Now,44,WORK,4.6
Resident Weekend Now,45,WORK,4.37
Resident Weekend Now,46,WORK,4.22
Resident Weekend Now,47,WORK,3.99
Resident Weekend Now,48,WORK,3.82
Resident Weekend Now,1,OTHER,4.91
Resident Weekend Now,2,OTHER,4.74
Resident Weekend Now,3,OTHER,4.48
Resident Weekend Now,4,OTHER,4.42
Resident Weekend Now,5,OTHER,4.24
Resident Weekend Now,6,OTHER,4.17
Resident Weekend Now,7,OTHER,4.02
Resident Weekend Now,8,OTHER,4.05
Resident Weekend Now,9,OTHER,3.96
Resident Weekend Now,10,OTHER,3.98
Resident Weekend Now,11,OTHER,3.97
Resident Weekend Now,12,OTHER,4.1
Resident Weekend Now,13,OTHER,4.33
Resident Weekend Now,14,OTHER,4.71
Resident Weekend Now,15,OTHER,5.16
Resident Weekend Now,16,OTHER,5.56
Resident Weekend Now,17,OTHER,5.93
Resident Weekend Now,18,OTHER,6.3
Resident Weekend Now,19,OTHER,6.62
Resident Weekend Now,20,OTHER,7
Resident Weekend Now,21,OTHER,7.41
Resident Weekend Now,22,OTHER,7.75
Resident Weekend Now,23,OTHER,7.91
Resident Weekend Now,24,OTHER,8.16
Resident Weekend Now,25,OTHER,8.29
Resident Weekend Now,26,OTHER,8.51
Resident Weekend Now,27,OTHER,8.46
Resident Weekend Now,28,OTHER,8.71
Resident Weekend Now,29,OTHER,8.82
Resident Weekend Now,30,OTHER,8.99
Resident Weekend Now,31,OTHER,8.99
Resident Weekend Now,32,OTHER,9.08
Resident Weekend Now,33,OTHER,8.88
Resident Weekend Now,34,OTHER,8.7
Resident Weekend Now,35,OTHER,8.41
Resident Weekend Now,36,OTHER,8.26
Resident Weekend Now,37,OTHER,7.9
Resident Weekend Now,38,OTHER,7.82
Resident Weekend Now,39,OTHER,7.56
Resident Weekend Now,40,OTHER,7.52
Resident Weekend Now,41,OTHER,6.37
Resident Weekend Now,42,OTHER,6.18
Resident Weekend Now,43,OTHER,5.85
Resident Weekend Now,44,OTHER,5.71
Resident Weekend Now,45,OTHER,5.39
Resident Weekend Now,46,OTHER,5.29
Resident Weekend Now,47,OTHER,4.92
Resident Weekend Now,48,OTHER,4.76
Visitor Weekday Before,1,HOME,78.57982875
Visitor Weekday Before,2,HOME,79.39080023
Visitor Weekday Before,3,HOME,80.15901066
Visitor Weekday Before,4,HOME,80.68602511
Visitor Weekday Before,5,HOME,81.06986876
Visitor Weekday Before,6,HOME,81.33090135
Visitor Weekday Before,7,HOME,81.56653452
Visitor Weekday Before,8,HOME,81.58323386
Visitor Weekday Before,9,HOME,81.32090664
Visitor Weekday Before,10,HOME,80.7132755
Visitor Weekday Before,11,HOME,79.5261529
Visitor Weekday Before,12,HOME,77.66923076
Visitor Weekday Before,13,HOME,74.72462226
Visitor Weekday Before,14,HOME,71.16467028
Visitor Weekday Before,15,HOME,65.14351281
Visitor Weekday Before,16,HOME,57.72082141
Visitor Weekday Before,17,HOME,50.87387614
Visitor Weekday Before,18,HOME,45.76092429
Visitor Weekday Before,19,HOME,41.97343721
Visitor Weekday Before,20,HOME,39.64781786
Visitor Weekday Before,21,HOME,37.90529294
Visitor Weekday Before,22,HOME,36.73176847
Visitor Weekday Before,23,HOME,35.93676468
Visitor Weekday Before,24,HOME,35.38037038
Visitor Weekday Before,25,HOME,35.27390681
Visitor Weekday Before,26,HOME,35.15305319
Visitor Weekday Before,27,HOME,35.31890456
Visitor Weekday Before,28,HOME,35.55830698
Visitor Weekday Before,29,HOME,35.99781551
Visitor Weekday Before,30,HOME,37.46233864
Visitor Weekday Before,31,HOME,39.91190753
Visitor Weekday Before,32,HOME,42.4405529
Visitor Weekday Before,33,HOME,45.05953033
Visitor Weekday Before,34,HOME,47.80998272
Visitor Weekday Before,35,HOME,51.19221177
Visitor Weekday Before,36,HOME,53.83487088
Visitor Weekday Before,37,HOME,55.76140102
Visitor Weekday Before,38,HOME,56.43188281
Visitor Weekday Before,39,HOME,58.63672313
Visitor Weekday Before,40,HOME,59.63131576
Visitor Weekday Before,41,HOME,62.02899582
Visitor Weekday Before,42,HOME,64.37726445
Visitor Weekday Before,43,HOME,67.20762664
Visitor Weekday Before,44,HOME,69.33478534
Visitor Weekday Before,45,HOME,71.61189673
Visitor Weekday Before,46,HOME,72.85664116
Visitor Weekday Before,47,HOME,74.78749921
Visitor Weekday Before,48,HOME,75.67755781
Visitor Weekday Before,1,WORK,5.445931016
Visitor Weekday Before,2,WORK,5.115182609
Visitor Weekday Before,3,WORK,4.849115637
Visitor Weekday Before,4,WORK,4.656533687
Visitor Weekday Before,5,WORK,4.521763341
Visitor Weekday Before,6,WORK,4.430912678
Visitor Weekday Before,7,WORK,4.388766946
Visitor Weekday Before,8,WORK,4.390453354
Visitor Weekday Before,9,WORK,4.504572763
Visitor Weekday Before,10,WORK,4.730872843
Visitor Weekday Before,11,WORK,5.229812491
Visitor Weekday Before,12,WORK,6.077507128
Visitor Weekday Before,13,WORK,7.859848994
Visitor Weekday Before,14,WORK,10.07722741
Visitor Weekday Before,15,WORK,14.6814123
Visitor Weekday Before,16,WORK,20.86791139
Visitor Weekday Before,17,WORK,26.95103659
Visitor Weekday Before,18,WORK,31.22605972
Visitor Weekday Before,19,WORK,34.65090229
Visitor Weekday Before,20,WORK,36.32506733
Visitor Weekday Before,21,WORK,37.37505816
Visitor Weekday Before,22,WORK,38.11413229
Visitor Weekday Before,23,WORK,38.57935498
Visitor Weekday Before,24,WORK,38.59984293
Visitor Weekday Before,25,WORK,38.14604614
Visitor Weekday Before,26,WORK,37.86976484
Visitor Weekday Before,27,WORK,38.15640247
Visitor Weekday Before,28,WORK,38.12640811
Visitor Weekday Before,29,WORK,37.98594351
Visitor Weekday Before,30,WORK,36.37298907
Visitor Weekday Before,31,WORK,34.22063401
Visitor Weekday Before,32,WORK,31.36514192
Visitor Weekday Before,33,WORK,28.20003319
Visitor Weekday Before,34,WORK,24.73319951
Visitor Weekday Before,35,WORK,20.10062393
Visitor Weekday Before,36,WORK,16.70399758
Visitor Weekday Before,37,WORK,14.18542055
Visitor Weekday Before,38,WORK,12.74766018
Visitor Weekday Before,39,WORK,11.28881529
Visitor Weekday Before,40,WORK,10.70108359
Visitor Weekday Before,41,WORK,10.0072606
Visitor Weekday Before,42,WORK,9.504966057
Visitor Weekday Before,43,WORK,8.848039778
Visitor Weekday Before,44,WORK,8.323775975
Visitor Weekday Before,45,WORK,7.57431929
Visitor Weekday Before,46,WORK,7.145082894
Visitor Weekday Before,47,WORK,6.468168596
Visitor Weekday Before,48,WORK,6.066941841
Visitor Weekday Before,1,OTHER,15.97424023
Visitor Weekday Before,2,OTHER,15.49401716
Visitor Weekday Before,3,OTHER,14.99187371
Visitor Weekday Before,4,OTHER,14.6574412
Visitor Weekday Before,5,OTHER,14.4083679
Visitor Weekday Before,6,OTHER,14.23818597
Visitor Weekday Before,7,OTHER,14.04469853
Visitor Weekday Before,8,OTHER,14.02631279
Visitor Weekday Before,9,OTHER,14.1745206
Visitor Weekday Before,10,OTHER,14.55585166
Visitor Weekday Before,11,OTHER,15.24403461
Visitor Weekday Before,12,OTHER,16.25326211
Visitor Weekday Before,13,OTHER,17.41552874
Visitor Weekday Before,14,OTHER,18.75810231
Visitor Weekday Before,15,OTHER,20.17507488
Visitor Weekday Before,16,OTHER,21.4112672
Visitor Weekday Before,17,OTHER,22.17508727
Visitor Weekday Before,18,OTHER,23.01301598
Visitor Weekday Before,19,OTHER,23.3756605
Visitor Weekday Before,20,OTHER,24.02711481
Visitor Weekday Before,21,OTHER,24.7196489
Visitor Weekday Before,22,OTHER,25.15409924
Visitor Weekday Before,23,OTHER,25.48388034
Visitor Weekday Before,24,OTHER,26.01978668
Visitor Weekday Before,25,OTHER,26.58004705
Visitor Weekday Before,26,OTHER,26.97718197
Visitor Weekday Before,27,OTHER,26.52469297
Visitor Weekday Before,28,OTHER,26.31528491
Visitor Weekday Before,29,OTHER,26.01624098
Visitor Weekday Before,30,OTHER,26.16467229
Visitor Weekday Before,31,OTHER,25.86745846
Visitor Weekday Before,32,OTHER,26.19430518
Visitor Weekday Before,33,OTHER,26.74043648
Visitor Weekday Before,34,OTHER,27.45681777
Visitor Weekday Before,35,OTHER,28.7071643
Visitor Weekday Before,36,OTHER,29.46113154
Visitor Weekday Before,37,OTHER,30.05317843
Visitor Weekday Before,38,OTHER,30.82045701
Visitor Weekday Before,39,OTHER,30.07446158
Visitor Weekday Before,40,OTHER,29.66760065
Visitor Weekday Before,41,OTHER,27.96374358
Visitor Weekday Before,42,OTHER,26.11776949
Visitor Weekday Before,43,OTHER,23.94433358
Visitor Weekday Before,44,OTHER,22.34143868
Visitor Weekday Before,45,OTHER,20.81378398
Visitor Weekday Before,46,OTHER,19.99827594
Visitor Weekday Before,47,OTHER,18.74433219
Visitor Weekday Before,48,OTHER,18.25550035
Visitor Weekday Now,1,HOME,82.25150798
Visitor Weekday Now,2,HOME,82.42869882
Visitor Weekday Now,3,HOME,82.93013955
Visitor Weekday Now,4,HOME,83.07193141
Visitor Weekday Now,5,HOME,83.37418006
Visitor Weekday Now,6,HOME,83.41612317
Visitor Weekday Now,7,HOME,83.63785898
Visitor Weekday Now,8,HOME,83.57536166
Visitor Weekday Now,9,HOME,83.59322259
Visitor Weekday Now,10,HOME,83.34517019
Visitor Weekday Now,11,HOME,82.7951344
Visitor Weekday Now,12,HOME,81.91494872
Visitor Weekday Now,13,HOME,80.22353435
Visitor Weekday Now,14,HOME,78.35838456
Visitor Weekday Now,15,HOME,76.10759881
Visitor Weekday Now,16,HOME,74.12740806
Visitor Weekday Now,17,HOME,71.84024649
Visitor Weekday Now,18,HOME,70.05252311
Visitor Weekday Now,19,HOME,68.74789976
Visitor Weekday Now,20,HOME,67.77594487
Visitor Weekday Now,21,HOME,67.00461467
Visitor Weekday Now,22,HOME,66.36576953
Visitor Weekday Now,23,HOME,66.07467294
Visitor Weekday Now,24,HOME,65.53058685
Visitor Weekday Now,25,HOME,65.36823214
Visitor Weekday Now,26,HOME,65.27014112
Visitor Weekday Now,27,HOME,65.54634005
Visitor Weekday Now,28,HOME,65.53038447
Visitor Weekday Now,29,HOME,65.82552323
Visitor Weekday Now,30,HOME,66.06252774
Visitor Weekday Now,31,HOME,66.83174862
Visitor Weekday Now,32,HOME,67.79744051
Visitor Weekday Now,33,HOME,69.22881394
Visitor Weekday Now,34,HOME,70.4538738
Visitor Weekday Now,35,HOME,72.25071151
Visitor Weekday Now,36,HOME,73.28879115
Visitor Weekday Now,37,HOME,74.21800865
Visitor Weekday Now,38,HOME,74.53795761
Visitor Weekday Now,39,HOME,75.50281446
Visitor Weekday Now,40,HOME,75.45724509
Visitor Weekday Now,41,HOME,77.48830129
Visitor Weekday Now,42,HOME,77.8009811
Visitor Weekday Now,43,HOME,78.53932546
Visitor Weekday Now,44,HOME,78.56647253
Visitor Weekday Now,45,HOME,79.77957885
Visitor Weekday Now,46,HOME,80.03736245
Visitor Weekday Now,47,HOME,80.89040991
Visitor Weekday Now,48,HOME,81.28730816
Visitor Weekday Now,1,WORK,6.374947691
Visitor Weekday Now,2,WORK,6.28567566
Visitor Weekday Now,3,WORK,6.121531455
Visitor Weekday Now,4,WORK,6.035459909
Visitor Weekday Now,5,WORK,5.907893621
Visitor Weekday Now,6,WORK,5.847065547
Visitor Weekday Now,7,WORK,5.783366904
Visitor Weekday Now,8,WORK,5.783315683
Visitor Weekday Now,9,WORK,5.822665515
Visitor Weekday Now,10,WORK,5.951033952
Visitor Weekday Now,11,WORK,6.256696285
Visitor Weekday Now,12,WORK,6.754255478
Visitor Weekday Now,13,WORK,7.86927845
Visitor Weekday Now,14,WORK,9.219790697
Visitor Weekday Now,15,WORK,11.17022341
Visitor Weekday Now,16,WORK,12.73379519
Visitor Weekday Now,17,WORK,14.69252397
Visitor Weekday Now,18,WORK,16.02543774
Visitor Weekday Now,19,WORK,17.34167703
Visitor Weekday Now,20,WORK,17.96511096
Visitor Weekday Now,21,WORK,18.47714597
Visitor Weekday Now,22,WORK,18.78317506
Visitor Weekday Now,23,WORK,19.04269218
Visitor Weekday Now,24,WORK,19.2398258
Visitor Weekday Now,25,WORK,19.20214734
Visitor Weekday Now,26,WORK,19.17977149
Visitor Weekday Now,27,WORK,19.11835269
Visitor Weekday Now,28,WORK,19.01740913
Visitor Weekday Now,29,WORK,18.90015808
Visitor Weekday Now,30,WORK,18.51696767
Visitor Weekday Now,31,WORK,17.96608079
Visitor Weekday Now,32,WORK,16.95716015
Visitor Weekday Now,33,WORK,15.73596576
Visitor Weekday Now,34,WORK,14.40142286
Visitor Weekday Now,35,WORK,12.42904614
Visitor Weekday Now,36,WORK,11.21000084
Visitor Weekday Now,37,WORK,10.38898042
Visitor Weekday Now,38,WORK,9.917696032
Visitor Weekday Now,39,WORK,9.426418566
Visitor Weekday Now,40,WORK,9.255839662
Visitor Weekday Now,41,WORK,8.61243612
Visitor Weekday Now,42,WORK,8.4189658
Visitor Weekday Now,43,WORK,8.08553224
Visitor Weekday Now,44,WORK,7.938979187
Visitor Weekday Now,45,WORK,7.448921483
Visitor Weekday Now,46,WORK,7.292139346
Visitor Weekday Now,47,WORK,6.92715595
Visitor Weekday Now,48,WORK,6.703200288
Visitor Weekday Now,1,OTHER,11.37354432
Visitor Weekday Now,2,OTHER,11.28562552
Visitor Weekday Now,3,OTHER,10.948329
Visitor Weekday Now,4,OTHER,10.89260868
Visitor Weekday Now,5,OTHER,10.71792631
Visitor Weekday Now,6,OTHER,10.73681128
Visitor Weekday Now,7,OTHER,10.57877411
Visitor Weekday Now,8,OTHER,10.64132266
Visitor Weekday Now,9,OTHER,10.58411189
Visitor Weekday Now,10,OTHER,10.70379586
Visitor Weekday Now,11,OTHER,10.94816931
Visitor Weekday Now,12,OTHER,11.3307958
Visitor Weekday Now,13,OTHER,11.9071872
Visitor Weekday Now,14,OTHER,12.42182474
Visitor Weekday Now,15,OTHER,12.72217778
Visitor Weekday Now,16,OTHER,13.13879675
Visitor Weekday Now,17,OTHER,13.46722954
Visitor Weekday Now,18,OTHER,13.92203915
Visitor Weekday Now,19,OTHER,13.91042321
Visitor Weekday Now,20,OTHER,14.25894417
Visitor Weekday Now,21,OTHER,14.51823936
Visitor Weekday Now,22,OTHER,14.85105541
Visitor Weekday Now,23,OTHER,14.88263487
Visitor Weekday Now,24,OTHER,15.22958735
Visitor Weekday Now,25,OTHER,15.42962052
Visitor Weekday Now,26,OTHER,15.5500874
Visitor Weekday Now,27,OTHER,15.33530727
Visitor Weekday Now,28,OTHER,15.4522064
Visitor Weekday Now,29,OTHER,15.27431869
Visitor Weekday Now,30,OTHER,15.42050459
Visitor Weekday Now,31,OTHER,15.20217059
Visitor Weekday Now,32,OTHER,15.24539935
Visitor Weekday Now,33,OTHER,15.0352203
Visitor Weekday Now,34,OTHER,15.14470334
Visitor Weekday Now,35,OTHER,15.32024235
Visitor Weekday Now,36,OTHER,15.50120801
Visitor Weekday Now,37,OTHER,15.39301093
Visitor Weekday Now,38,OTHER,15.54434636
Visitor Weekday Now,39,OTHER,15.07076697
Visitor Weekday Now,40,OTHER,15.28691525
Visitor Weekday Now,41,OTHER,13.89926259
Visitor Weekday Now,42,OTHER,13.7800531
Visitor Weekday Now,43,OTHER,13.3751423
Visitor Weekday Now,44,OTHER,13.49454828
Visitor Weekday Now,45,OTHER,12.77149967
Visitor Weekday Now,46,OTHER,12.67049821
Visitor Weekday Now,47,OTHER,12.18243414
Visitor Weekday Now,48,OTHER,12.00949155
Visitor Weekend Before,1,HOME,71.87498852
Visitor Weekend Before,2,HOME,73.16271601
Visitor Weekend Before,3,HOME,74.49070959
Visitor Weekend Before,4,HOME,75.40187542
Visitor Weekend Before,5,HOME,76.35188559
Visitor Weekend Before,6,HOME,76.92799222
Visitor Weekend Before,7,HOME,77.18653421
Visitor Weekend Before,8,HOME,77.49891326
Visitor Weekend Before,9,HOME,77.70333881
Visitor Weekend Before,10,HOME,77.72525026
Visitor Weekend Before,11,HOME,77.51646426
Visitor Weekend Before,12,HOME,77.05391078
Visitor Weekend Before,13,HOME,76.21628833
Visitor Weekend Before,14,HOME,75.15442027
Visitor Weekend Before,15,HOME,73.70205692
Visitor Weekend Before,16,HOME,72.1679712
Visitor Weekend Before,17,HOME,70.23678416
Visitor Weekend Before,18,HOME,68.26974455
Visitor Weekend Before,19,HOME,65.73212725
Visitor Weekend Before,20,HOME,63.38485194
Visitor Weekend Before,21,HOME,60.7892955
Visitor Weekend Before,22,HOME,58.78623078
Visitor Weekend Before,23,HOME,57.16100846
Visitor Weekend Before,24,HOME,55.96815695
Visitor Weekend Before,25,HOME,55.45224805
Visitor Weekend Before,26,HOME,54.93265216
Visitor Weekend Before,27,HOME,54.76268663
Visitor Weekend Before,28,HOME,54.62439974
Visitor Weekend Before,29,HOME,54.75463887
Visitor Weekend Before,30,HOME,55.04758815
Visitor Weekend Before,31,HOME,55.62764318
Visitor Weekend Before,32,HOME,55.95369604
Visitor Weekend Before,33,HOME,56.27738208
Visitor Weekend Before,34,HOME,56.34501033
Visitor Weekend Before,35,HOME,56.41793317
Visitor Weekend Before,36,HOME,56.40979556
Visitor Weekend Before,37,HOME,57.42002423
Visitor Weekend Before,38,HOME,57.53944171
Visitor Weekend Before,39,HOME,59.91561445
Visitor Weekend Before,40,HOME,60.58291455
Visitor Weekend Before,41,HOME,62.23875101
Visitor Weekend Before,42,HOME,63.85079028
Visitor Weekend Before,43,HOME,65.91675719
Visitor Weekend Before,44,HOME,67.6497024
Visitor Weekend Before,45,HOME,69.69235751
Visitor Weekend Before,46,HOME,71.19325567
Visitor Weekend Before,47,HOME,72.91477092
Visitor Weekend Before,48,HOME,73.90438151
Visitor Weekend Before,1,WORK,5.511125408
Visitor Weekend Before,2,WORK,5.147682886
Visitor Weekend Before,3,WORK,4.76690413
Visitor Weekend Before,4,WORK,4.538022838
Visitor Weekend Before,5,WORK,4.329541373
Visitor Weekend Before,6,WORK,4.190613892
Visitor Weekend Before,7,WORK,4.1222996
Visitor Weekend Before,8,WORK,4.059176399
Visitor Weekend Before,9,WORK,4.047453987
Visitor Weekend Before,10,WORK,4.068375783
Visitor Weekend Before,11,WORK,4.218281244
Visitor Weekend Before,12,WORK,4.45597931
Visitor Weekend Before,13,WORK,4.954564884
Visitor Weekend Before,14,WORK,5.444272371
Visitor Weekend Before,15,WORK,6.187516359
Visitor Weekend Before,16,WORK,6.754516187
Visitor Weekend Before,17,WORK,7.434277273
Visitor Weekend Before,18,WORK,8.030764463
Visitor Weekend Before,19,WORK,8.695486687
Visitor Weekend Before,20,WORK,9.232858572
Visitor Weekend Before,21,WORK,9.910397399
Visitor Weekend Before,22,WORK,10.30891477
Visitor Weekend Before,23,WORK,10.57796057
Visitor Weekend Before,24,WORK,10.79463529
Visitor Weekend Before,25,WORK,10.86560086
Visitor Weekend Before,26,WORK,10.88250113
Visitor Weekend Before,27,WORK,10.80162629
Visitor Weekend Before,28,WORK,10.77259396
Visitor Weekend Before,29,WORK,10.70234573
Visitor Weekend Before,30,WORK,10.60554703
Visitor Weekend Before,31,WORK,10.51300305
Visitor Weekend Before,32,WORK,10.42416709
Visitor Weekend Before,33,WORK,10.26824801
Visitor Weekend Before,34,WORK,10.16738596
Visitor Weekend Before,35,WORK,9.948415928
Visitor Weekend Before,36,WORK,9.70325413
Visitor Weekend Before,37,WORK,9.076079529
Visitor Weekend Before,38,WORK,8.876498419
Visitor Weekend Before,39,WORK,8.101801589
Visitor Weekend Before,40,WORK,7.998488693
Visitor Weekend Before,41,WORK,7.761946868
Visitor Weekend Before,42,WORK,7.624955117
Visitor Weekend Before,43,WORK,7.283397806
Visitor Weekend Before,44,WORK,7.016792023
Visitor Weekend Before,45,WORK,6.548635303
Visitor Weekend Before,46,WORK,6.277408846
Visitor Weekend Before,47,WORK,5.816713824
Visitor Weekend Before,48,WORK,5.55002932
Visitor Weekend Before,1,OTHER,22.61388607
Visitor Weekend Before,2,OTHER,21.68960111
Visitor Weekend Before,3,OTHER,20.74238628
Visitor Weekend Before,4,OTHER,20.06010174
Visitor Weekend Before,5,OTHER,19.31857303
Visitor Weekend Before,6,OTHER,18.88139389
Visitor Weekend Before,7,OTHER,18.69116619
Visitor Weekend Before,8,OTHER,18.44191034
Visitor Weekend Before,9,OTHER,18.2492072
Visitor Weekend Before,10,OTHER,18.20637395
Visitor Weekend Before,11,OTHER,18.2652545
Visitor Weekend Before,12,OTHER,18.49010991
Visitor Weekend Before,13,OTHER,18.82914679
Visitor Weekend Before,14,OTHER,19.40130736
Visitor Weekend Before,15,OTHER,20.11042672
Visitor Weekend Before,16,OTHER,21.07751261
Visitor Weekend Before,17,OTHER,22.32893856
Visitor Weekend Before,18,OTHER,23.69949099
Visitor Weekend Before,19,OTHER,25.57238607
Visitor Weekend Before,20,OTHER,27.38228948
Visitor Weekend Before,21,OTHER,29.3003071
Visitor Weekend Before,22,OTHER,30.90485444
Visitor Weekend Before,23,OTHER,32.26103097
Visitor Weekend Before,24,OTHER,33.23720776
Visitor Weekend Before,25,OTHER,33.68215109
Visitor Weekend Before,26,OTHER,34.18484671
Visitor Weekend Before,27,OTHER,34.43568709
Visitor Weekend Before,28,OTHER,34.6030063
Visitor Weekend Before,29,OTHER,34.5430154
Visitor Weekend Before,30,OTHER,34.34686482
Visitor Weekend Before,31,OTHER,33.85935377
Visitor Weekend Before,32,OTHER,33.62213687
Visitor Weekend Before,33,OTHER,33.45436991
Visitor Weekend Before,34,OTHER,33.48760371
Visitor Weekend Before,35,OTHER,33.6336509
Visitor Weekend Before,36,OTHER,33.88695031
Visitor Weekend Before,37,OTHER,33.50389624
Visitor Weekend Before,38,OTHER,33.58405987
Visitor Weekend Before,39,OTHER,31.98258396
Visitor Weekend Before,40,OTHER,31.41859676
Visitor Weekend Before,41,OTHER,29.99930212
Visitor Weekend Before,42,OTHER,28.52425461
Visitor Weekend Before,43,OTHER,26.799845
Visitor Weekend Before,44,OTHER,25.33350558
Visitor Weekend Before,45,OTHER,23.75900719
Visitor Weekend Before,46,OTHER,22.52933549
Visitor Weekend Before,47,OTHER,21.26851526
Visitor Weekend Before,48,OTHER,20.54558917
Visitor Weekend Now,1,HOME,81.5619652
Visitor Weekend Now,2,HOME,81.86994089
Visitor Weekend Now,3,HOME,82.5154597
Visitor Weekend Now,4,HOME,82.70772202
Visitor Weekend Now,5,HOME,83.22008479
Visitor Weekend Now,6,HOME,83.23648401
Visitor Weekend Now,7,HOME,83.67005559
Visitor Weekend Now,8,HOME,83.66221391
Visitor Weekend Now,9,HOME,83.86250343
Visitor Weekend Now,10,HOME,83.84318395
Visitor Weekend Now,11,HOME,83.77513367
Visitor Weekend Now,12,HOME,83.47654327
Visitor Weekend Now,13,HOME,82.97970774
Visitor Weekend Now,14,HOME,82.24054872
Visitor Weekend Now,15,HOME,81.24680591
Visitor Weekend Now,16,HOME,80.60142155
Visitor Weekend Now,17,HOME,79.9383765
Visitor Weekend Now,18,HOME,79.24864057
Visitor Weekend Now,19,HOME,78.62804855
Visitor Weekend Now,20,HOME,77.77060368
Visitor Weekend Now,21,HOME,76.68255712
Visitor Weekend Now,22,HOME,75.78473117
Visitor Weekend Now,23,HOME,75.38838891
Visitor Weekend Now,24,HOME,74.6729828
Visitor Weekend Now,25,HOME,74.43558709
Visitor Weekend Now,26,HOME,73.9043776
Visitor Weekend Now,27,HOME,74.06537792
Visitor Weekend Now,28,HOME,73.66878462
Visitor Weekend Now,29,HOME,73.65861062
Visitor Weekend Now,30,HOME,73.35660732
Visitor Weekend Now,31,HOME,73.4767312
Visitor Weekend Now,32,HOME,73.46344117
Visitor Weekend Now,33,HOME,73.91869095
Visitor Weekend Now,34,HOME,74.04413006
Visitor Weekend Now,35,HOME,74.81236858
Visitor Weekend Now,36,HOME,74.84796355
Visitor Weekend Now,37,HOME,75.14074711
Visitor Weekend Now,38,HOME,75.08153837
Visitor Weekend Now,39,HOME,75.77869083
Visitor Weekend Now,40,HOME,75.71440737
Visitor Weekend Now,41,HOME,78.16968358
Visitor Weekend Now,42,HOME,78.37396081
Visitor Weekend Now,43,HOME,79.19699739
Visitor Weekend Now,44,HOME,79.39959911
Visitor Weekend Now,45,HOME,80.26669845
Visitor Weekend Now,46,HOME,80.5234425
Visitor Weekend Now,47,HOME,81.40322943
Visitor Weekend Now,48,HOME,81.71997335
Visitor Weekend Now,1,WORK,6.364315206
Visitor Weekend Now,2,WORK,6.274361889
Visitor Weekend Now,3,WORK,6.044360403
Visitor Weekend Now,4,WORK,5.968859762
Visitor Weekend Now,5,WORK,5.839612602
Visitor Weekend Now,6,WORK,5.80561326
Visitor Weekend Now,7,WORK,5.715541755
Visitor Weekend Now,8,WORK,5.668604322
Visitor Weekend Now,9,WORK,5.661986646
Visitor Weekend Now,10,WORK,5.667084182
Visitor Weekend Now,11,WORK,5.760861876
Visitor Weekend Now,12,WORK,5.929694884
Visitor Weekend Now,13,WORK,6.192184193
Visitor Weekend Now,14,WORK,6.593575007
Visitor Weekend Now,15,WORK,7.08258525
Visitor Weekend Now,16,WORK,7.394667318
Visitor Weekend Now,17,WORK,7.793015939
Visitor Weekend Now,18,WORK,8.114139919
Visitor Weekend Now,19,WORK,8.417718193
Visitor Weekend Now,20,WORK,8.708680415
Visitor Weekend Now,21,WORK,9.162948446
Visitor Weekend Now,22,WORK,9.436929965
Visitor Weekend Now,23,WORK,9.582843231
Visitor Weekend Now,24,WORK,9.75871538
Visitor Weekend Now,25,WORK,9.785591563
Visitor Weekend Now,26,WORK,9.867422234
Visitor Weekend Now,27,WORK,9.737257488
Visitor Weekend Now,28,WORK,9.750106508
Visitor Weekend Now,29,WORK,9.662167915
Visitor Weekend Now,30,WORK,9.60184798
Visitor Weekend Now,31,WORK,9.471012213
Visitor Weekend Now,32,WORK,9.350807193
Visitor Weekend Now,33,WORK,9.166737759
Visitor Weekend Now,34,WORK,9.012558928
Visitor Weekend Now,35,WORK,8.708178057
Visitor Weekend Now,36,WORK,8.595993711
Visitor Weekend Now,37,WORK,8.488617491
Visitor Weekend Now,38,WORK,8.424589666
Visitor Weekend Now,39,WORK,8.270975973
Visitor Weekend Now,40,WORK,8.269844315
Visitor Weekend Now,41,WORK,7.596553048
Visitor Weekend Now,42,WORK,7.563752798
Visitor Weekend Now,43,WORK,7.335468477
Visitor Weekend Now,44,WORK,7.225747858
Visitor Weekend Now,45,WORK,6.958348783
Visitor Weekend Now,46,WORK,6.835026938
Visitor Weekend Now,47,WORK,6.561463558
Visitor Weekend Now,48,WORK,6.403834622
Visitor Weekend Now,1,OTHER,12.0737196
Visitor Weekend Now,2,OTHER,11.85569722
Visitor Weekend Now,3,OTHER,11.44017989
Visitor Weekend Now,4,OTHER,11.32341822
Visitor Weekend Now,5,OTHER,10.94030261
Visitor Weekend Now,6,OTHER,10.95790273
Visitor Weekend Now,7,OTHER,10.61440265
Visitor Weekend Now,8,OTHER,10.66918177
Visitor Weekend Now,9,OTHER,10.47550992
Visitor Weekend Now,10,OTHER,10.48973187
Visitor Weekend Now,11,OTHER,10.46400445
Visitor Weekend Now,12,OTHER,10.59376185
Visitor Weekend Now,13,OTHER,10.82810807
Visitor Weekend Now,14,OTHER,11.16587627
Visitor Weekend Now,15,OTHER,11.67060884
Visitor Weekend Now,16,OTHER,12.00391113
Visitor Weekend Now,17,OTHER,12.26860756
Visitor Weekend Now,18,OTHER,12.63721951
Visitor Weekend Now,19,OTHER,12.95423326
Visitor Weekend Now,20,OTHER,13.52071591
Visitor Weekend Now,21,OTHER,14.15449444
Visitor Weekend Now,22,OTHER,14.77833886
Visitor Weekend Now,23,OTHER,15.02876786
Visitor Weekend Now,24,OTHER,15.56830182
Visitor Weekend Now,25,OTHER,15.77882135
Visitor Weekend Now,26,OTHER,16.22820017
Visitor Weekend Now,27,OTHER,16.1973646
Visitor Weekend Now,28,OTHER,16.58110888
Visitor Weekend Now,29,OTHER,16.67922147
Visitor Weekend Now,30,OTHER,17.0415447
Visitor Weekend Now,31,OTHER,17.05225659
Visitor Weekend Now,32,OTHER,17.18575164
Visitor Weekend Now,33,OTHER,16.91457129
Visitor Weekend Now,34,OTHER,16.94331101
Visitor Weekend Now,35,OTHER,16.47945337
Visitor Weekend Now,36,OTHER,16.55604274
Visitor Weekend Now,37,OTHER,16.3706354
Visitor Weekend Now,38,OTHER,16.49387196
Visitor Weekend Now,39,OTHER,15.9503332
Visitor Weekend Now,40,OTHER,16.01574832
Visitor Weekend Now,41,OTHER,14.23376337
Visitor Weekend Now,42,OTHER,14.06228639
Visitor Weekend Now,43,OTHER,13.46753413
Visitor Weekend Now,44,OTHER,13.37465303
Visitor Weekend Now,45,OTHER,12.77495277
Visitor Weekend Now,46,OTHER,12.64153056
Visitor Weekend Now,47,OTHER,12.03530702
Visitor Weekend Now,48,OTHER,11.87619202
