FROM,TO,RESIDENT TRIPS,VISITOR TRIPS
Hillsborough Other,Hillsborough Other,1986436,72646
Tampa,Hillsborough Other,340847,11334
USF  Hosp  Busch,Hillsborough Other,50769,2240
Pinellas Other,Hillsborough Other,41045,1659
Clearwater,Hillsborough Other,10474,454
Pinellas Beaches,Hillsborough Other,3103,445
St Petersburg,Hillsborough Other,19769,740
Pasco Other,Hillsborough Other,74874,2240
New Port Richey,Hillsborough Other,1339,55
Hernando Other,Hillsborough Other,3084,120
Spring Hill,Hillsborough Other,3754,76
Citrus,Hillsborough Other,271,12
External,Hillsborough Other,36679,35960
Plant City,Hillsborough Other,42659,1746
Manatee Spur,Hillsborough Other,2097,350
Hillsborough Other,Tampa,340870,11312
Tampa,Tampa,1094044,56729
USF  Hosp  Busch,Tampa,29322,2095
Plant City,Tampa,3835,276
Pinellas Other,Tampa,25835,1670
Clearwater,Tampa,7256,534
Pinellas Beaches,Tampa,2601,1370
St Petersburg,Tampa,24157,1799
Pasco Other,Tampa,43303,1596
New Port Richey,Tampa,482,33
Hernando Other,Tampa,1598,125
Spring Hill,Tampa,2637,103
Citrus,Tampa,167,13
External,Tampa,9507,18725
Manatee Spur,Tampa,383,99
Hillsborough Other,USF  Hosp  Busch,50988,2021
Tampa,USF  Hosp  Busch,29418,1999
USF  Hosp  Busch,USF  Hosp  Busch,47543,5191
Plant City,USF  Hosp  Busch,258,32
Pinellas Other,USF  Hosp  Busch,1594,96
Clearwater,USF  Hosp  Busch,415,31
Pinellas Beaches,USF  Hosp  Busch,106,83
St Petersburg,USF  Hosp  Busch,1156,82
Pasco Other,USF  Hosp  Busch,7911,250
New Port Richey,USF  Hosp  Busch,207,4
Hernando Other,USF  Hosp  Busch,262,12
Spring Hill,USF  Hosp  Busch,471,10
Citrus,USF  Hosp  Busch,27,4
Manatee Spur,USF  Hosp  Busch,63,6
External,USF  Hosp  Busch,859,3530
Tampa,Plant City,3827,284
Hillsborough Other,Plant City,42553,1853
USF  Hosp  Busch,Plant City,266,24
Plant City,Plant City,112113,6483
Clearwater,Plant City,106,18
St Petersburg,Plant City,412,36
Pasco Other,Plant City,1556,101
Manatee Spur,Plant City,53,7
External,Plant City,9034,10197
Pinellas Other,Plant City,518,44
Pinellas Beaches,Plant City,104,58
Hernando Other,Plant City,117,11
Spring Hill,Plant City,112,0
New Port Richey,Plant City,8,1
Citrus,Plant City,8,1
Hillsborough Other,Pinellas Other,41091,1612
Tampa,Pinellas Other,26025,1480
USF  Hosp  Busch,Pinellas Other,1591,98
Plant City,Pinellas Other,518,44
Pinellas Other,Pinellas Other,1101386,34346
Clearwater,Pinellas Other,155810,4378
Pinellas Beaches,Pinellas Other,45184,5479
St Petersburg,Pinellas Other,175772,5079
Pasco Other,Pinellas Other,43816,1303
New Port Richey,Pinellas Other,3307,97
Hernando Other,Pinellas Other,875,66
Spring Hill,Pinellas Other,1511,48
Citrus,Pinellas Other,218,16
External,Pinellas Other,6821,7576
Manatee Spur,Pinellas Other,690,62
Hillsborough Other,Pinellas Beaches,3082,466
Tampa,Pinellas Beaches,2687,1285
USF  Hosp  Busch,Pinellas Beaches,101,88
Plant City,Pinellas Beaches,112,50
Pinellas Other,Pinellas Beaches,45207,5455
Pinellas Beaches,Pinellas Beaches,37403,18933
Clearwater,Pinellas Beaches,10260,1428
St Petersburg,Pinellas Beaches,15605,2058
Pasco Other,Pinellas Beaches,1573,224
New Port Richey,Pinellas Beaches,122,20
Hernando Other,Pinellas Beaches,84,24
Spring Hill,Pinellas Beaches,124,28
Citrus,Pinellas Beaches,30,7
Manatee Spur,Pinellas Beaches,38,12
External,Pinellas Beaches,746,3458
Hillsborough Other,Clearwater,10474,454
Tampa,Clearwater,7283,507
USF  Hosp  Busch,Clearwater,413,34
Pinellas Other,Clearwater,155776,4413
Pinellas Beaches,Clearwater,10053,1635
Clearwater,Clearwater,226013,7600
St Petersburg,Clearwater,12589,304
Pasco Other,Clearwater,7263,265
New Port Richey,Clearwater,616,7
Hernando Other,Clearwater,271,18
Spring Hill,Clearwater,310,9
Citrus,Clearwater,50,2
Manatee Spur,Clearwater,58,20
External,Clearwater,1625,1837
Plant City,Clearwater,107,17
Hillsborough Other,St Petersburg,19737,771
Tampa,St Petersburg,24223,1733
USF  Hosp  Busch,St Petersburg,1152,86
Plant City,St Petersburg,412,36
Pinellas Other,St Petersburg,175662,5188
Clearwater,St Petersburg,12588,304
Pinellas Beaches,St Petersburg,15508,2155
St Petersburg,St Petersburg,622477,20665
Pasco Other,St Petersburg,6214,174
Hernando Other,St Petersburg,214,9
Citrus,St Petersburg,76,5
External,St Petersburg,5391,7103
New Port Richey,St Petersburg,321,8
Spring Hill,St Petersburg,373,3
Manatee Spur,St Petersburg,992,212
Hillsborough Other,Pasco Other,74754,2359
Tampa,Pasco Other,43361,1538
Pinellas Other,Pasco Other,43863,1256
Clearwater,Pasco Other,7278,250
Pinellas Beaches,Pasco Other,1570,227
St Petersburg,Pasco Other,6221,166
Pasco Other,Pasco Other,935984,28295
New Port Richey,Pasco Other,38564,924
Hernando Other,Pasco Other,19401,723
Spring Hill,Pasco Other,23472,588
Citrus,Pasco Other,1588,80
External,Pasco Other,9482,7413
USF  Hosp  Busch,Pasco Other,7909,252
Plant City,Pasco Other,1563,94
Manatee Spur,Pasco Other,98,15
Hillsborough Other,New Port Richey,1342,51
Tampa,New Port Richey,482,34
USF  Hosp  Busch,New Port Richey,207,4
Plant City,New Port Richey,8,1
Pinellas Other,New Port Richey,3327,77
Clearwater,New Port Richey,613,9
Pinellas Beaches,New Port Richey,123,18
St Petersburg,New Port Richey,321,8
Pasco Other,New Port Richey,38554,935
New Port Richey,New Port Richey,24381,611
Hernando Other,New Port Richey,416,19
Spring Hill,New Port Richey,902,9
External,New Port Richey,281,265
Citrus,New Port Richey,76,6
Manatee Spur,New Port Richey,4,0
Hillsborough Other,Hernando Other,3088,116
Pinellas Other,Hernando Other,875,66
St Petersburg,Hernando Other,214,9
Pasco Other,Hernando Other,19395,729
New Port Richey,Hernando Other,412,23
Hernando Other,Hernando Other,123581,4568
Spring Hill,Hernando Other,45946,1432
Citrus,Hernando Other,4298,268
External,Hernando Other,2747,2781
Tampa,Hernando Other,1616,108
USF  Hosp  Busch,Hernando Other,264,10
Clearwater,Hernando Other,271,18
Pinellas Beaches,Hernando Other,86,21
Plant City,Hernando Other,117,11
Manatee Spur,Hernando Other,6,1
Hillsborough Other,Spring Hill,3752,78
Tampa,Spring Hill,2627,113
USF  Hosp  Busch,Spring Hill,470,10
Pinellas Other,Spring Hill,1513,46
Pinellas Beaches,Spring Hill,121,31
Clearwater,Spring Hill,310,9
St Petersburg,Spring Hill,373,3
Pasco Other,Spring Hill,23522,538
New Port Richey,Spring Hill,900,11
Hernando Other,Spring Hill,46023,1356
Spring Hill,Spring Hill,136448,3300
Citrus,Spring Hill,1782,78
External,Spring Hill,1343,835
Plant City,Spring Hill,112,0
Manatee Spur,Spring Hill,5,0
Hillsborough Other,Citrus,271,12
Tampa,Citrus,168,13
Pinellas Beaches,Citrus,30,7
St Petersburg,Citrus,76,5
Pasco Other,Citrus,1587,80
Hernando Other,Citrus,4279,287
Citrus,Citrus,270692,14352
External,Citrus,13466,9109
Pinellas Other,Citrus,218,16
Spring Hill,Citrus,1779,81
Clearwater,Citrus,50,2
USF  Hosp  Busch,Citrus,26,5
Plant City,Citrus,8,1
New Port Richey,Citrus,76,6
Manatee Spur,Citrus,4,1
Hillsborough Other,Manatee Spur,2126,320
USF  Hosp  Busch,Manatee Spur,63,6
Tampa,Manatee Spur,385,97
Pinellas Other,Manatee Spur,684,69
Clearwater,Manatee Spur,58,21
Pinellas Beaches,Manatee Spur,36,14
St Petersburg,Manatee Spur,987,218
Pasco Other,Manatee Spur,98,15
Spring Hill,Manatee Spur,5,0
Manatee Spur,Manatee Spur,4232,1111
External,Manatee Spur,6996,5258
Plant City,Manatee Spur,53,7
New Port Richey,Manatee Spur,4,0
Hernando Other,Manatee Spur,6,1
Citrus,Manatee Spur,4,1
Hillsborough Other,External,36679,35960
Tampa,External,9507,18725
USF  Hosp  Busch,External,859,3530
Plant City,External,9034,10197
Pinellas Other,External,6821,7576
Pinellas Beaches,External,746,3458
Clearwater,External,1625,1837
St Petersburg,External,5391,7103
Pasco Other,External,9482,7413
New Port Richey,External,281,265
Hernando Other,External,2747,2781
Spring Hill,External,1343,835
Citrus,External,13466,9109
Manatee Spur,External,6996,5258
External,External,810,23514
