{
    "Title": "Oregon Metro MCEVIZ", 
    "CountyFile": "metro_counties.json", 
    "Icon": "oregon-metro2.ico", 
    "Logo": "oregon-metro.png", 
    "NavbarTitle": "MCEVIZ", 
    "LinkURL": "http://www.oregonmetro.gov/",
    "CenterMap": [
        45.512794, 
        -122.679565
    ],
    "DefaultFocusColor":"red",
    "DefaultHighlightColor":"red",
    "FrontPageTitle": "Oregon Metro", 
    "FrontPageGraphic": "oregon-metro_black.png", 
    "SideBarTextLeft": "<b>ActivityViz</b> was initially funded by the <a href='https://atlantaregional.org/'>Atlanta Regional Commission</a> with additional support from <a href='https://www.oregonmetro.gov/'>Oregon Metro</a> and others.",
    "SideBarTextRight": "<b>ActivityViz</b> is an interactive travel and activity data visualization tool.  It is built with JavaScript technologies and works with various types of travel and activity data - household travel surveys, trip-based model outputs, activity-based model outputs, disaggregate passive data, freight models, on-board surveys, etc.  The dashboard features several interactive and customizable visualizations for exploring data, such as 3D maps of trips in time and space, time use by person type and activity, radar charts for performance measure analysis, sunburst diagrams for visualizing mode shares, animated bubble maps, chord diagrams for OD data, point-of-interest maps for transit stop data, truck flow data, etc.  </b>ActivityViz</b> is published using <a href='https://pages.github.com/'>GitHub pages</a> which eliminates most of the administrative backend in traditional systems.",
    "SideBarImage":"example.png",
    "scenarios": {
        "I205": {
            "title": "I205",
            "CenterMap": [45.367157,-122.692046],
            "ScenarioFocus": "I205.json",
            "visualizations": {
                "GroupedCharts": [{"name":"Benefits","config":"Default", "file":"BarChartData.csv","info":"Monetized project benefits", "explanation":[{
                    "header": "Summary",
                    "body":[{
                      "type": "unorderedList",
                      "content": ["Monetized project benefits.",
                      "Total benefits and benefits per household.",
                      "Some benefits are positive and some benefits are negative.",
                      "Children and seniors benefit the most from the travel options benefit."]
                    }]
                  },
                  {
                    "header": "Instructions",
                    "body":[{
                      "type": "unorderedList",
                      "content": ["Hover mouse over bars to see detail.",
                      "Select \"Show Data\" to see tabulation.",
                      "Select/deselect bubbles to add/remove benefit groups."]
                    }]
                  }]}],
                "BarMap": [{"name":"Travel Options Benefit","config":"Default", "file":"BarChartAndMapData.csv","info":"Travel options (accessibility) benefits", "explanation":[{
                    "header": "Summary",
                    "body":[{
                      "type": "unorderedList",
                      "content": ["Travel options (accessibility) benefits by county.",
                      "Benefits by trip purpose and benefit group."]
                    }]
                  },
                  {
                    "header": "Instructions",
                    "body":[{
                      "type": "unorderedList",
                      "content": ["For the left graph: Select/deselect bubbles to add/remove benefit groups.",
                      "For the left graph: Hover mouse over graph to see detail.",
                      "For the map: Use the zone drop-down selection to view different benefit groups as zone colors.",
                      "For the map: Turn on bubbles under layers and use the bubbles drop-down selection to view different benefit groups by zone.",
                      "For the map: Turn on the project focus area and/or the benefit group areas under layers.",
                      "Select \"Show Data\" to see tabulation."]
                    }]
                  }]}],
                "3DMap": [{"name":"3D Travel Options Benefit","config":"Default","file":"3DAnimatedMapData.csv","info":"Travel options (accessibility) benefits", "explanation":[{
                    "header": "Summary",
                    "body":[{
                      "type": "unorderedList",
                      "content": ["Travel options (accessibility) benefits by zone.",
                      "Benefits by trip purpose and benefit group.",
                      "Project benefits are near the project."]
                    }]
                  },
                  {
                    "header": "Instructions",
                    "body":[{
                      "type": "unorderedList",
                      "content": ["Use the data drop-down selection to display the benefit group.",
                      "Select \"Show Data\" to see tabulation."]
                    }]
                  }]}],
                "Chord": [{"name":"Travel Time Savings","config":"Default", "file":"ChordData.csv","info":"Travel time savings by OD", "explanation":[{
                    "header": "Summary",
                    "body":[{
                      "type": "unorderedList",
                      "content": ["Origins and destinations of travel time savings benefit.",
                      "WestLinnToOregonCity and PortlandCityCenter do well under this scenario."]
                    }]
                  },
                  {
                    "header": "Instructions",
                    "body":[{
                      "type": "unorderedList",
                      "content": ["Hover mouse over graph to see detail.",
                      "The connections between districts depict bi-directional flows.",
                      "Turn on desire lines in the map layers to see district-to-district trip flow lines.",
                      "Select \"Show Data\" to see tabulation."]
                    }]
                  }]}]
            }
        },
        "DivisionBRT": {
            "title": "DivisionBRT",
            "CenterMap": [45.512794,-122.679565],
            "ScenarioFocus": "DivisionBRT.json",
            "visualizations": {
                "GroupedCharts": [{"name":"Benefits","config":"Default", "file":"BarChartData.csv","info":"Monetized project benefits", "explanation":[{
                    "header": "Summary",
                    "body":[{
                      "type": "unorderedList",
                      "content": ["Monetized project benefits.",
                      "Total benefits and benefits per household.",
                      "Some benefits are positive and some benefits are negative.",
                      "Low english proficiency group benefits the most from the travel options benefit."]
                    }]
                  },
                  {
                    "header": "Instructions",
                    "body":[{
                      "type": "unorderedList",
                      "content": ["Hover mouse over bars to see detail.",
                      "Select \"Show Data\" to see tabulation.",
                      "Select/deselect bubbles to add/remove benefit groups."]
                    }]
                  }]}],
                "BarMap": [{"name":"Travel Options Benefit","config":"Default", "file":"BarChartAndMapData.csv","info":"Travel options (accessibility) benefits", "explanation":[{
                    "header": "Summary",
                    "body":[{
                      "type": "unorderedList",
                      "content": ["Travel options (accessibility) benefits by county.",
                      "Benefits by trip purpose and benefit group."]
                    }]
                  },
                  {
                    "header": "Instructions",
                    "body":[{
                      "type": "unorderedList",
                      "content": ["For the left graph: Select/deselect bubbles to add/remove benefit groups.",
                      "For the left graph: Hover mouse over graph to see detail.",
                      "For the map: Use the zone drop-down selection to view different benefit groups as zone colors.",
                      "For the map: Turn on bubbles under layers and use the bubbles drop-down selection to view different benefit groups by zone.",
                      "For the map: Turn on the project focus area and/or the benefit group areas under layers.",
                      "Select \"Show Data\" to see tabulation."]
                    }]
                  }]}],
                "3DMap": [{"name":"3D Travel Options Benefit","config":"Default","file":"3DAnimatedMapData.csv","info":"Travel options (accessibility) benefits", "explanation":[{
                    "header": "Summary",
                    "body":[{
                      "type": "unorderedList",
                      "content": ["Travel options (accessibility) benefits by zone.",
                      "Benefits by trip purpose and benefit group.",
                      "Project benefits are near the project."]
                    }]
                  },
                  {
                    "header": "Instructions",
                    "body":[{
                      "type": "unorderedList",
                      "content": ["Use the data drop-down selection to display the benefit group.",
                      "Select \"Show Data\" to see tabulation."]
                    }]
                  }]}],
                "Chord": [{"name":"Travel Time Savings","config":"Default", "file":"ChordData.csv","info":"Travel time savings by OD", "explanation":[{
                    "header": "Summary",
                    "body":[{
                      "type": "unorderedList",
                      "content": ["Origins and destinations of travel time savings benefit.",
                      "Gresham, Lents and PortlandCityCenter do well under this scenario."]
                    }]
                  },
                  {
                    "header": "Instructions",
                    "body":[{
                      "type": "unorderedList",
                      "content": ["Hover mouse over graph to see detail.",
                      "The connections between districts depict bi-directional flows.",
                      "Turn on desire lines in the map layers to see district-to-district trip flow lines.",
                      "Select \"Show Data\" to see tabulation."]
                    }]
                  }]}]
            }
        },
        "Scenarios": {
            "name": "Scenarios",
            "title": "I205 versus Division BRT",
            "CenterMap": [45.512794,-122.679565],
            "visualizations": {
                "Scatter": [{"name":"BC Ratio","config":"Default","file":"Scatter.csv","info":"Scenario benefit / cost", "explanation":[{
                    "header": "Summary",
                    "body":[{
                      "type": "unorderedList",
                      "content": ["Project benefit to cost ratio",
                      "Division BRT performs better"]
                    }]
                  },
                  {
                    "header": "Instructions",
                    "body":[{
                      "type": "unorderedList",
                      "content": ["Hover mouse over point to see detail.",
                      "Select \"Show Data\" to see tabulation."]
                    }]
                  }]}],
                "GroupedCharts": [{"name":"Benefits","config":"Default", "file":"BarChartData.csv","info":"Monetized project benefits", "explanation":[{
                    "header": "Summary",
                    "body":[{
                      "type": "unorderedList",
                      "content": ["Monetized project benefits.",
                      "Total benefits and benefits per household.",
                      "Some benefits are positive and some benefits are negative.",
                      "Children and seniors benefit the most from the travel options benefit."]
                    }]
                  },
                  {
                    "header": "Instructions",
                    "body":[{
                      "type": "unorderedList",
                      "content": ["Hover mouse over bars to see detail.",
                      "Select \"Show Data\" to see tabulation.",
                      "Select/deselect bubbles to add/remove benefit groups."]
                    }]
                  }]}]
            }
        },
        "Freight": {
            "name": "Freight",
            "title": "Freight Flows",
            "CenterMap": [45.512794,-122.679565],
            "visualizations": {
                "POIMap": [{"name":"Freight Flows","config":"Default","file":"PointofInterest.csv","info":"Freight model flows", "explanation":[{
                    "header": "Summary",
                    "body":[{
                      "type": "unorderedList",
                      "content": ["Freight flows at points of interest.",
                      "Includes all goods in addition to each individual good.",
                      "I-5 Southbound carrying the most daily tons and dollars of goods."]
                    }]
                  },
                  {
                    "header": "Instructions",
                    "body":[{
                      "type": "unorderedList",
                      "content": ["For the left graph: Select/deselect bubbles to add/remove goods.",
                      "For the left graph: Hover mouse over graph to see detail.",
                      "For the map: Use the drop-down selections to view different point values and goods.",
                      "For the map: Color the points by scaled data value size.",
                      "Select \"Show Data\" to see tabulation."]
                    }]
                  }]}]
            }
        },
        "Freight_Flows_RP": {
            "name": "Freight_Flows_RP",
            "title": "- Freight Flows - Resolution Plan",
            "CenterMap": [45.512794,-122.679565],
            "visualizations": {
                "POIMap": [{"name":"Freight Flows","config":"Default","file":"PointofInterest.csv","info":"Freight model flows"}]
            }
        },
        "Concept-B": {
            "name": "Concept-B",
            "title": "Concept B",
            "CenterMap": [45.512794,-122.679565],
            "ScenarioFocus": "concept-b.json",
            "visualizations": {
                "GroupedCharts": [{"name":"Benefits","config":"Default", "file":"BarChartData.csv","info":"Monetized project benefits", "explanation":[{
                    "header": "Summary",
                    "body":[{
                      "type": "unorderedList",
                      "content": ["Monetized project benefits.",
                      "Total benefits and benefits per household.",
                      "Some benefits are positive and some benefits are negative.",
                      "Mixed benefits story by benefit groups."]
                    }]
                  },
                  {
                    "header": "Instructions",
                    "body":[{
                      "type": "unorderedList",
                      "content": ["Hover mouse over bars to see detail.",
                      "Select \"Show Data\" to see tabulation.",
                      "Select/deselect bubbles to add/remove benefit groups."]
                    }]
                  }]}],
                "BarMap": [{"name":"Travel Options Benefit","config":"Default", "file":"BarChartAndMapData.csv","info":"Travel options (accessibility) benefits", "explanation":[{
                    "header": "Summary",
                    "body":[{
                      "type": "unorderedList",
                      "content": ["Travel options (accessibility) benefits by county.",
                      "Benefits by trip purpose and benefit group."]
                    }]
                  },
                  {
                    "header": "Instructions",
                    "body":[{
                      "type": "unorderedList",
                      "content": ["For the left graph: Select/deselect bubbles to add/remove benefit groups.",
                      "For the left graph: Hover mouse over graph to see detail.",
                      "For the map: Use the zone drop-down selection to view different benefit groups as zone colors.",
                      "For the map: Turn on bubbles under layers and use the bubbles drop-down selection to view different benefit groups by zone.",
                      "For the map: Turn on the project focus area and/or the benefit group areas under layers.",
                      "Select \"Show Data\" to see tabulation."]
                    }]
                  }]}],
                "3DMap": [{"name":"3D Travel Options Benefit","config":"Default","file":"3DAnimatedMapData.csv","info":"Travel options (accessibility) benefits", "explanation":[{
                    "header": "Summary",
                    "body":[{
                      "type": "unorderedList",
                      "content": ["Travel options (accessibility) benefits by zone.",
                      "Benefits by trip purpose and benefit group.",
                      "Project benefits are focused near the project."]
                    }]
                  },
                  {
                    "header": "Instructions",
                    "body":[{
                      "type": "unorderedList",
                      "content": ["Use the data drop-down selection to display the benefit group.",
                      "Select \"Show Data\" to see tabulation."]
                    }]
                  }]}],
                "Chord": [{"name":"Travel Time Savings","config":"Default", "file":"ChordData.csv","info":"Travel time savings by OD", "explanation":[{
                    "header": "Summary",
                    "body":[{
                      "type": "unorderedList",
                      "content": ["Origins and destinations of travel time savings benefit.",
                      "Either positive (+) or negative (-) benefits displayed.",
                      "Vancouver and Clark County do well.",
                      "Portland City Center does not do so well."]
                    }]
                  },
                  {
                    "header": "Instructions",
                    "body":[{
                      "type": "unorderedList",
                      "content": ["Hover mouse over graph to see detail.",
                      "The connections between districts depict bi-directional flows.",
                      "Turn on desire lines in the map layers to see district-to-district trip flow lines.",
                      "Select \"Show Data\" to see tabulation."]
                    }]
                  }]}]
            }
        },
        "Concept-E": {
            "name": "Concept-E",
            "title": "Concept E",
            "CenterMap": [45.512794,-122.679565],
            "ScenarioFocus": "concept-e.json",
            "visualizations": {
                "GroupedCharts": [{"name":"Benefits","config":"Default", "file":"BarChartData.csv","info":"Monetized project benefits", "explanation":[{
                    "header": "Summary",
                    "body":[{
                      "type": "unorderedList",
                      "content": ["Monetized project benefits.",
                      "Total benefits and benefits per household.",
                      "Some benefits are positive and some benefits are negative.",
                      "Mostly disbenefits for each benefit group."]
                    }]
                  },
                  {
                    "header": "Instructions",
                    "body":[{
                      "type": "unorderedList",
                      "content": ["Hover mouse over bars to see detail.",
                      "Select \"Show Data\" to see tabulation.",
                      "Select/deselect bubbles to add/remove benefit groups."]
                    }]
                  }]}],
                "BarMap": [{"name":"Travel Options Benefit","config":"Default", "file":"BarChartAndMapData.csv","info":"Travel options (accessibility) benefits", "explanation":[{
                    "header": "Summary",
                    "body":[{
                      "type": "unorderedList",
                      "content": ["Travel options (accessibility) benefits by county.",
                      "Benefits by trip purpose and benefit group."]
                    }]
                  },
                  {
                    "header": "Instructions",
                    "body":[{
                      "type": "unorderedList",
                      "content": ["For the left graph: Select/deselect bubbles to add/remove benefit groups.",
                      "For the left graph: Hover mouse over graph to see detail.",
                      "For the map: Use the zone drop-down selection to view different benefit groups as zone colors.",
                      "For the map: Turn on bubbles under layers and use the bubbles drop-down selection to view different benefit groups by zone.",
                      "For the map: Turn on the project focus area and/or the benefit group areas under layers.",
                      "Select \"Show Data\" to see tabulation."]
                    }]
                  }]}],
                "3DMap": [{"name":"3D Travel Options Benefit","config":"Default","file":"3DAnimatedMapData.csv","info":"Travel options (accessibility) benefits", "explanation":[{
                    "header": "Summary",
                    "body":[{
                      "type": "unorderedList",
                      "content": ["Travel options (accessibility) benefits by zone.",
                      "Benefits by trip purpose and benefit group.",
                      "Project disbenefits near the project."]
                    }]
                  },
                  {
                    "header": "Instructions",
                    "body":[{
                      "type": "unorderedList",
                      "content": ["Use the data drop-down selection to display the benefit group.",
                      "Select \"Show Data\" to see tabulation."]
                    }]
                  }]}],
                "Chord": [{"name":"Travel Time Savings","config":"Default", "file":"ChordData.csv","info":"Travel time savings by OD", "explanation":[{
                    "header": "Summary",
                    "body":[{
                      "type": "unorderedList",
                      "content": ["Origins and destinations of travel time savings benefit.",
                      "Either positive (+) or negative (-) benefits displayed.",
                      "Vancouver and Clark County do well",
                      "West Linn to Oregon City, Milwaukie to Lake Oswgo, Portland City Center do not do so well."]
                  },
                  {
                    "header": "Instructions",
                    "body":[{
                      "type": "unorderedList",
                      "content": ["Hover mouse over graph to see detail.",
                      "The connections between districts depict bi-directional flows.",
                      "Turn on desire lines in the map layers to see district-to-district trip flow lines.",
                      "Select \"Show Data\" to see tabulation."]
                    }]
                  }]}]
                }]
            }
        }
    },
    "RadarCharts": {
      "Default": {
        "NumberColsRadar": 4,
        "IndependentScale": ["Everyone Negative Benefits","Everyone Positive Benefits"],
        "ConvertAxesToPercent": false
      }
    }, 
    "GroupedCharts": {
        "Default": {
            "BarSpacing": "0.2",
            "RotateLabels": "0",
            "NumberColsGrouped": 2,
            "SwapLegendByDefault": false,
            "ShowAsPercentByDefault": "N/A",
            "ShowAsVerticalByDefault": true,
            "StackAllChartsByDefault": false,
            "ChartWidthOverride": [12,12,6,6,6]
        }
    },
    "POIMap": {
        "Default": {
            "BarSpacing": "0.6",
            "RotateLabels": "0",
            "LegendTitle": "Freight Flows",
            "BubbleDefault": true
        }
    },
    "BarMap": {
      "Default": {
        "BarSpacing": "0.6",
        "RotateLabels": "0",
        "ZoneFile": "taz2162ll.json", 
        "ZoneFilterFile": "cocs.csv",
        "ZoneFilterLabel": "Historically Marginalized Communities",
        "CycleMapTools": false,
        "ZoneFilters": {
          "minority_zone": "Minority",
          "lowengpro_zone": "Low English",
          "age18or65_zone": "Age 18 or 65",
          "lowinc_zone": "Low Income"
        }
      }
    },
    "colorRamps": {
        "Reds": false, 
        "RedGreen": true, 
        "Greens": false, 
        "Greys": false, 
        "Oranges": false, 
        "Blues": true, 
        "Purples": false
    }, 
    "Scatter": {}, 
    "Chord": {
        "Default": {
            "ZoneFile": "termini.json",
            "LabelSize": "14",
            "LegendRows": 4,
            "LegendText": "Benefits"
        }
    }, 
    "3DMap": {
        "Default": {
            "ShowPeriodsAsDropdown": true,
            "DataHasPeriods": false,
            "ZoneFilterLabel": "Historically Marginalized Communities",
            "ZoneFilterFile": "cocs.csv",
            "CentroidsOff": true,
            "ZoneFile": "taz2162ll.json", 
            "ZoneFilters": {}
        }
    }
}