FROM,TO,Trips
Atlanta-DeKalb,Atlanta-DeKalb,6
Atlanta-DeKalb,Buckhead,2
Atlanta-DeKalb,CBDAtlanta,2
Atlanta-DeKalb,Chamblee,1
Atlanta-DeKalb,Decatur,0
Atlanta-DeKalb,NEAtlanta,6
Atlanta-DeKalb,NEDeKalb,0
Atlanta-DeKalb,NFulton,0
Atlanta-DeKalb,NWAtlanta,0
Atlanta-DeKalb,NWDeKalb,3
Atlanta-DeKalb,Roswell,0
Atlanta-DeKalb,SDeKalb,1
Atlanta-DeKalb,SEAtlanta,1
Atlanta-DeKalb,SEDeKalb,0
Atlanta-DeKalb,SFulton,0
Atlanta-DeKalb,SWAtlanta,0
Atlanta-DeKalb,SWDeKalb,3
Atlanta-DeKalb,SandySprings,1
Atlanta-DeKalb,Shannon,0
Atlanta-DeKalb,Tri-Cities,0
Buckhead,Atlanta-DeKalb,0
Buckhead,Buckhead,56
Buckhead,CBDAtlanta,19
Buckhead,Chamblee,11
Buckhead,Decatur,0
Buckhead,NEAtlanta,20
Buckhead,NEDeKalb,4
Buckhead,NFulton,2
Buckhead,NWAtlanta,5
Buckhead,NWDeKalb,3
Buckhead,Roswell,1
Buckhead,SDeKalb,1
Buckhead,SEAtlanta,1
Buckhead,SEDeKalb,2
Buckhead,SFulton,0
Buckhead,SWAtlanta,8
Buckhead,SWDeKalb,0
Buckhead,SandySprings,10
Buckhead,Shannon,1
Buckhead,Tri-Cities,2
CBDAtlanta,Atlanta-DeKalb,2
CBDAtlanta,Buckhead,17
CBDAtlanta,CBDAtlanta,71
CBDAtlanta,Chamblee,11
CBDAtlanta,Decatur,4
CBDAtlanta,NEAtlanta,31
CBDAtlanta,NEDeKalb,2
CBDAtlanta,NFulton,0
CBDAtlanta,NWAtlanta,16
CBDAtlanta,NWDeKalb,7
CBDAtlanta,Roswell,0
CBDAtlanta,SDeKalb,3
CBDAtlanta,SEAtlanta,7
CBDAtlanta,SEDeKalb,3
CBDAtlanta,SFulton,2
CBDAtlanta,SWAtlanta,10
CBDAtlanta,SWDeKalb,11
CBDAtlanta,SandySprings,10
CBDAtlanta,Shannon,1
CBDAtlanta,Tri-Cities,17
Chamblee,Atlanta-DeKalb,0
Chamblee,Buckhead,10
Chamblee,CBDAtlanta,11
Chamblee,Chamblee,51
Chamblee,Decatur,0
Chamblee,NEAtlanta,12
Chamblee,NEDeKalb,3
Chamblee,NFulton,2
Chamblee,NWAtlanta,6
Chamblee,NWDeKalb,1
Chamblee,Roswell,0
Chamblee,SDeKalb,0
Chamblee,SEAtlanta,0
Chamblee,SEDeKalb,0
Chamblee,SFulton,0
Chamblee,SWAtlanta,4
Chamblee,SWDeKalb,1
Chamblee,SandySprings,7
Chamblee,Shannon,0
Chamblee,Tri-Cities,1
Decatur,Atlanta-DeKalb,1
Decatur,Buckhead,0
Decatur,CBDAtlanta,6
Decatur,Chamblee,0
Decatur,Decatur,6
Decatur,NEAtlanta,4
Decatur,NEDeKalb,3
Decatur,NFulton,0
Decatur,NWAtlanta,2
Decatur,NWDeKalb,9
Decatur,Roswell,0
Decatur,SDeKalb,0
Decatur,SEAtlanta,0
Decatur,SEDeKalb,0
Decatur,SFulton,0
Decatur,SWAtlanta,0
Decatur,SWDeKalb,5
Decatur,SandySprings,0
Decatur,Shannon,0
Decatur,Tri-Cities,0
NEAtlanta,Atlanta-DeKalb,5
NEAtlanta,Buckhead,18
NEAtlanta,CBDAtlanta,33
NEAtlanta,Chamblee,8
NEAtlanta,Decatur,2
NEAtlanta,NEAtlanta,106
NEAtlanta,NEDeKalb,3
NEAtlanta,NFulton,4
NEAtlanta,NWAtlanta,17
NEAtlanta,NWDeKalb,9
NEAtlanta,Roswell,0
NEAtlanta,SDeKalb,1
NEAtlanta,SEAtlanta,9
NEAtlanta,SEDeKalb,1
NEAtlanta,SFulton,1
NEAtlanta,SWAtlanta,8
NEAtlanta,SWDeKalb,8
NEAtlanta,SandySprings,14
NEAtlanta,Shannon,1
NEAtlanta,Tri-Cities,9
NEDeKalb,Atlanta-DeKalb,1
NEDeKalb,Buckhead,4
NEDeKalb,CBDAtlanta,6
NEDeKalb,Chamblee,4
NEDeKalb,Decatur,3
NEDeKalb,NEAtlanta,3
NEDeKalb,NEDeKalb,22
NEDeKalb,NFulton,0
NEDeKalb,NWAtlanta,0
NEDeKalb,NWDeKalb,8
NEDeKalb,Roswell,0
NEDeKalb,SDeKalb,1
NEDeKalb,SEAtlanta,1
NEDeKalb,SEDeKalb,3
NEDeKalb,SFulton,0
NEDeKalb,SWAtlanta,1
NEDeKalb,SWDeKalb,13
NEDeKalb,SandySprings,0
NEDeKalb,Shannon,1
NEDeKalb,Tri-Cities,0
NFulton,Atlanta-DeKalb,1
NFulton,Buckhead,1
NFulton,CBDAtlanta,2
NFulton,Chamblee,1
NFulton,Decatur,0
NFulton,NEAtlanta,4
NFulton,NEDeKalb,0
NFulton,NFulton,13
NFulton,NWAtlanta,0
NFulton,NWDeKalb,0
NFulton,Roswell,2
NFulton,SDeKalb,0
NFulton,SEAtlanta,0
NFulton,SEDeKalb,0
NFulton,SFulton,1
NFulton,SWAtlanta,2
NFulton,SWDeKalb,0
NFulton,SandySprings,12
NFulton,Shannon,0
NFulton,Tri-Cities,0
NWAtlanta,Atlanta-DeKalb,0
NWAtlanta,Buckhead,7
NWAtlanta,CBDAtlanta,19
NWAtlanta,Chamblee,6
NWAtlanta,Decatur,4
NWAtlanta,NEAtlanta,14
NWAtlanta,NEDeKalb,1
NWAtlanta,NFulton,0
NWAtlanta,NWAtlanta,52
NWAtlanta,NWDeKalb,2
NWAtlanta,Roswell,0
NWAtlanta,SDeKalb,0
NWAtlanta,SEAtlanta,1
NWAtlanta,SEDeKalb,1
NWAtlanta,SFulton,1
NWAtlanta,SWAtlanta,26
NWAtlanta,SWDeKalb,1
NWAtlanta,SandySprings,2
NWAtlanta,Shannon,2
NWAtlanta,Tri-Cities,4
NWDeKalb,Atlanta-DeKalb,3
NWDeKalb,Buckhead,5
NWDeKalb,CBDAtlanta,8
NWDeKalb,Chamblee,2
NWDeKalb,Decatur,11
NWDeKalb,NEAtlanta,8
NWDeKalb,NEDeKalb,6
NWDeKalb,NFulton,1
NWDeKalb,NWAtlanta,3
NWDeKalb,NWDeKalb,30
NWDeKalb,Roswell,0
NWDeKalb,SDeKalb,2
NWDeKalb,SEAtlanta,0
NWDeKalb,SEDeKalb,2
NWDeKalb,SFulton,0
NWDeKalb,SWAtlanta,1
NWDeKalb,SWDeKalb,8
NWDeKalb,SandySprings,1
NWDeKalb,Shannon,0
NWDeKalb,Tri-Cities,0
Roswell,Atlanta-DeKalb,0
Roswell,Buckhead,1
Roswell,CBDAtlanta,2
Roswell,Chamblee,0
Roswell,Decatur,0
Roswell,NEAtlanta,1
Roswell,NEDeKalb,1
Roswell,NFulton,2
Roswell,NWAtlanta,0
Roswell,NWDeKalb,0
Roswell,Roswell,7
Roswell,SDeKalb,0
Roswell,SEAtlanta,0
Roswell,SEDeKalb,0
Roswell,SFulton,0
Roswell,SWAtlanta,0
Roswell,SWDeKalb,0
Roswell,SandySprings,8
Roswell,Shannon,0
Roswell,Tri-Cities,0
SDeKalb,Atlanta-DeKalb,0
SDeKalb,Buckhead,1
SDeKalb,CBDAtlanta,2
SDeKalb,Chamblee,1
SDeKalb,Decatur,2
SDeKalb,NEAtlanta,0
SDeKalb,NEDeKalb,1
SDeKalb,NFulton,1
SDeKalb,NWAtlanta,0
SDeKalb,NWDeKalb,3
SDeKalb,Roswell,0
SDeKalb,SDeKalb,7
SDeKalb,SEAtlanta,1
SDeKalb,SEDeKalb,2
SDeKalb,SFulton,0
SDeKalb,SWAtlanta,0
SDeKalb,SWDeKalb,4
SDeKalb,SandySprings,0
SDeKalb,Shannon,0
SDeKalb,Tri-Cities,0
SEAtlanta,Atlanta-DeKalb,1
SEAtlanta,Buckhead,2
SEAtlanta,CBDAtlanta,13
SEAtlanta,Chamblee,1
SEAtlanta,Decatur,0
SEAtlanta,NEAtlanta,15
SEAtlanta,NEDeKalb,0
SEAtlanta,NFulton,0
SEAtlanta,NWAtlanta,3
SEAtlanta,NWDeKalb,0
SEAtlanta,Roswell,0
SEAtlanta,SDeKalb,1
SEAtlanta,SEAtlanta,22
SEAtlanta,SEDeKalb,1
SEAtlanta,SFulton,0
SEAtlanta,SWAtlanta,16
SEAtlanta,SWDeKalb,1
SEAtlanta,SandySprings,3
SEAtlanta,Shannon,2
SEAtlanta,Tri-Cities,8
SEDeKalb,Atlanta-DeKalb,0
SEDeKalb,Buckhead,2
SEDeKalb,CBDAtlanta,6
SEDeKalb,Chamblee,1
SEDeKalb,Decatur,0
SEDeKalb,NEAtlanta,1
SEDeKalb,NEDeKalb,4
SEDeKalb,NFulton,2
SEDeKalb,NWAtlanta,1
SEDeKalb,NWDeKalb,2
SEDeKalb,Roswell,0
SEDeKalb,SDeKalb,0
SEDeKalb,SEAtlanta,0
SEDeKalb,SEDeKalb,18
SEDeKalb,SFulton,0
SEDeKalb,SWAtlanta,2
SEDeKalb,SWDeKalb,16
SEDeKalb,SandySprings,0
SEDeKalb,Shannon,2
SEDeKalb,Tri-Cities,0
SFulton,Atlanta-DeKalb,0
SFulton,Buckhead,0
SFulton,CBDAtlanta,2
SFulton,Chamblee,2
SFulton,Decatur,0
SFulton,NEAtlanta,2
SFulton,NEDeKalb,0
SFulton,NFulton,0
SFulton,NWAtlanta,1
SFulton,NWDeKalb,1
SFulton,Roswell,0
SFulton,SDeKalb,0
SFulton,SEAtlanta,0
SFulton,SEDeKalb,0
SFulton,SFulton,0
SFulton,SWAtlanta,2
SFulton,SWDeKalb,0
SFulton,SandySprings,0
SFulton,Shannon,2
SFulton,Tri-Cities,2
SWAtlanta,Atlanta-DeKalb,0
SWAtlanta,Buckhead,9
SWAtlanta,CBDAtlanta,11
SWAtlanta,Chamblee,4
SWAtlanta,Decatur,0
SWAtlanta,NEAtlanta,6
SWAtlanta,NEDeKalb,2
SWAtlanta,NFulton,2
SWAtlanta,NWAtlanta,28
SWAtlanta,NWDeKalb,0
SWAtlanta,Roswell,0
SWAtlanta,SDeKalb,0
SWAtlanta,SEAtlanta,13
SWAtlanta,SEDeKalb,1
SWAtlanta,SFulton,2
SWAtlanta,SWAtlanta,78
SWAtlanta,SWDeKalb,2
SWAtlanta,SandySprings,3
SWAtlanta,Shannon,3
SWAtlanta,Tri-Cities,12
SWDeKalb,Atlanta-DeKalb,5
SWDeKalb,Buckhead,2
SWDeKalb,CBDAtlanta,14
SWDeKalb,Chamblee,2
SWDeKalb,Decatur,3
SWDeKalb,NEAtlanta,11
SWDeKalb,NEDeKalb,7
SWDeKalb,NFulton,0
SWDeKalb,NWAtlanta,0
SWDeKalb,NWDeKalb,11
SWDeKalb,Roswell,0
SWDeKalb,SDeKalb,3
SWDeKalb,SEAtlanta,2
SWDeKalb,SEDeKalb,11
SWDeKalb,SFulton,0
SWDeKalb,SWAtlanta,1
SWDeKalb,SWDeKalb,44
SWDeKalb,SandySprings,3
SWDeKalb,Shannon,0
SWDeKalb,Tri-Cities,2
SandySprings,Atlanta-DeKalb,0
SandySprings,Buckhead,12
SandySprings,CBDAtlanta,18
SandySprings,Chamblee,9
SandySprings,Decatur,0
SandySprings,NEAtlanta,12
SandySprings,NEDeKalb,2
SandySprings,NFulton,10
SandySprings,NWAtlanta,0
SandySprings,NWDeKalb,2
SandySprings,Roswell,9
SandySprings,SDeKalb,0
SandySprings,SEAtlanta,3
SandySprings,SEDeKalb,0
SandySprings,SFulton,0
SandySprings,SWAtlanta,4
SandySprings,SWDeKalb,0
SandySprings,SandySprings,37
SandySprings,Shannon,0
SandySprings,Tri-Cities,1
Shannon,Atlanta-DeKalb,0
Shannon,Buckhead,2
Shannon,CBDAtlanta,2
Shannon,Chamblee,0
Shannon,Decatur,0
Shannon,NEAtlanta,0
Shannon,NEDeKalb,1
Shannon,NFulton,0
Shannon,NWAtlanta,1
Shannon,NWDeKalb,0
Shannon,Roswell,0
Shannon,SDeKalb,1
Shannon,SEAtlanta,0
Shannon,SEDeKalb,0
Shannon,SFulton,3
Shannon,SWAtlanta,5
Shannon,SWDeKalb,0
Shannon,SandySprings,0
Shannon,Shannon,10
Shannon,Tri-Cities,4
Tri-Cities,Atlanta-DeKalb,0
Tri-Cities,Buckhead,4
Tri-Cities,CBDAtlanta,8
Tri-Cities,Chamblee,1
Tri-Cities,Decatur,1
Tri-Cities,NEAtlanta,10
Tri-Cities,NEDeKalb,1
Tri-Cities,NFulton,0
Tri-Cities,NWAtlanta,2
Tri-Cities,NWDeKalb,0
Tri-Cities,Roswell,0
Tri-Cities,SDeKalb,0
Tri-Cities,SEAtlanta,7
Tri-Cities,SEDeKalb,0
Tri-Cities,SFulton,3
Tri-Cities,SWAtlanta,12
Tri-Cities,SWDeKalb,1
Tri-Cities,SandySprings,2
Tri-Cities,Shannon,6
Tri-Cities,Tri-Cities,54
