[{"ID":1413,"AREA":5999.00976,"STATEFP":"31","COUNTYFP":"031","COUNTYNS":"00835837","AFFGEOID":"0500000US31031","GEOID":"31031","NAME":"Cherry","LSAD":"06","ALAND":15437761321,"AWATER":126677223},{"ID":151,"AREA":712.988525,"STATEFP":"31","COUNTYFP":"171","COUNTYNS":"00835907","AFFGEOID":"0500000US31171","GEOID":"31171","NAME":"Thomas","LSAD":"06","ALAND":1846268434,"AWATER":2028358},{"ID":150,"AREA":570.343445,"STATEFP":"31","COUNTYFP":"113","COUNTYNS":"00835878","AFFGEOID":"0500000US31113","GEOID":"31113","NAME":"Logan","LSAD":"06","ALAND":1477985406,"AWATER":1203586},{"ID":2327,"AREA":2572.03735,"STATEFP":"31","COUNTYFP":"111","COUNTYNS":"00835877","AFFGEOID":"0500000US31111","GEOID":"31111","NAME":"Lincoln","LSAD":"06","ALAND":6640907003,"AWATER":28630225},{"ID":2716,"AREA":744.317627,"STATEFP":"31","COUNTYFP":"157","COUNTYNS":"00835900","AFFGEOID":"0500000US31157","GEOID":"31157","NAME":"Scotts Bluff","LSAD":"06","ALAND":1915039161,"AWATER":15437668},{"ID":1287,"AREA":1427.64733,"STATEFP":"31","COUNTYFP":"123","COUNTYNS":"00835883","AFFGEOID":"0500000US31123","GEOID":"31123","NAME":"Morrill","LSAD":"06","ALAND":3687727802,"AWATER":15598670},{"ID":542,"AREA":1728.58081,"STATEFP":"31","COUNTYFP":"069","COUNTYNS":"00835856","AFFGEOID":"0500000US31069","GEOID":"31069","NAME":"Garden","LSAD":"06","ALAND":4414047809,"AWATER":68874632},{"ID":3045,"AREA":781.973267,"STATEFP":"31","COUNTYFP":"075","COUNTYNS":"00835859","AFFGEOID":"0500000US31075","GEOID":"31075","NAME":"Grant","LSAD":"06","ALAND":2010407809,"AWATER":18130867},{"ID":2312,"AREA":720.460327,"STATEFP":"31","COUNTYFP":"091","COUNTYNS":"00835867","AFFGEOID":"0500000US31091","GEOID":"31091","NAME":"Hooker","LSAD":"06","ALAND":1867683338,"AWATER":882994},{"ID":2701,"AREA":1194.84619,"STATEFP":"31","COUNTYFP":"033","COUNTYNS":"00835838","AFFGEOID":"0500000US31033","GEOID":"31033","NAME":"Cheyenne","LSAD":"06","ALAND":3098367773,"AWATER":292549},{"ID":2714,"AREA":951.074829,"STATEFP":"31","COUNTYFP":"105","COUNTYNS":"00835874","AFFGEOID":"0500000US31105","GEOID":"31105","NAME":"Kimball","LSAD":"06","ALAND":2465269098,"AWATER":1448446},{"ID":790,"AREA":744.861267,"STATEFP":"31","COUNTYFP":"007","COUNTYNS":"00835826","AFFGEOID":"0500000US31007","GEOID":"31007","NAME":"Banner","LSAD":"06","ALAND":1932676935,"AWATER":397069},{"ID":2314,"AREA":1108.08837,"STATEFP":"31","COUNTYFP":"101","COUNTYNS":"00835872","AFFGEOID":"0500000US31101","GEOID":"31101","NAME":"Keith","LSAD":"06","ALAND":2749565257,"AWATER":124671559},{"ID":3108,"AREA":717.411804,"STATEFP":"31","COUNTYFP":"005","COUNTYNS":"00835825","AFFGEOID":"0500000US31005","GEOID":"31005","NAME":"Arthur","LSAD":"06","ALAND":1852760329,"AWATER":7644719},{"ID":3114,"AREA":859.1026,"STATEFP":"31","COUNTYFP":"117","COUNTYNS":"00835881","AFFGEOID":"0500000US31117","GEOID":"31117","NAME":"McPherson","LSAD":"06","ALAND":2224742895,"AWATER":2680669},{"ID":2696,"AREA":1076.22705,"STATEFP":"31","COUNTYFP":"013","COUNTYNS":"00835991","AFFGEOID":"0500000US31013","GEOID":"31013","NAME":"Box Butte","LSAD":"06","ALAND":2785005881,"AWATER":6588657},{"ID":1303,"AREA":2465.60424,"STATEFP":"31","COUNTYFP":"161","COUNTYNS":"00835902","AFFGEOID":"0500000US31161","GEOID":"31161","NAME":"Sheridan","LSAD":"06","ALAND":6321831894,"AWATER":74941797},{"ID":2804,"AREA":2063.98095,"STATEFP":"31","COUNTYFP":"165","COUNTYNS":"00835904","AFFGEOID":"0500000US31165","GEOID":"31165","NAME":"Sioux","LSAD":"06","ALAND":5352525304,"AWATER":1872668},{"ID":2982,"AREA":1398.69763,"STATEFP":"31","COUNTYFP":"045","COUNTYNS":"00835844","AFFGEOID":"0500000US31045","GEOID":"31045","NAME":"Dawes","LSAD":"06","ALAND":3616823755,"AWATER":11921995},{"ID":856,"AREA":713.092102,"STATEFP":"31","COUNTYFP":"009","COUNTYNS":"00835827","AFFGEOID":"0500000US31009","GEOID":"31009","NAME":"Blaine","LSAD":"06","ALAND":1840655370,"AWATER":9443900},{"ID":2328,"AREA":570.15918,"STATEFP":"31","COUNTYFP":"115","COUNTYNS":"00835879","AFFGEOID":"0500000US31115","GEOID":"31115","NAME":"Loup","LSAD":"06","ALAND":1471707073,"AWATER":7275368},{"ID":1258,"AREA":570.586365,"STATEFP":"31","COUNTYFP":"071","COUNTYNS":"00835857","AFFGEOID":"0500000US31071","GEOID":"31071","NAME":"Garfield","LSAD":"06","ALAND":1475757743,"AWATER":4125559},{"ID":2362,"AREA":574.710632,"STATEFP":"31","COUNTYFP":"183","COUNTYNS":"00835913","AFFGEOID":"0500000US31183","GEOID":"31183","NAME":"Wheeler","LSAD":"06","ALAND":1489739734,"AWATER":1059454},{"ID":2313,"AREA":574.808167,"STATEFP":"31","COUNTYFP":"093","COUNTYNS":"00835868","AFFGEOID":"0500000US31093","GEOID":"31093","NAME":"Howard","LSAD":"06","ALAND":1474578442,"AWATER":16199404},{"ID":2310,"AREA":569.792908,"STATEFP":"31","COUNTYFP":"077","COUNTYNS":"00835860","AFFGEOID":"0500000US31077","GEOID":"31077","NAME":"Greeley","LSAD":"06","ALAND":1475804184,"AWATER":2188873},{"ID":1427,"AREA":2572.302,"STATEFP":"31","COUNTYFP":"041","COUNTYNS":"00835842","AFFGEOID":"0500000US31041","GEOID":"31041","NAME":"Custer","LSAD":"06","ALAND":6670698531,"AWATER":932956},{"ID":2347,"AREA":570.88208,"STATEFP":"31","COUNTYFP":"163","COUNTYNS":"00835903","AFFGEOID":"0500000US31163","GEOID":"31163","NAME":"Sherman","LSAD":"06","ALAND":1465489243,"AWATER":15062146},{"ID":2360,"AREA":569.652283,"STATEFP":"31","COUNTYFP":"175","COUNTYNS":"00835909","AFFGEOID":"0500000US31175","GEOID":"31175","NAME":"Valley","LSAD":"06","ALAND":1471237003,"AWATER":6242699},{"ID":1273,"AREA":2413.46948,"STATEFP":"31","COUNTYFP":"089","COUNTYNS":"00835866","AFFGEOID":"0500000US31089","GEOID":"31089","NAME":"Holt","LSAD":"06","ALAND":6248082957,"AWATER":13201503},{"ID":2103,"AREA":1010.05151,"STATEFP":"31","COUNTYFP":"149","COUNTYNS":"00835896","AFFGEOID":"0500000US31149","GEOID":"31149","NAME":"Rock","LSAD":"06","ALAND":2611500852,"AWATER":8807750},{"ID":2535,"AREA":1223.19494,"STATEFP":"31","COUNTYFP":"017","COUNTYNS":"00835830","AFFGEOID":"0500000US31017","GEOID":"31017","NAME":"Brown","LSAD":"06","ALAND":3163293928,"AWATER":9814399},{"ID":2727,"AREA":978.917419,"STATEFP":"31","COUNTYFP":"063","COUNTYNS":"00835853","AFFGEOID":"0500000US31063","GEOID":"31063","NAME":"Frontier","LSAD":"06","ALAND":2524180468,"AWATER":14212842},{"ID":2346,"AREA":717.226074,"STATEFP":"31","COUNTYFP":"145","COUNTYNS":"00835894","AFFGEOID":"0500000US31145","GEOID":"31145","NAME":"Red Willow","LSAD":"06","ALAND":1856984023,"AWATER":2643458},{"ID":2702,"AREA":920.165222,"STATEFP":"31","COUNTYFP":"057","COUNTYNS":"00835850","AFFGEOID":"0500000US31057","GEOID":"31057","NAME":"Dundy","LSAD":"06","ALAND":2381955215,"AWATER":3046330},{"ID":1412,"AREA":896.27887,"STATEFP":"31","COUNTYFP":"029","COUNTYNS":"00835836","AFFGEOID":"0500000US31029","GEOID":"31029","NAME":"Chase","LSAD":"06","ALAND":2316533577,"AWATER":7978174},{"ID":2330,"AREA":883.288818,"STATEFP":"31","COUNTYFP":"135","COUNTYNS":"00835889","AFFGEOID":"0500000US31135","GEOID":"31135","NAME":"Perkins","LSAD":"06","ALAND":2287828000,"AWATER":2840176},{"ID":3109,"AREA":717.664001,"STATEFP":"31","COUNTYFP":"087","COUNTYNS":"00835865","AFFGEOID":"0500000US31087","GEOID":"31087","NAME":"Hitchcock","LSAD":"06","ALAND":1838742723,"AWATER":22103380},{"ID":3052,"AREA":712.563171,"STATEFP":"31","COUNTYFP":"085","COUNTYNS":"00835864","AFFGEOID":"0500000US31085","GEOID":"31085","NAME":"Hayes","LSAD":"06","ALAND":1846821514,"AWATER":570786},{"ID":1275,"AREA":845.348816,"STATEFP":"31","COUNTYFP":"109","COUNTYNS":"00835876","AFFGEOID":"0500000US31109","GEOID":"31109","NAME":"Lancaster","LSAD":"06","ALAND":2169240202,"AWATER":22877180},{"ID":2297,"AREA":859.14679,"STATEFP":"31","COUNTYFP":"067","COUNTYNS":"00835855","AFFGEOID":"0500000US31067","GEOID":"31067","NAME":"Gage","LSAD":"06","ALAND":2205274215,"AWATER":22014404},{"ID":2295,"AREA":563.526428,"STATEFP":"31","COUNTYFP":"001","COUNTYNS":"00835823","AFFGEOID":"0500000US31001","GEOID":"31001","NAME":"Adams","LSAD":"06","ALAND":1458869089,"AWATER":2481410},{"ID":2626,"AREA":551.472839,"STATEFP":"31","COUNTYFP":"079","COUNTYNS":"00835861","AFFGEOID":"0500000US31079","GEOID":"31079","NAME":"Hall","LSAD":"06","ALAND":1414817883,"AWATER":15229247},{"ID":2728,"AREA":574.395874,"STATEFP":"31","COUNTYFP":"181","COUNTYNS":"00835912","AFFGEOID":"0500000US31181","GEOID":"31181","NAME":"Webster","LSAD":"06","ALAND":1489017969,"AWATER":337241},{"ID":1436,"AREA":1018.22522,"STATEFP":"31","COUNTYFP":"047","COUNTYNS":"00835845","AFFGEOID":"0500000US31047","GEOID":"31047","NAME":"Dawson","LSAD":"06","ALAND":2623947385,"AWATER":16371626},{"ID":2086,"AREA":974.150269,"STATEFP":"31","COUNTYFP":"019","COUNTYNS":"00835831","AFFGEOID":"0500000US31019","GEOID":"31019","NAME":"Buffalo","LSAD":"06","ALAND":2507357642,"AWATER":18914607},{"ID":1289,"AREA":539.843079,"STATEFP":"31","COUNTYFP":"137","COUNTYNS":"00835890","AFFGEOID":"0500000US31137","GEOID":"31137","NAME":"Phelps","LSAD":"06","ALAND":1398048578,"AWATER":1646534},{"ID":2311,"AREA":573.448792,"STATEFP":"31","COUNTYFP":"083","COUNTYNS":"00835863","AFFGEOID":"0500000US31083","GEOID":"31083","NAME":"Harlan","LSAD":"06","ALAND":1433471290,"AWATER":53339808},{"ID":2680,"AREA":462.105042,"STATEFP":"31","COUNTYFP":"073","COUNTYNS":"00835858","AFFGEOID":"0500000US31073","GEOID":"31073","NAME":"Gosper","LSAD":"06","ALAND":1186616236,"AWATER":11831826},{"ID":1257,"AREA":719.975647,"STATEFP":"31","COUNTYFP":"065","COUNTYNS":"00835854","AFFGEOID":"0500000US31065","GEOID":"31065","NAME":"Furnas","LSAD":"06","ALAND":1862542307,"AWATER":3915843},{"ID":2711,"AREA":515.690979,"STATEFP":"31","COUNTYFP":"099","COUNTYNS":"00835871","AFFGEOID":"0500000US31099","GEOID":"31099","NAME":"Kearney","LSAD":"06","ALAND":1337063628,"AWATER":274634},{"ID":2710,"AREA":575.409119,"STATEFP":"31","COUNTYFP":"061","COUNTYNS":"00835852","AFFGEOID":"0500000US31061","GEOID":"31061","NAME":"Franklin","LSAD":"06","ALAND":1491355770,"AWATER":487899},{"ID":1259,"AREA":544.020874,"STATEFP":"31","COUNTYFP":"081","COUNTYNS":"00835862","AFFGEOID":"0500000US31081","GEOID":"31081","NAME":"Hamilton","LSAD":"06","ALAND":1403528265,"AWATER":7341100},{"ID":149,"AREA":575.850098,"STATEFP":"31","COUNTYFP":"059","COUNTYNS":"00835851","AFFGEOID":"0500000US31059","GEOID":"31059","NAME":"Fillmore","LSAD":"06","ALAND":1490202786,"AWATER":2989990},{"ID":2717,"AREA":575.09436,"STATEFP":"31","COUNTYFP":"185","COUNTYNS":"00835914","AFFGEOID":"0500000US31185","GEOID":"31185","NAME":"York","LSAD":"06","ALAND":1482793517,"AWATER":8595590},{"ID":2348,"AREA":574.445374,"STATEFP":"31","COUNTYFP":"169","COUNTYNS":"00835906","AFFGEOID":"0500000US31169","GEOID":"31169","NAME":"Thayer","LSAD":"06","ALAND":1486153354,"AWATER":3025340},{"ID":2637,"AREA":575.163269,"STATEFP":"31","COUNTYFP":"159","COUNTYNS":"00835901","AFFGEOID":"0500000US31159","GEOID":"31159","NAME":"Seward","LSAD":"06","ALAND":1479990669,"AWATER":11547536},{"ID":1424,"AREA":572.837158,"STATEFP":"31","COUNTYFP":"035","COUNTYNS":"00835839","AFFGEOID":"0500000US31035","GEOID":"31035","NAME":"Clay","LSAD":"06","ALAND":1482222907,"AWATER":3234878},{"ID":2715,"AREA":575.174622,"STATEFP":"31","COUNTYFP":"129","COUNTYNS":"00835886","AFFGEOID":"0500000US31129","GEOID":"31129","NAME":"Nuckolls","LSAD":"06","ALAND":1489645187,"AWATER":1718484},{"ID":544,"AREA":575.593445,"STATEFP":"31","COUNTYFP":"151","COUNTYNS":"00835897","AFFGEOID":"0500000US31151","GEOID":"31151","NAME":"Saline","LSAD":"06","ALAND":1486698708,"AWATER":5934626},{"ID":1274,"AREA":575.194458,"STATEFP":"31","COUNTYFP":"095","COUNTYNS":"00835869","AFFGEOID":"0500000US31095","GEOID":"31095","NAME":"Jefferson","LSAD":"06","ALAND":1476728674,"AWATER":14239894},{"ID":2915,"AREA":565.132629,"STATEFP":"31","COUNTYFP":"025","COUNTYNS":"00835834","AFFGEOID":"0500000US31025","GEOID":"31025","NAME":"Cass","LSAD":"06","ALAND":1443779582,"AWATER":21872205},{"ID":2572,"AREA":618.239929,"STATEFP":"31","COUNTYFP":"131","COUNTYNS":"00835887","AFFGEOID":"0500000US31131","GEOID":"31131","NAME":"Otoe","LSAD":"06","ALAND":1594475628,"AWATER":8775373},{"ID":2703,"AREA":376.297424,"STATEFP":"31","COUNTYFP":"097","COUNTYNS":"00835870","AFFGEOID":"0500000US31097","GEOID":"31097","NAME":"Johnson","LSAD":"06","ALAND":973968227,"AWATER":1766531},{"ID":1288,"AREA":432.68634,"STATEFP":"31","COUNTYFP":"133","COUNTYNS":"00835888","AFFGEOID":"0500000US31133","GEOID":"31133","NAME":"Pawnee","LSAD":"06","ALAND":1116478188,"AWATER":4852361},{"ID":1410,"AREA":857.2724,"STATEFP":"31","COUNTYFP":"003","COUNTYNS":"00835824","AFFGEOID":"0500000US31003","GEOID":"31003","NAME":"Antelope","LSAD":"06","ALAND":2220183811,"AWATER":3558463},{"ID":1286,"AREA":574.523254,"STATEFP":"31","COUNTYFP":"119","COUNTYNS":"00835880","AFFGEOID":"0500000US31119","GEOID":"31119","NAME":"Madison","LSAD":"06","ALAND":1483396631,"AWATER":7013730},{"ID":1304,"AREA":430.367615,"STATEFP":"31","COUNTYFP":"167","COUNTYNS":"00835905","AFFGEOID":"0500000US31167","GEOID":"31167","NAME":"Stanton","LSAD":"06","ALAND":1108381539,"AWATER":7908771},{"ID":1426,"AREA":573.808899,"STATEFP":"31","COUNTYFP":"039","COUNTYNS":"00835841","AFFGEOID":"0500000US31039","GEOID":"31039","NAME":"Cuming","LSAD":"06","ALAND":1477895811,"AWATER":10447360},{"ID":2087,"AREA":496.254303,"STATEFP":"31","COUNTYFP":"021","COUNTYNS":"00835832","AFFGEOID":"0500000US31021","GEOID":"31021","NAME":"Burt","LSAD":"06","ALAND":1273201441,"AWATER":14186180},{"ID":1444,"AREA":542.207642,"STATEFP":"31","COUNTYFP":"053","COUNTYNS":"00835848","AFFGEOID":"0500000US31053","GEOID":"31053","NAME":"Dodge","LSAD":"06","ALAND":1369377419,"AWATER":36983845},{"ID":2883,"AREA":758.786682,"STATEFP":"31","COUNTYFP":"155","COUNTYNS":"00835899","AFFGEOID":"0500000US31155","GEOID":"31155","NAME":"Saunders","LSAD":"06","ALAND":1943097564,"AWATER":24827641},{"ID":2094,"AREA":496.171295,"STATEFP":"31","COUNTYFP":"121","COUNTYNS":"00835882","AFFGEOID":"0500000US31121","GEOID":"31121","NAME":"Merrick","LSAD":"06","ALAND":1258350314,"AWATER":28301129},{"ID":2102,"AREA":683.598755,"STATEFP":"31","COUNTYFP":"141","COUNTYNS":"00835892","AFFGEOID":"0500000US31141","GEOID":"31141","NAME":"Platte","LSAD":"06","ALAND":1745758248,"AWATER":27319783},{"ID":2722,"AREA":440.087524,"STATEFP":"31","COUNTYFP":"143","COUNTYNS":"00835893","AFFGEOID":"0500000US31143","GEOID":"31143","NAME":"Polk","LSAD":"06","ALAND":1135309850,"AWATER":5947394},{"ID":2296,"AREA":686.269592,"STATEFP":"31","COUNTYFP":"011","COUNTYNS":"00835828","AFFGEOID":"0500000US31011","GEOID":"31011","NAME":"Boone","LSAD":"06","ALAND":1778164057,"AWATER":1718583},{"ID":2329,"AREA":447.566986,"STATEFP":"31","COUNTYFP":"125","COUNTYNS":"00835884","AFFGEOID":"0500000US31125","GEOID":"31125","NAME":"Nance","LSAD":"06","ALAND":1143826264,"AWATER":17085923},{"ID":1425,"AREA":415.835419,"STATEFP":"31","COUNTYFP":"037","COUNTYNS":"00835840","AFFGEOID":"0500000US31037","GEOID":"31037","NAME":"Colfax","LSAD":"06","ALAND":1066165102,"AWATER":12606715},{"ID":1411,"AREA":590.042725,"STATEFP":"31","COUNTYFP":"023","COUNTYNS":"00835833","AFFGEOID":"0500000US31023","GEOID":"31023","NAME":"Butler","LSAD":"06","ALAND":1514884892,"AWATER":15309110},{"ID":2349,"AREA":395.603973,"STATEFP":"31","COUNTYFP":"173","COUNTYNS":"00835908","AFFGEOID":"0500000US31173","GEOID":"31173","NAME":"Thurston","LSAD":"06","ALAND":1019377255,"AWATER":6458660},{"ID":2709,"AREA":266.878601,"STATEFP":"31","COUNTYFP":"043","COUNTYNS":"00835843","AFFGEOID":"0500000US31043","GEOID":"31043","NAME":"Dakota","LSAD":"06","ALAND":684416193,"AWATER":8199775},{"ID":2565,"AREA":1137.91723,"STATEFP":"31","COUNTYFP":"107","COUNTYNS":"00835875","AFFGEOID":"0500000US31107","GEOID":"31107","NAME":"Knox","LSAD":"06","ALAND":2870614961,"AWATER":81251136},{"ID":2331,"AREA":573.683289,"STATEFP":"31","COUNTYFP":"139","COUNTYNS":"00835891","AFFGEOID":"0500000US31139","GEOID":"31139","NAME":"Pierce","LSAD":"06","ALAND":1484707285,"AWATER":3481943},{"ID":2697,"AREA":744.70343,"STATEFP":"31","COUNTYFP":"027","COUNTYNS":"00835835","AFFGEOID":"0500000US31027","GEOID":"31027","NAME":"Cedar","LSAD":"06","ALAND":1917398594,"AWATER":14335219},{"ID":2361,"AREA":442.623108,"STATEFP":"31","COUNTYFP":"179","COUNTYNS":"00835911","AFFGEOID":"0500000US31179","GEOID":"31179","NAME":"Wayne","LSAD":"06","ALAND":1147143904,"AWATER":1087702},{"ID":1437,"AREA":482.101257,"STATEFP":"31","COUNTYFP":"051","COUNTYNS":"00835847","AFFGEOID":"0500000US31051","GEOID":"31051","NAME":"Dixon","LSAD":"06","ALAND":1233434227,"AWATER":17271581},{"ID":543,"AREA":772.814148,"STATEFP":"31","COUNTYFP":"103","COUNTYNS":"00835873","AFFGEOID":"0500000US31103","GEOID":"31103","NAME":"Keya Paha","LSAD":"06","ALAND":2002258342,"AWATER":2192458},{"ID":2079,"AREA":543.691528,"STATEFP":"31","COUNTYFP":"015","COUNTYNS":"00835829","AFFGEOID":"0500000US31015","GEOID":"31015","NAME":"Boyd","LSAD":"06","ALAND":1398425586,"AWATER":11890320},{"ID":3028,"AREA":440.179718,"STATEFP":"31","COUNTYFP":"049","COUNTYNS":"00835846","AFFGEOID":"0500000US31049","GEOID":"31049","NAME":"Deuel","LSAD":"06","ALAND":1139208969,"AWATER":2230956},{"ID":1317,"AREA":392.788849,"STATEFP":"31","COUNTYFP":"177","COUNTYNS":"00835910","AFFGEOID":"0500000US31177","GEOID":"31177","NAME":"Washington","LSAD":"06","ALAND":1009985946,"AWATER":8387724},{"ID":1445,"AREA":339.207489,"STATEFP":"31","COUNTYFP":"055","COUNTYNS":"00835849","AFFGEOID":"0500000US31055","GEOID":"31055","NAME":"Douglas","LSAD":"06","ALAND":850772343,"AWATER":28132018},{"ID":1302,"AREA":247.227371,"STATEFP":"31","COUNTYFP":"153","COUNTYNS":"00835898","AFFGEOID":"0500000US31153","GEOID":"31153","NAME":"Sarpy","LSAD":"06","ALAND":619058303,"AWATER":22023421},{"ID":2095,"AREA":409.101044,"STATEFP":"31","COUNTYFP":"127","COUNTYNS":"00835885","AFFGEOID":"0500000US31127","GEOID":"31127","NAME":"Nemaha","LSAD":"06","ALAND":1055100609,"AWATER":5769943},{"ID":2916,"AREA":554.018677,"STATEFP":"31","COUNTYFP":"147","COUNTYNS":"00835895","AFFGEOID":"0500000US31147","GEOID":"31147","NAME":"Richardson","LSAD":"06","ALAND":1429258642,"AWATER":7077617}]