{
  "Title":"Nebraska VIZ",
  "CountyFile":"ZoneShape.json",

  "Icon":"RSG.ico",
  "Logo":"ndot_logo_black.png",
  "NavbarTitle":"ActivityViz",
  "LinkURL":"https://dot.nebraska.gov",
  "CenterMap": [41.460011, -99.791661],
  "FrontPageTitle": "Nebraska DOT",
  "FrontPageGraphic": "ndot_logo_white.png",
  "SideBarTextLeft": "<b>ActivityViz</b> was initially funded by the <a href='https://atlantaregional.org/'>Atlanta Regional Commission</a> with additional support from <a href='https://www.oregonmetro.gov/'>Oregon Metro</a> and others.",
  "SideBarTextRight": "<b>ActivityViz</b> is an interactive travel and activity data visualization tool.  It is built with JavaScript technologies and works with various types of travel and activity data - household travel surveys, trip-based model outputs, activity-based model outputs, disaggregate passive data, freight models, on-board surveys, etc.  The dashboard features several interactive and customizable visualizations for exploring data, such as 3D maps of trips in time and space, time use by person type and activity, radar charts for performance measure analysis, sunburst diagrams for visualizing mode shares, animated bubble maps, chord diagrams for OD data, point-of-interest maps for transit stop data, truck flow data, etc.  </b>ActivityViz</b> is published using <a href='https://pages.github.com/'>GitHub pages</a> which eliminates most of the administrative backend in traditional systems.",
  "SideBarImage":"example.png",
  "scenarios":{
    "ATRI": {
      "title":"- ATRI Data Processing",
      "visualizations": {
        "Chord": [{"name":"Truck Flows","config":"Default","file":"ChordData.csv","info":"Trip ODs", "explanation":[{
            "header": "Summary",
            "body":[{
              "type": "unorderedList",
              "content": ["Origins and destinations of truck trips by district before and after expansion."]
            }]
          },
          {
            "header": "Instructions",
            "body":[{
              "type": "unorderedList",
              "content": ["Hover mouse over graph to see detail.",
              "Toggle raw data or iterative (expanded) to see trips on chord diagram",
              "The connections between districts depict bi-directional flows.",
              "Turn on desire lines in the map layers to see district-to-district trip flow lines or zones to see origin-destination",
              "Select \"Show Data\" to see tabulation."]
            }]
          }]},
          {"name":"Truck Flows Side By Side","config":"SideBySide","file":"ChordData.csv","info":"Trip ODs", "explanation":[{
            "header": "Summary",
            "body":[{
              "type": "unorderedList",
              "content": ["Origins and destinations of truck trips by district before and after expansion.",
              "The flows before and after expansion are similar."]
            }]
          },
          {
            "header": "Instructions",
            "body":[{
              "type": "unorderedList",
              "content": ["Hover mouse over graph to see detail.",
              "Select \"Show Data\" to see tabulation.",
              "The connections between districts depict bi-directional flows."]
            }]
          }]}]
      }
    },
	"PassiveData": {
      "title":"- Passive Data Processing",
      "visualizations": {
        "Chord": [{"name":"Device Flows","config":"Default","file":"ChordData.csv","info":"Trips", "explanation":[{
            "header": "Summary",
            "body":[{
              "type": "unorderedList",
              "content": ["Origins and destinations of LBS trips by district."]
            }]
          },
          {
            "header": "Instructions",
            "body":[{
              "type": "unorderedList",
              "content": ["Hover mouse over graph to see detail.",
              "The connections between districts depict bi-directional flows.",
              "Turn on desire lines in the map layers to see district-to-district trip flow lines or zones to see origin-destination",
              "Select \"Show Data\" to see tabulation."]
            }]
          }]}]
      }
    }
  },

  "RadarCharts":{
    "Default": {
      "NumberColsRadar": 4,
      "IndependentScale": [
        ""
      ],
      "ConvertAxesToPercent": true
    }
  },
  "GroupedCharts":{
    "Default": {
      "NumberColsGrouped": 1,
      "SwapLegendByDefault": true,
      "ShowAsPercentByDefault": true,
      "ShowAsVerticalByDefault": false,
      "StackAllChartsByDefault": false,
      "ChartWidthOverride": []
    }
  },
  "3DMap":{
    "Default" : {
      "ShowPeriodsAsDropdown": false,
      "DataHasPeriods": true,
      "ZoneFile":"ZoneShape.json"
    }
  },
  "Chord": {
    "Default": {
      "ZoneFilterFile": "cocs.csv",
      "LabelSize": "14",
      "LegendText": "District Flows",
      "ZoneFile":"ZoneShape.json",
      "DesireLinesOn": true
    },
    "SideBySide": {
      "ZoneFilterFile": "cocs.csv",
      "LabelSize": "14",
      "LegendText": "District Flows",
      "ZoneFile":"ZoneShape.json",
      "ExcludeSameOD": false,
      "SideBySide": true,
      "ChartPerRow": 2
    }
    }
}
