GROUP,HOME_OTHER_LANG,COUNT,CHART_TYPE
Expanded Response,Acholi,6.34,HOME OTHER LANGUAGE
Expanded Response,Afrikaans,74.97,HOME OTHER LANGUAGE
Expanded Response,Akan,18.01,HOME OTHER LANGUAGE
Expanded Response,Amharic,496.86,HOME OTHER LANGUAGE
Expanded Response,"Arabic, Standard",595.74,HOME OTHER LANGUAGE
Expanded Response,Aramaic,25.9,HOME OTHER LANGUAGE
Expanded Response,Armenian,0.62,HOME OTHER LANGUAGE
Expanded Response,Babungo,11.24,HOME OTHER LANGUAGE
Expanded Response,Bagvalal,12.19,HOME OTHER LANGUAGE
Expanded Response,Belarusan,2.87,HOME OTHER LANGUAGE
Expanded Response,Bemba,6.3,HOME OTHER LANGUAGE
Expanded Response,Bengali,325.95,HOME OTHER LANGUAGE
Expanded Response,Bilen,8.01,HOME OTHER LANGUAGE
Expanded Response,Bosnian,28.39,HOME OTHER LANGUAGE
Expanded Response,British,14.5,HOME OTHER LANGUAGE
Expanded Response,Bulgarian,21.57,HOME OTHER LANGUAGE
Expanded Response,Chinese,518.97,HOME OTHER LANGUAGE
Expanded Response,"Chinese, Mandarin",522.17,HOME OTHER LANGUAGE
Expanded Response,"Crioulo, Upper Guinea",1.52,HOME OTHER LANGUAGE
Expanded Response,Croatian,14.66,HOME OTHER LANGUAGE
Expanded Response,Czech,11.7,HOME OTHER LANGUAGE
Expanded Response,Danish,6.93,HOME OTHER LANGUAGE
Expanded Response,"Danish, Sejerø",4.51,HOME OTHER LANGUAGE
Expanded Response,Dutch,76.17,HOME OTHER LANGUAGE
Expanded Response,Estonian,16.26,HOME OTHER LANGUAGE
Expanded Response,Fala,11.5,HOME OTHER LANGUAGE
Expanded Response,"Farsi, Eastern",92.52,HOME OTHER LANGUAGE
Expanded Response,Finnish,8.54,HOME OTHER LANGUAGE
Expanded Response,French,1730.7,HOME OTHER LANGUAGE
Expanded Response,"Fulfulde, Adamawa",46.37,HOME OTHER LANGUAGE
Expanded Response,Ganda,4.57,HOME OTHER LANGUAGE
Expanded Response,Garifuna,10.11,HOME OTHER LANGUAGE
Expanded Response,German,422.16,HOME OTHER LANGUAGE
Expanded Response,Greek,23.52,HOME OTHER LANGUAGE
Expanded Response,Guaraní,21.38,HOME OTHER LANGUAGE
Expanded Response,Haitian Creole French,683.86,HOME OTHER LANGUAGE
Expanded Response,Hausa,7.09,HOME OTHER LANGUAGE
Expanded Response,Hebrew,44.34,HOME OTHER LANGUAGE
Expanded Response,Hindi,1380.29,HOME OTHER LANGUAGE
Expanded Response,Indo-Portuguese,5.54,HOME OTHER LANGUAGE
Expanded Response,Indonesian,23.51,HOME OTHER LANGUAGE
Expanded Response,Irish,8.28,HOME OTHER LANGUAGE
Expanded Response,Italian,80.09,HOME OTHER LANGUAGE
Expanded Response,Italo-Celtic,2.43,HOME OTHER LANGUAGE
Expanded Response,Jamaican,41.3,HOME OTHER LANGUAGE
Expanded Response,Japanese,156.24,HOME OTHER LANGUAGE
Expanded Response,Jewish Malayalam,10.05,HOME OTHER LANGUAGE
Expanded Response,Judeo-Malayalam,24.47,HOME OTHER LANGUAGE
Expanded Response,Judeo-Portuguese,7.57,HOME OTHER LANGUAGE
Expanded Response,Kannada,20.92,HOME OTHER LANGUAGE
Expanded Response,Khmer,12.32,HOME OTHER LANGUAGE
Expanded Response,Korean,578.93,HOME OTHER LANGUAGE
Expanded Response,Krio,13.18,HOME OTHER LANGUAGE
Expanded Response,Lao,12.66,HOME OTHER LANGUAGE
Expanded Response,Latin,27.93,HOME OTHER LANGUAGE
Expanded Response,Lithuanian,19.39,HOME OTHER LANGUAGE
Expanded Response,Louisiana Creole French,48.34,HOME OTHER LANGUAGE
Expanded Response,Low German,3.9,HOME OTHER LANGUAGE
Expanded Response,"ShowMongolian, Halh",1.31,HOME OTHER LANGUAGE
Expanded Response,Norwegian,18.26,HOME OTHER LANGUAGE
Expanded Response,Ojibwa,5.93,HOME OTHER LANGUAGE
Expanded Response,Old English,2.63,HOME OTHER LANGUAGE
Expanded Response,Old French,3.58,HOME OTHER LANGUAGE
Expanded Response,Old Persian,27.99,HOME OTHER LANGUAGE
Expanded Response,"Oromo, West Central",11.16,HOME OTHER LANGUAGE
Expanded Response,"Panjabi, Eastern",4.09,HOME OTHER LANGUAGE
Expanded Response,"Pashto, Central",8.22,HOME OTHER LANGUAGE
Expanded Response,"Pashto, Southern",10.94,HOME OTHER LANGUAGE
Expanded Response,"Pidgin, Nigerian",79.61,HOME OTHER LANGUAGE
Expanded Response,Polish,31.38,HOME OTHER LANGUAGE
Expanded Response,Portuguese,267.43,HOME OTHER LANGUAGE
Expanded Response,Portuguese creole of Tugo,12.22,HOME OTHER LANGUAGE
Expanded Response,Potawatomi,2.37,HOME OTHER LANGUAGE
Expanded Response,Punjabi,125.18,HOME OTHER LANGUAGE
Expanded Response,Romanian,97.96,HOME OTHER LANGUAGE
Expanded Response,Russian,208.94,HOME OTHER LANGUAGE
Expanded Response,Sea Island Creole English,2.63,HOME OTHER LANGUAGE
Expanded Response,Serbian,26.17,HOME OTHER LANGUAGE
Expanded Response,Seselwa Creole French,6.07,HOME OTHER LANGUAGE
Expanded Response,Sinhala,2.66,HOME OTHER LANGUAGE
Expanded Response,Slovak,8.08,HOME OTHER LANGUAGE
Expanded Response,Spanish,17053.34,HOME OTHER LANGUAGE
Expanded Response,Hmong,65.23,HOME OTHER LANGUAGE
Expanded Response,Somali,157.69,HOME OTHER LANGUAGE
Expanded Response,Swedish,21.99,HOME OTHER LANGUAGE
Expanded Response,Telugu,245.73,HOME OTHER LANGUAGE
Expanded Response,Thai,45.37,HOME OTHER LANGUAGE
Expanded Response,Turkish,33.37,HOME OTHER LANGUAGE
Expanded Response,Ukrainian,17.91,HOME OTHER LANGUAGE
Expanded Response,Urdu,257.63,HOME OTHER LANGUAGE
Expanded Response,Vietnamese,303.28,HOME OTHER LANGUAGE
Expanded Response,Wallon,8.86,HOME OTHER LANGUAGE
Expanded Response,Xhosa,5.43,HOME OTHER LANGUAGE
Expanded Response,Yiddish,5.88,HOME OTHER LANGUAGE
Expanded Response,Yola,3.92,HOME OTHER LANGUAGE
Expanded Response,Zulu,22.46,HOME OTHER LANGUAGE
Expanded Response,Filipino,10.87,HOME OTHER LANGUAGE
Expanded Response,American Sign Language (ASL),99.73,HOME OTHER LANGUAGE
Expanded Response,"Chinese, Cantonese",171.78,HOME OTHER LANGUAGE
Expanded Response,Javanese,10.02,HOME OTHER LANGUAGE
Expanded Response,Malay,9.2,HOME OTHER LANGUAGE
Expanded Response,Swahili,114.96,HOME OTHER LANGUAGE
Expanded Response,Tagalog,20.2,HOME OTHER LANGUAGE
Expanded Response,Nepali,59.9,HOME OTHER LANGUAGE
Expanded Response,Other,1416.32,HOME OTHER LANGUAGE
