GROUP,RACE,COUNT,CHART_TYPE
Expanded Response,White / Caucasian,55731.51,PARTICIPANT RACE
Expanded Response,Black/African American,222799.58,PARTICIPANT RACE
Expanded Response,Mixed Race,7593.73,PARTICIPANT RACE
Expanded Response,Asian,7683.51,PARTICIPANT RACE
Expanded Response,Other,15789.11,PARTICIPANT RACE
Expanded Response,American Indian / Alaska Native,1543.87,PARTICIPANT RACE
Expanded Response,Native Hawaiian / Pacific Islander,301.79,PARTICIPANT RACE
Expanded Response,Not Provided,5.97,PARTICIPANT RACE
