GROUP,TRANSIT_USE_FREQ,COUNT,CHART_TYPE
Expanded Response,5 or more days a week,221919.11,TRANSIT USE FREQ
Expanded Response,2 to 4 days a week,62982.41,TRANSIT USE FREQ
Expanded Response,About once a week,8198.89,TRANSIT USE FREQ
Expanded Response,2 to 3 times a month,5474.86,TRANSIT USE FREQ
Expanded Response,About once a month,2665.51,TRANSIT USE FREQ
Expanded Response,Several times a year,5558.32,TRANSIT USE FREQ
Expanded Response,Once a year,1417.97,TRANSIT USE FREQ
Expanded Response,First time,3232,TRANSIT USE FREQ
