{
  "Title":"Tampa Bay Regional Travel Surveys",
  "CountyFile":"counties.json",
  "Icon":"RSG.ico",
  "Logo":"RSG_400px.jpg",
  "NavbarTitle":"ActivityViz",
  "LinkURL":"https://www.fdot.gov/",
  "CenterMap": [27.947896, -82.457335],
  "FrontPageTitle": "Tampa Bay Regional Travel Surveys",
  "FrontPageGraphic": "RSG_400px.jpg",
  "SideBarTextLeft": "<br>The Tampa Bay Regional Travel Surveys (TBRTS) program is a comprehensive data collection program designed to support regional and local transportation modeling and transportation planning decisions. This visualization tool is provided regional stakeholders to explore and understand the regional Household Travel Survey and passive data Origin-Destination Tables – two components of the TBRTS.</br><br>The 2018-2019 Tampa Bay Regional Household Travel Survey collected data on daily travel throughout the five-county Tampa Bay region. Over 4,500 households and 9,000 people in Citrus, Hernando, Hillsborough, Pasco and Pinellas counties participated. Two-thirds of households were randomly invited through a mailed invitation (probability sample) and one-third through email, advertising, and community outreach efforts. Data were collected between October 2018 and April 2019, when both year-round and seasonal residents are in the region. Participants provided basic demographic details, answered questions about typical travel, and provided a one-day (online / telephone participants) or five-day (smartphone app participants) diary of all household travel.</br><br>The Origin-Destination Tables are derived from passively collected GPS and wifi-beacon location data known as Location Based Services (LBS). Raw LBS data consists of millions of device (typically smartphone) locations and timestamps without demographic or other details of the device owners. The raw data is processed by first cleaning, filtering, and analyzing the location data to identify trips, then crossing with other regional data sources such as surveys and traffic counts to estimate detailed regional travel patterns.</br><br>All data is shown as expanded and weighted to match a typical weekday of travel in 2018.</br><br>To learn more about the survey and its results please contact the <a href='https://www.fdot.gov/info/moredot/districts/dist7.shtm' target='_blank'>Florida Department of Transportation, District 7</a>.</br><br><b>ActivityViz</b> was initially funded by the <a href='https://atlantaregional.org/' target='_blank'>Atlanta Regional Commission</a> with additional support from <a href='https://www.oregonmetro.gov/' target='_blank'>Oregon Metro</a> and others.</br>",
  "SideBarTextRight": "<br>The survey was conducted by the <a href='https://www.fdot.gov/' target='_blank'>Florida Department of Transportation District Seven</a> with support from the region’s four metropolitan planning organizations (MPOs): <a href='https://www.hernandocounty.us/departments/departments-f-m/metropolitan-planning-organization' target='_blank'>Hernando-Citrus MPO</a>, <a href='http://www.planhillsborough.org/metropolitan-planning-organization-mpo/' target='_blank'>Hillsborough MPO</a>, <a href='https://www.pascocountyfl.net/323/MPOTransportation-Planning' target='_blank'>Pasco County MPO</a> and <a href='https://forwardpinellas.org/' target='_blank'>Forward Pinellas</a>.</br><br><img src='https://raw.githubusercontent.com/RSGInc/ActivityViz_Data/master/data/tampa/img/sponsor_by_logo.png' width='100%' alt='Sponsor by'></br><br> </br><br> </br>",
  "SideBarLogo":"",
  "SideBarImage":"tampa.png",
  "scenarios":{
    "Executive_Summary": {
      "title": "Executive Summary: Surveys & O-D Data",
      "visualizations": {
        "GroupedCharts": [
          {"name":"Typical Travel", "config":"Travel", "file":"trips_period.csv", "info":"This information shows the time of day people travel during a typical weekday.", 
          "title":"Trip start and end times on typical weekday (Tuesday-Thursday)", 
          "explanation":[{
            "header": "Summary",
            "body":[{
              "type": "unorderedList",
              "content": ["Typical trip start and end time based on observed (smartphone GPS diary) or reported (online diary) trips.",
              "Limited to trips observed / reported on Tuesdays, Wednesdays, or Thursdays only.",
              "Peaks observed between 7-8 AM and 4-6 PM (typical work commute times)."]
            }]
          },
          {
            "header": "Instructions",
            "body":[{
              "type": "unorderedList",
              "content": ["Hover mouse over chart bars to see individual values.",
              "Toggle (i.e., check and uncheck) legend boxes to change graph views.",
              "Select \"Show Data\" (lower left) to  view data in a table format."]
            }]
          }] },
          {"name":"Trip Destination Activity", "config":"Destination", "file":"trips_destination.csv", "info":"This information explains the reported planned activity at the trip destination.", 
          "title":"Planned activity at trip destination", 
          "explanation":[{
            "header": "Summary",
            "body":[{
              "type": "unorderedList",
              "content": ["<b>Survey question:</b>  \"Why did you stop at ___?\" <br><b>Survey logic:</b> Asked for each trip taken.</br>",
              "<b>Observation:</b> 47% of all trips reported an activity of Activity of Home or Work Related."]
            }]
          },
          {
            "header": "Instructions",
            "body":[{
              "type": "unorderedList",
              "content": ["Hover mouse over chart bars to see individual values.",
              "Select \"Show Data\" (lower left) to see tabulation.",
              "Click on the activity name in the legend to toggle it on and off."]
            }]
          }]},
          {"name":"Telecommute Frequency", "config":"Frequency", "file":"telecommute_freq_age.csv", "info":"Categorized by age, this explains the frequency of people telecommuting.", 
          "title":"Telecommute frequency by age",
          "explanation":[{
            "header": "Summary",
            "body":[{
              "type": "unorderedList",
              "content": ["<b>Survey question:</b> \"How often do you typically telework (instead of going to work that day)?\"  <br><b>Survey logic:</b> Asked once per employed person that has one or more work locations.</br>",
              "<b>Observation:</b> Over 30% of 18-34 year-olds telecommute at least once per week."]
            }]
          },
          {
            "header": "Instructions",
            "body":[{
              "type": "unorderedList",
              "content": ["Hover mouse over chart bars to see individual values.",
              "Select \"Show Data\" (lower left) to see tabulation.",
              "Click on the frequency bubbles in the legend to toggle them on and off."]
            }]
          }]},
          {"name":"Bike Use Frequency", "config":"Frequency", "file":"bike_freq_age.csv", "info":"Categorized by age, this explains the frequency of people riding bicycles.", 
          "title":"Bicycle use frequency by age", 
          "explanation":[{
            "header": "Summary",
            "body":[{
              "type": "unorderedList",
              "content": ["<b>Survey question:</b> \"How often do you use a bicycle?\"",
              "<b>Observation:</b> Almost 20% of 35-54 year olds report riding a bike one or more times per month."]
            }]
          },
          {
            "header": "Instructions",
            "body":[{
              "type": "unorderedList",
              "content": ["Hover mouse over chart bars to see individual values.",
              "Select \"Show Data\" (lower left) to see tabulation.",
              "Click on the frequency bubbles in the legend to toggle them on and off."]
            }]
          }]},
          {"name":"Age", "config":"ParticipantAge", "file":"age_distribution.csv", "info":"Showing the age of the people in the survey region.", 
          "title":"Age of persons in survey region", 
          "explanation":[{
            "header": "Summary",
            "body":[{
              "type": "unorderedList",
              "content": ["<b>Observation:</b> 55% of participants were 18-54 years old, while 45% were 55+ years old."]
            }]
          },
          {
            "header": "Instructions",
            "body":[{
              "type": "unorderedList",
              "content": ["Hover mouse over chart bars to see individual values.",
              "Select \"Show Data\" (lower left) to see tabulation.",
              "Click on the age bubbles in the legend to toggle them on and off."]
            }]
          }]}
           ],
        "Sunburst": [
            {"name":"Work Trip Mode", "config":"Default", "file":"work_mode.csv", "info":"This shows how people traveled to work.", 
            "title":"Typical mode of travel to work",
            "explanation":[{
            "header": "Summary",
            "body":[{
              "type": "unorderedList",
              "content": ["<b>Survey question:</b> \"How do you typically travel to your primary job?\"",
              "<b>Observation:</b> 93% of people typically use cars to commute to work."]
            }]
          },
          {
            "header": "Instructions",
            "body":[{
              "type": "unorderedList",
              "content": ["Hover mouse over graph to see detail.",
              "Select \"Show Data\" (lower left) to see tabulation.",
              "Each square in the graph represents 1% of the population."]
            }]
          }]}
            ] ,
        "Chord": [
            {"name":"Daily OD Flows","config":"SideBySide","file":"trip_od_overall.csv","info":"These graphs show the origin and destination points for both passive and survey data.", 
            "title":"Origins and destinations of daily trips by activity zones",
            "explanation":[{
            "header": "Summary",
            "body":[{
              "type": "unorderedList",
              "content": ["Origins and destinations of daily trips by activity zones from passive and survey data.",
              "<b>Observation:</b> Most inter-district trips were between Tampa and Hillsborough-Other.",
              "<b>Observation:</b> Hillsborough County had the highest volume of trips overall.",
              "<b>Note:</b> Non-resident travel exluded from passive data here for comparability to the survey data"]
            }]
          },
          {
            "header": "Instructions",
            "body":[{
              "type": "unorderedList",
              "content": ["Hover mouse over graph to see detail.",
              "Select \"Show Data\" (lower left) to see tabulation.",
              "The color of connections between activity zones depicts net travel (e.g., in the passive dataset, there were more trips from Tampa to Hillsborough-Other than there were in the opposite direction)."]
            }]
          }]}
            ]
      }
    },
    "Travel_Survey": {
      "title": "Household Travel Survey",
      "visualizations": {
        "BarMap": [
          {"name":"Trip Mode by County","config":"Default", "file":"trip_mode_zone.csv", "info":"Categorized by county, this shows what modes people are using to travel.", 
          "title":"Daily trips per county by mode", 
          "explanation":[{
            "header": "Summary",
            "body":[{
              "type": "unorderedList",
              "content": ["<b>Survey question:</b> \"How did you travel?\"",
              "Trips mode by county based on trip destination",
              "<b>Observation:</b> Over 80% of trips are car trips across all counties."]
            }]
          },
          {
            "header": "Instructions",
            "body":[{
              "type": "unorderedList",
              "content": ["For the left graph: Select/deselect bubbles to add/remove response categories.",
              "For the left graph: Hover mouse over graph to see detail.",
              "For the right graph: Use the drop-downs below the map to filter and classify the data.",
              "For the right graph: Toggle between Zones and Bubbles by selecting the Map Layer button in the top right corner."]
            }]
          }]},
          {"name":"Trip Mode for Seasonal Households", "config":"Default", "file":"seasonal_trip_mode_zone.csv", "info":"This shows what modes seasonal households are using to travel.", 
          "title":"Daily trips per county by mode -  seasonal households only",
          "explanation":[{
            "header": "Summary",
            "body":[{
              "type": "unorderedList",
              "content": ["<b>Survey question:</b> \"How did you travel?\"",
              "Type of trip modes by county for seasonal residents (those who report living in the region for fewer than 12 months per year).",
              "Trips mode by county based on trip destination",
              "<b>Observation:</b> Over 15% of seasonal residents' trips in Hillsborough and Pinellas counties are walking trips."]
            }]
          },
          {
            "header": "Instructions",
            "body":[{
              "type": "unorderedList",
              "content": ["For the left graph: Select/deselect bubbles to add/remove response categories.",
              "For the left graph: Hover mouse over graph to see detail.",
              "For the right graph: Use the drop-downs below the map to filter and classify the data.",
              "For the right graph: Toggle between Zones and Bubbles by selecting the Map Layer button in the top right corner."]
            }]
          }]},
          {"name":"Trip Mode for University Students","config":"Default", "file":"uni_trip_mode_zone.csv", "info":"This shows what modes university students are using to travel.", 
          "title":"Daily trips per county by mode - university students only",
          "explanation":[{
            "header": "Summary",
            "body":[{
              "type": "unorderedList",
              "content": ["<b>Survey question:</b> \"How did you travel?\"",
              "Trips mode by county based on trip destination",
              "Type of trip modes by county for university students."]
            }]
          },
          {
            "header": "Instructions",
            "body":[{
              "type": "unorderedList",
              "content": ["For the left graph: Select/deselect bubbles to add/remove response categories.",
              "For the left graph: Hover mouse over graph to see detail.",
              "For the right graph: Use the drop-downs below the map to filter and classify the data.",
              "For the right graph: Toggle between Zones and Bubbles by selecting the Map Layer button in the top right corner."]
            }]
          }]}
          ],
        "TimeUse": [
            {"name":"Time Use","config":"Default","file":"time_use.csv","info":"Daily activity categorized by the type of person.", 
            "title":"Activity by time of day",
            "explanation":[{
            "header": "Summary",
            "body":[{
              "type": "unorderedList",
              "content": ["Activity by time of day (derived from trip purpose and time at destination)",
              "<b>Observation:</b> Nonworkers and seasonal residents spend more time shopping than other groups.",
              "Nonworkers and seasonal residents spend more time shopping than other groups."]
            }]
          },
          {
            "header": "Instructions",
            "body":[{
              "type": "unorderedList",
              "content": ["Hover mouse over graph to see detail.",
              "Select \"Show Data\" (lower left) to see tabulation.",
              "Select/deselect bubbles to add/remove response categories.",
              "Toggle between \"Stacked\" and \"Expanded\" to view sum of trips and percent of trips, respectively."]
            }]
          }]}
            ],
        "Chord": [
            {"name":"Overall OD Flows","config":"Overall","file":"trip_od_overall.csv","info":"This graph show the origin and destination points by activity zone from survey data.", 
            "title":"Origins and destinations of trips by activity zones from survey data",
            "explanation":[{
            "header": "Summary",
            "body":[{
              "type": "unorderedList",
              "content": ["Origins and destinations of trips by activity zones from survey data."]
            }]
          },
          {
            "header": "Instructions",
            "body":[{
              "type": "unorderedList",
              "content": ["Hover mouse over graph to see detail and to display activity zone flows on the map.",
              "Select \"Show Data\" to see tabulation.",
              "For the left graph: Connections are colored based on activity zone with net outflow of trips."]
            }]
          }]},
            {"name":"Hillsborough OD Flows","config":"Hillsborough","file":"trip_od_hillsborough.csv","info":"This graph show the origin and destination points of Hillsborough County trips from survey data.", 
            "title":"Origins and destinations of trips in Hillsborough County from survey data",
            "explanation":[{
            "header": "Summary",
            "body":[{
              "type": "unorderedList",
              "content": ["Origins and destinations of trips in Hillsborough County from survey data."]
            }]
          },
          {
            "header": "Instructions",
            "body":[{
              "type": "unorderedList",
              "content": ["Hover mouse over graph to see detail and to display District flows on the map.",
              "Select \"Show Data\" to see tabulation.",
              "For the left graph: Connections are colored based on activity zone with net outflow of trips."]
            }]
          }]},
            {"name":"Pinellas OD Flows","config":"Pinellas","file":"trip_od_pinellas.csv","info":"This graph show the origin and destination points of Pinellas County from survey data.", 
            "title":"Origins and destinations of trips in Pinellas County from survey data",
            "explanation":[{
            "header": "Summary",
            "body":[{
              "type": "unorderedList",
              "content": ["Origins and destinations of trips in Pinellas County from survey data."]
            }]
          },
          {
            "header": "Instructions",
            "body":[{
              "type": "unorderedList",
              "content": ["Hover mouse over graph to see detail and to display District flows on the map.",
              "Select \"Show Data\" to see tabulation.",
              "For the left graph: Connections are colored based on activity zone with net outflow of trips."]
            }]
          }]},
            {"name":"Pasco OD Flows","config":"Pasco","file":"trip_od_pasco.csv","info":"This graph show the origin and destination points of Pasco County from survey data.",
            "title":"Origins and destinations of trips in Pasco County from survey data", 
            "explanation":[{
            "header": "Summary",
            "body":[{
              "type": "unorderedList",
              "content": ["Origins and destinations of trips in Pasco County from survey data."]
            }]
          },
          {
            "header": "Instructions",
            "body":[{
              "type": "unorderedList",
              "content": ["Hover mouse over graph to see detail and to display District flows on the map.",
              "Select \"Show Data\" to see tabulation.",
              "For the left graph: Connections are colored based on activity zone with net outflow of trips."]
            }]
          }]},
            {"name":"Hernando and Citrus OD Flows","config":"Hernando","file":"trip_od_hernando_citrus.csv","info":"This graph show the origin and destination points of Hernando and Citrus Counties from survey data.",
            "title":"Origins and destinations of trips in Hernando and Citrus Counties from survey data",
            "explanation":[{
            "header": "Summary",
            "body":[{
              "type": "unorderedList",
              "content": ["Origins and destinations of trips in Hernando County and Citrus County from survey data."]
            }]
          },
          {
            "header": "Instructions",
            "body":[{
              "type": "unorderedList",
              "content": ["Hover mouse over graph to see detail and to display District flows on the map.",
              "Select \"Show Data\" to see tabulation.",
              "For the left graph: Connections are colored based on activity zone with net outflow of trips."]
            }]
          }]}
            ]
      }
    },
    "Passive_Data": {
      "title": "Origin-Destination Tables",
      "visualizations": {
        "Chord": [
            {"name":"Overall OD Flows","config":"Overall","file":"trip_daily_pod_overall.csv","info":"This graph show the origin and destination points by activity zone from passive data.",
            "title":"Origins and destinations of trips by activity zones from passive data",
            "explanation":[{
            "header": "Summary",
            "body":[{
              "type": "unorderedList",
              "content": ["Origins and destinations of trips by activity zones from passive data."]
            }]
          },
          {
            "header": "Instructions",
            "body":[{
              "type": "unorderedList",
              "content": ["Hover mouse over graph to see detail and to display District flows on the map.",
              "Select \"Show Data\" to see tabulation.",
              "For the left graph: Connections are colored based on activity zone with net outflow of trips."]
            }]
          }]},
            {"name":"Hillsborough OD Flows","config":"Hillsborough","file":"trip_daily_pod_hillsborough.csv","info":"This graph show the origin and destination points of Hillsborough County from passive data.",
            "title":"Origins and destinations of trips in Hillsborough County from passive data",
            "explanation":[{
            "header": "Summary",
            "body":[{
              "type": "unorderedList",
              "content": ["Origins and destinations of trips in Hillsborough County from passive data."]
            }]
          },
          {
            "header": "Instructions",
            "body":[{
              "type": "unorderedList",
              "content": ["Hover mouse over graph to see detail and to display District flows on the map.",
              "Select \"Show Data\" to see tabulation.",
              "For the left graph: Connections are colored based on activity zone with net outflow of trips."]
            }]
          }]},
            {"name":"Pinellas OD Flows","config":"Pinellas","file":"trip_daily_pod_pinellas.csv","info":"This graph show the origin and destination points of Pinellas County from passive data.",
            "title":"Origins and destinations of trips in Pinellas County from passive data",
            "explanation":[{
            "header": "Summary",
            "body":[{
              "type": "unorderedList",
              "content": ["Origins and destinations of trips in Pinellas County from passive data."]
            }]
          },
          {
            "header": "Instructions",
            "body":[{
              "type": "unorderedList",
              "content": ["Hover mouse over graph to see detail and to display District flows on the map.",
              "Select \"Show Data\" to see tabulation.",
              "For the left graph: Connections are colored based on activity zone with net outflow of trips."]
            }]
          }]},
            {"name":"Pasco OD Flows","config":"Pasco","file":"trip_daily_pod_pasco.csv","info":"This graph show the origin and destination points of Pasco County from passive data.",
            "title":"Origins and destinations of trips in Pasco County from passive data",
            "explanation":[{
            "header": "Summary",
            "body":[{
              "type": "unorderedList",
              "content": ["Origins and destinations of trips in Pasco County from passive data."]
            }]
          },
          {
            "header": "Instructions",
            "body":[{
              "type": "unorderedList",
              "content": ["Hover mouse over graph to see detail and to display District flows on the map.",
              "Select \"Show Data\" to see tabulation.",
              "For the left graph: Connections are colored based on activity zone with net outflow of trips."]
            }]
          }]},
            {"name":"Hernando and Citrus OD Flows","config":"Hernando","file":"trip_daily_pod_hernando_citrus.csv","info":"This graph show the origin and destination points of Hernando and Citrus Counties from passive data.",
            "title":"Origins and destinations of trips in Hernando County and Citrus County from passive data",
            "explanation":[{
            "header": "Summary",
            "body":[{
              "type": "unorderedList",
              "content": ["Origins and destinations of trips in Hernando County and Citrus County from passive data."]
            }]
          },
          {
            "header": "Instructions",
            "body":[{
              "type": "unorderedList",
              "content": ["Hover mouse over graph to see detail and to display District flows on the map.",
              "Select \"Show Data\" to see tabulation.",
              "For the left graph: Connections are colored based on activity zone with net outflow of trips."]
            }]
          }]},
            {"name":"Overall OD Flows by Residency","config":"SideBySide","file":"trip_res_vis_pod_overall.csv","info":"These graphs show the origin and destination points by activity zones for residents and visitors from passive data.",
            "title":"Origins and destinations of trips by activity zones for residents and visitors from passive data",
            "explanation":[{
            "header": "Summary",
            "body":[{
              "type": "unorderedList",
              "content": ["Origins and destinations of trips by activity zones for residents and visitors from passive data."]
            }]
          },
          {
            "header": "Instructions",
            "body":[{
              "type": "unorderedList",
              "content": ["Hover mouse over graph to see detail.",
              "Select \"Show Data\" to see tabulation.",
              "Connections are colored based on activity zone with net outflow of trips."]
            }]
          }]},
            {"name":"Hillsborough OD Flows by Residency","config":"SideBySide","file":"trip_res_vis_pod_hillsborough.csv","info":"These graphs show the origin and destination points of Hillsborough County for residents and visitors from passive data.",
            "title":"Origins and destinations of trips in Hillsborough County for residents and visitors from passive data",
            "explanation":[{
            "header": "Summary",
            "body":[{
              "type": "unorderedList",
              "content": ["Origins and destinations of trips in Hillsborough County for residents and visitors from passive data.",
              "<b>Observation:</b> Tampa Central is an origin or destination of 20% of resident trips in Hillsborough, compared to only 12% of visitor trips."]
            }]
          },
          {
            "header": "Instructions",
            "body":[{
              "type": "unorderedList",
              "content": ["Hover mouse over graph to see detail.",
              "Select \"Show Data\" to see tabulation.",
              "Connections are colored based on activity zone with net outflow of trips."]
            }]
          }]},
            {"name":"Pinellas OD Flows by Residency","config":"SideBySide","file":"trip_res_vis_pod_pinellas.csv","info":"These graphs show the origin and destination points of Pinellas County for residents and visitors from passive data.",
            "title":"Origins and destinations of trips in Pinellas County for residents and visitors from passive data",
            "explanation":[{
            "header": "Summary",
            "body":[{
              "type": "unorderedList",
              "content": ["Origins and destinations of trips in Pinellas County for residents and visitors from passive data."]
            }]
          },
          {
            "header": "Instructions",
            "body":[{
              "type": "unorderedList",
              "content": ["Hover mouse over graph to see detail.",
              "Select \"Show Data\" to see tabulation.",
              "Connections are colored based on activity zone with net outflow of trips."]
            }]
          }]},
            {"name":"Pasco OD Flows by Residency","config":"SideBySide","file":"trip_res_vis_pod_pasco.csv","info":"These graphs show the origin and destination points of Pasco County for residents and visitors from passive data.",
            "title":"Origins and destinations of trips in Pasco County for residents and visitors from passive data",
            "explanation":[{
            "header": "Summary",
            "body":[{
              "type": "unorderedList",
              "content": ["Origins and destinations of trips in Pasco County for residents and visitors from passive data."]
            }]
          },
          {
            "header": "Instructions",
            "body":[{
              "type": "unorderedList",
              "content": ["Hover mouse over graph to see detail.",
              "Select \"Show Data\" to see tabulation.",
              "Connections are colored based on activity zone with net outflow of trips."]
            }]
          }]},
            {"name":"Hernando and Citrus OD Flows by Residency","config":"SideBySide","file":"trip_res_vis_pod_hernando_citrus.csv","info":"These graphs show the origin and destination points of Hernando and Citrus Counties for residents and visitors from passive data.",
            "title":"Origins and destinations of trips in Hernando County and Citrus County for residents and visitors from passive data",
            "explanation":[{
            "header": "Summary",
            "body":[{
              "type": "unorderedList",
              "content": ["Origins and destinations of trips in Hernando County and Citrus County for residents and visitors from passive data."]
            }]
          },
          {
            "header": "Instructions",
            "body":[{
              "type": "unorderedList",
              "content": ["Hover mouse over graph to see detail.",
              "Select \"Show Data\" to see tabulation.",
              "Connections are colored based on activity zone with net outflow of trips."]
            }]
          }]}
            ]
      }
    }
  },
  "3DMap":{
    "Default": {
      "ShowPeriodsAsDropdown": true,
      "DataHasPeriods": false,
      "ZoneFile":"tampa2020.json"
    }
  },
  "GroupedCharts":{
    "Travel": {
      "NumberColsGrouped": 1,
      "SwapLegendByDefault": true,
      "ShowAsPercentByDefault": "N/A",
      "ShowAsVerticalByDefault": true,
      "StackAllChartsByDefault": "N/A",
      "ChartWidthOverride": []
    },
    "Destination": {
      "NumberColsGrouped": 0,
      "SwapLegendByDefault": "N/A",
      "ShowAsPercentByDefault": true,
      "ShowAsVerticalByDefault": "N/A",
      "StackAllChartsByDefault": "N/A",
      "ChartWidthOverride": []
    },
    "ParticipantAge": {
      "NumberColsGrouped": 0,
      "RotateLabels": 90,
      "RotateXLabels": 0,
      "SwapLegendByDefault": "N/A",
      "ShowAsPercentByDefault": true,
      "ShowAsVerticalByDefault": true,
      "StackAllChartsByDefault": "N/A",
      "ChartWidthOverride": []
    },
    "Frequency": {
      "NumberColsGrouped": 1,
      "SwapLegendByDefault": false,
      "ShowAsPercentByDefault": true,
      "ShowAsVerticalByDefault": false,
      "StackAllChartsByDefault": true,
      "ChartWidthOverride": []
    }
  },
  "Sunburst":{
    "Default": {
      "ChartType": 3
    },
    "Pie": {
      "ChartType": 2
    }
  },
  "Chord": {
    "Overall": {
      "ZoneFile":"overall.json",
      "LabelSize": "14",
      "LegendText": "TRIPS",
      "DesireLinesOn": true    
    },
    "Hillsborough": {
      "ZoneFile":"hillsborough.json",
      "LabelSize": "14",
      "LegendText": "TRIPS",
      "DesireLinesOn": true
    },
    "Pinellas": {
      "ZoneFile":"pinellas.json",
      "LabelSize": "14",
      "LegendText": "TRIPS",
      "DesireLinesOn": true
    },
    "Pasco": {
      "ZoneFile":"pasco.json",
      "LabelSize": "14",
      "LegendText": "TRIPS",
      "DesireLinesOn": true
    },
    "Hernando": {
      "ZoneFile":"hernandocitrus.json",
      "LabelSize": "14",
      "LegendText": "TRIPS",
      "DesireLinesOn": true
    },
    "SideBySide": {
      "LabelSize": "14",
      "LegendText": "TRIPS",
      "ExcludeSameOD": false,
      "SideBySide": true,
      "ChartPerRow": 2
    }
  },
  "BarMap":{
    "Default":{
      "ZoneFile":"tampa2020.json",
      "CycleMapTools": false 
    }
  },
  "TimeUse":{
    "Default":{
      "DisplayPercentagesByDefault": true,
      "DisplayCountsByDefault": false,
      "HideCountsPercentagesToggle": true
    }
  }
}
