FROM,TO,TRIPS
Brooksville Area,Brooksville Area,35188
Brooksville Area,Croom WMA  NE Hernando,2929
Brooksville Area,Crystal River and NW Citrus,0
Brooksville Area,External,151
Brooksville Area,Hillsborough  Manatee Spur,480
Brooksville Area,Homosassa Springs  SW Citrus,1017
Brooksville Area,Inverness and NE Citrus,0
Brooksville Area,Lake Lindsey  N. Central Hernando,890
Brooksville Area,NW Hernando,607
Brooksville Area,North Central Citrus,0
Brooksville Area,Pasco,8722
Brooksville Area,Pinellas,118
Brooksville Area,Richloam WMA and E Hernando,53
Brooksville Area,South Central Hernando,2694
Brooksville Area,South East Citrus,0
Brooksville Area,Spring Hill and SW Hernando,16861
Croom WMA  NE Hernando,Brooksville Area,2587
Croom WMA  NE Hernando,Croom WMA  NE Hernando,268
Croom WMA  NE Hernando,Crystal River and NW Citrus,0
Croom WMA  NE Hernando,External,32
Croom WMA  NE Hernando,Hillsborough  Manatee Spur,32
Croom WMA  NE Hernando,Homosassa Springs  SW Citrus,0
Croom WMA  NE Hernando,Inverness and NE Citrus,258
Croom WMA  NE Hernando,Lake Lindsey  N. Central Hernando,0
Croom WMA  NE Hernando,NW Hernando,0
Croom WMA  NE Hernando,North Central Citrus,0
Croom WMA  NE Hernando,Pasco,0
Croom WMA  NE Hernando,Pinellas,98
Croom WMA  NE Hernando,Richloam WMA and E Hernando,0
Croom WMA  NE Hernando,South Central Hernando,147
Croom WMA  NE Hernando,South East Citrus,0
Croom WMA  NE Hernando,Spring Hill and SW Hernando,257
Crystal River and NW Citrus,Brooksville Area,0
Crystal River and NW Citrus,Croom WMA  NE Hernando,0
Crystal River and NW Citrus,Crystal River and NW Citrus,53035
Crystal River and NW Citrus,External,5378
Crystal River and NW Citrus,Hillsborough  Manatee Spur,0
Crystal River and NW Citrus,Homosassa Springs  SW Citrus,10769
Crystal River and NW Citrus,Inverness and NE Citrus,9757
Crystal River and NW Citrus,Lake Lindsey  N. Central Hernando,0
Crystal River and NW Citrus,NW Hernando,0
Crystal River and NW Citrus,North Central Citrus,24694
Crystal River and NW Citrus,Pasco,0
Crystal River and NW Citrus,Pinellas,0
Crystal River and NW Citrus,Richloam WMA and E Hernando,0
Crystal River and NW Citrus,South Central Hernando,101
Crystal River and NW Citrus,South East Citrus,3449
Crystal River and NW Citrus,Spring Hill and SW Hernando,821
External,Brooksville Area,44
External,Croom WMA  NE Hernando,23
External,Crystal River and NW Citrus,2730
External,External,0
External,Hillsborough  Manatee Spur,0
External,Homosassa Springs  SW Citrus,1994
External,Inverness and NE Citrus,677
External,Lake Lindsey  N. Central Hernando,0
External,NW Hernando,0
External,North Central Citrus,5004
External,Pasco,0
External,Pinellas,0
External,Richloam WMA and E Hernando,27
External,South Central Hernando,101
External,South East Citrus,107
External,Spring Hill and SW Hernando,2565
Hillsborough  Manatee Spur,Brooksville Area,345
Hillsborough  Manatee Spur,Croom WMA  NE Hernando,23
Hillsborough  Manatee Spur,Crystal River and NW Citrus,0
Hillsborough  Manatee Spur,External,0
Hillsborough  Manatee Spur,Hillsborough  Manatee Spur,0
Hillsborough  Manatee Spur,Homosassa Springs  SW Citrus,38
Hillsborough  Manatee Spur,Inverness and NE Citrus,42
Hillsborough  Manatee Spur,Lake Lindsey  N. Central Hernando,0
Hillsborough  Manatee Spur,NW Hernando,197
Hillsborough  Manatee Spur,North Central Citrus,98
Hillsborough  Manatee Spur,Pasco,0
Hillsborough  Manatee Spur,Pinellas,0
Hillsborough  Manatee Spur,Richloam WMA and E Hernando,2730
Hillsborough  Manatee Spur,South Central Hernando,1680
Hillsborough  Manatee Spur,South East Citrus,3410
Hillsborough  Manatee Spur,Spring Hill and SW Hernando,3751
Homosassa Springs  SW Citrus,Brooksville Area,1164
Homosassa Springs  SW Citrus,Croom WMA  NE Hernando,643
Homosassa Springs  SW Citrus,Crystal River and NW Citrus,7464
Homosassa Springs  SW Citrus,External,2682
Homosassa Springs  SW Citrus,Hillsborough  Manatee Spur,204
Homosassa Springs  SW Citrus,Homosassa Springs  SW Citrus,38323
Homosassa Springs  SW Citrus,Inverness and NE Citrus,3763
Homosassa Springs  SW Citrus,Lake Lindsey  N. Central Hernando,0
Homosassa Springs  SW Citrus,NW Hernando,0
Homosassa Springs  SW Citrus,North Central Citrus,14553
Homosassa Springs  SW Citrus,Pasco,3308
Homosassa Springs  SW Citrus,Pinellas,546
Homosassa Springs  SW Citrus,Richloam WMA and E Hernando,0
Homosassa Springs  SW Citrus,South Central Hernando,98
Homosassa Springs  SW Citrus,South East Citrus,23
Homosassa Springs  SW Citrus,Spring Hill and SW Hernando,2826
Inverness and NE Citrus,Brooksville Area,0
Inverness and NE Citrus,Croom WMA  NE Hernando,244
Inverness and NE Citrus,Crystal River and NW Citrus,11372
Inverness and NE Citrus,External,921
Inverness and NE Citrus,Hillsborough  Manatee Spur,0
Inverness and NE Citrus,Homosassa Springs  SW Citrus,896
Inverness and NE Citrus,Inverness and NE Citrus,37445
Inverness and NE Citrus,Lake Lindsey  N. Central Hernando,0
Inverness and NE Citrus,NW Hernando,0
Inverness and NE Citrus,North Central Citrus,25496
Inverness and NE Citrus,Pasco,0
Inverness and NE Citrus,Pinellas,0
Inverness and NE Citrus,Richloam WMA and E Hernando,0
Inverness and NE Citrus,South Central Hernando,0
Inverness and NE Citrus,South East Citrus,15867
Inverness and NE Citrus,Spring Hill and SW Hernando,0
Lake Lindsey  N. Central Hernando,Brooksville Area,710
Lake Lindsey  N. Central Hernando,Croom WMA  NE Hernando,0
Lake Lindsey  N. Central Hernando,Crystal River and NW Citrus,0
Lake Lindsey  N. Central Hernando,External,0
Lake Lindsey  N. Central Hernando,Hillsborough  Manatee Spur,0
Lake Lindsey  N. Central Hernando,Homosassa Springs  SW Citrus,0
Lake Lindsey  N. Central Hernando,Inverness and NE Citrus,0
Lake Lindsey  N. Central Hernando,Lake Lindsey  N. Central Hernando,214
Lake Lindsey  N. Central Hernando,NW Hernando,0
Lake Lindsey  N. Central Hernando,North Central Citrus,0
Lake Lindsey  N. Central Hernando,Pasco,0
Lake Lindsey  N. Central Hernando,Pinellas,0
Lake Lindsey  N. Central Hernando,Richloam WMA and E Hernando,0
Lake Lindsey  N. Central Hernando,South Central Hernando,0
Lake Lindsey  N. Central Hernando,South East Citrus,0
Lake Lindsey  N. Central Hernando,Spring Hill and SW Hernando,7469
NW Hernando,Brooksville Area,67
NW Hernando,Croom WMA  NE Hernando,0
NW Hernando,Crystal River and NW Citrus,0
NW Hernando,External,0
NW Hernando,Hillsborough  Manatee Spur,278
NW Hernando,Homosassa Springs  SW Citrus,0
NW Hernando,Inverness and NE Citrus,0
NW Hernando,Lake Lindsey  N. Central Hernando,0
NW Hernando,NW Hernando,2833
NW Hernando,North Central Citrus,0
NW Hernando,Pasco,0
NW Hernando,Pinellas,84
NW Hernando,Richloam WMA and E Hernando,0
NW Hernando,South Central Hernando,0
NW Hernando,South East Citrus,0
NW Hernando,Spring Hill and SW Hernando,16199
North Central Citrus,Brooksville Area,0
North Central Citrus,Croom WMA  NE Hernando,0
North Central Citrus,Crystal River and NW Citrus,33215
North Central Citrus,External,4762
North Central Citrus,Hillsborough  Manatee Spur,139
North Central Citrus,Homosassa Springs  SW Citrus,14166
North Central Citrus,Inverness and NE Citrus,24687
North Central Citrus,Lake Lindsey  N. Central Hernando,0
North Central Citrus,NW Hernando,0
North Central Citrus,North Central Citrus,101735
North Central Citrus,Pasco,0
North Central Citrus,Pinellas,0
North Central Citrus,Richloam WMA and E Hernando,0
North Central Citrus,South Central Hernando,0
North Central Citrus,South East Citrus,9064
North Central Citrus,Spring Hill and SW Hernando,347
Pasco,Brooksville Area,4222
Pasco,Croom WMA  NE Hernando,0
Pasco,Crystal River and NW Citrus,2454
Pasco,External,0
Pasco,Hillsborough  Manatee Spur,0
Pasco,Homosassa Springs  SW Citrus,1
Pasco,Inverness and NE Citrus,0
Pasco,Lake Lindsey  N. Central Hernando,0
Pasco,NW Hernando,0
Pasco,North Central Citrus,0
Pasco,Pasco,0
Pasco,Pinellas,0
Pasco,Richloam WMA and E Hernando,2929
Pasco,South Central Hernando,6431
Pasco,South East Citrus,0
Pasco,Spring Hill and SW Hernando,28428
Pinellas,Brooksville Area,118
Pinellas,Croom WMA  NE Hernando,98
Pinellas,Crystal River and NW Citrus,0
Pinellas,External,0
Pinellas,Hillsborough  Manatee Spur,0
Pinellas,Homosassa Springs  SW Citrus,513
Pinellas,Inverness and NE Citrus,0
Pinellas,Lake Lindsey  N. Central Hernando,0
Pinellas,NW Hernando,0
Pinellas,North Central Citrus,0
Pinellas,Pasco,0
Pinellas,Pinellas,0
Pinellas,Richloam WMA and E Hernando,0
Pinellas,South Central Hernando,0
Pinellas,South East Citrus,0
Pinellas,Spring Hill and SW Hernando,1475
Richloam WMA and E Hernando,Brooksville Area,53
Richloam WMA and E Hernando,Croom WMA  NE Hernando,0
Richloam WMA and E Hernando,Crystal River and NW Citrus,0
Richloam WMA and E Hernando,External,133
Richloam WMA and E Hernando,Hillsborough  Manatee Spur,2323
Richloam WMA and E Hernando,Homosassa Springs  SW Citrus,0
Richloam WMA and E Hernando,Inverness and NE Citrus,0
Richloam WMA and E Hernando,Lake Lindsey  N. Central Hernando,0
Richloam WMA and E Hernando,NW Hernando,0
Richloam WMA and E Hernando,North Central Citrus,0
Richloam WMA and E Hernando,Pasco,3632
Richloam WMA and E Hernando,Pinellas,0
Richloam WMA and E Hernando,Richloam WMA and E Hernando,8079
Richloam WMA and E Hernando,South Central Hernando,40
Richloam WMA and E Hernando,South East Citrus,0
Richloam WMA and E Hernando,Spring Hill and SW Hernando,98
South Central Hernando,Brooksville Area,5446
South Central Hernando,Croom WMA  NE Hernando,0
South Central Hernando,Crystal River and NW Citrus,153
South Central Hernando,External,143
South Central Hernando,Hillsborough  Manatee Spur,2549
South Central Hernando,Homosassa Springs  SW Citrus,98
South Central Hernando,Inverness and NE Citrus,0
South Central Hernando,Lake Lindsey  N. Central Hernando,0
South Central Hernando,NW Hernando,757
South Central Hernando,North Central Citrus,0
South Central Hernando,Pasco,3722
South Central Hernando,Pinellas,0
South Central Hernando,Richloam WMA and E Hernando,40
South Central Hernando,South Central Hernando,3395
South Central Hernando,South East Citrus,0
South Central Hernando,Spring Hill and SW Hernando,7601
South East Citrus,Brooksville Area,0
South East Citrus,Croom WMA  NE Hernando,0
South East Citrus,Crystal River and NW Citrus,3651
South East Citrus,External,626
South East Citrus,Hillsborough  Manatee Spur,4046
South East Citrus,Homosassa Springs  SW Citrus,40
South East Citrus,Inverness and NE Citrus,20548
South East Citrus,Lake Lindsey  N. Central Hernando,0
South East Citrus,NW Hernando,0
South East Citrus,North Central Citrus,7328
South East Citrus,Pasco,0
South East Citrus,Pinellas,0
South East Citrus,Richloam WMA and E Hernando,0
South East Citrus,South Central Hernando,0
South East Citrus,South East Citrus,10996
South East Citrus,Spring Hill and SW Hernando,0
Spring Hill and SW Hernando,Brooksville Area,20775
Spring Hill and SW Hernando,Croom WMA  NE Hernando,102
Spring Hill and SW Hernando,Crystal River and NW Citrus,821
Spring Hill and SW Hernando,External,1214
Spring Hill and SW Hernando,Hillsborough  Manatee Spur,4800
Spring Hill and SW Hernando,Homosassa Springs  SW Citrus,3277
Spring Hill and SW Hernando,Inverness and NE Citrus,0
Spring Hill and SW Hernando,Lake Lindsey  N. Central Hernando,4478
Spring Hill and SW Hernando,NW Hernando,13897
Spring Hill and SW Hernando,North Central Citrus,347
Spring Hill and SW Hernando,Pasco,25673
Spring Hill and SW Hernando,Pinellas,2404
Spring Hill and SW Hernando,Richloam WMA and E Hernando,139
Spring Hill and SW Hernando,South Central Hernando,8938
Spring Hill and SW Hernando,South East Citrus,0
Spring Hill and SW Hernando,Spring Hill and SW Hernando,229276
