FROM,TO,TRIPS
Apollo Beach  Ruskin,Apollo Beach  Ruskin,81693
Apollo Beach  Ruskin,CZ2,6
Apollo Beach  Ruskin,CZ4,12090
Apollo Beach  Ruskin,Citrus Park,0
Apollo Beach  Ruskin,Downtown,1765
Apollo Beach  Ruskin,East Town,389
Apollo Beach  Ruskin,External,1293
Apollo Beach  Ruskin,Gibsonton,5593
Apollo Beach  Ruskin,Harney Canal,0
Apollo Beach  Ruskin,Hernando  Citrus,0
Apollo Beach  Ruskin,MacDill AFB,0
Apollo Beach  Ruskin,Manatee Spur,150
Apollo Beach  Ruskin,NE Hilsborough,150
Apollo Beach  Ruskin,NW Hilsborough,0
Apollo Beach  Ruskin,New Tampa,41
Apollo Beach  Ruskin,Pasco,0
Apollo Beach  Ruskin,Pinellas,4066
Apollo Beach  Ruskin,Plant City Area,0
Apollo Beach  Ruskin,Port of Tampa  50th St Corridor,121
Apollo Beach  Ruskin,SE Hillsborough,38590
Apollo Beach  Ruskin,SW Hillsborough,0
Apollo Beach  Ruskin,TPA  Anderson Rd,0
Apollo Beach  Ruskin,Tampa Central,1035
Apollo Beach  Ruskin,USF  Hosp  Busch,0
Apollo Beach  Ruskin,West Brandon,506
Apollo Beach  Ruskin,Westshore  Rocky Point,158
CZ2,Apollo Beach  Ruskin,43
CZ2,CZ2,79613
CZ2,CZ4,521
CZ2,Citrus Park,0
CZ2,Downtown,4109
CZ2,East Town,2292
CZ2,External,1195
CZ2,Gibsonton,3584
CZ2,Harney Canal,47
CZ2,Hernando  Citrus,832
CZ2,MacDill AFB,3421
CZ2,Manatee Spur,0
CZ2,NE Hilsborough,456
CZ2,NW Hilsborough,0
CZ2,New Tampa,930
CZ2,Pasco,42
CZ2,Pinellas,235
CZ2,Plant City Area,0
CZ2,Port of Tampa  50th St Corridor,0
CZ2,SE Hillsborough,21243
CZ2,SW Hillsborough,57
CZ2,TPA  Anderson Rd,310
CZ2,Tampa Central,1549
CZ2,USF  Hosp  Busch,0
CZ2,West Brandon,4141
CZ2,Westshore  Rocky Point,156
CZ4,Apollo Beach  Ruskin,18351
CZ4,CZ2,427
CZ4,CZ4,160337
CZ4,Citrus Park,0
CZ4,Downtown,728
CZ4,East Town,145
CZ4,External,7368
CZ4,Gibsonton,25041
CZ4,Harney Canal,139
CZ4,Hernando  Citrus,0
CZ4,MacDill AFB,0
CZ4,Manatee Spur,0
CZ4,NE Hilsborough,1438
CZ4,NW Hilsborough,1804
CZ4,New Tampa,539
CZ4,Pasco,0
CZ4,Pinellas,1445
CZ4,Plant City Area,0
CZ4,Port of Tampa  50th St Corridor,0
CZ4,SE Hillsborough,11398
CZ4,SW Hillsborough,256
CZ4,TPA  Anderson Rd,806
CZ4,Tampa Central,4129
CZ4,USF  Hosp  Busch,2277
CZ4,West Brandon,5523
CZ4,Westshore  Rocky Point,1910
Citrus Park,Apollo Beach  Ruskin,0
Citrus Park,CZ2,0
Citrus Park,CZ4,0
Citrus Park,Citrus Park,403
Citrus Park,Downtown,0
Citrus Park,East Town,0
Citrus Park,External,0
Citrus Park,Gibsonton,0
Citrus Park,Harney Canal,0
Citrus Park,Hernando  Citrus,0
Citrus Park,MacDill AFB,0
Citrus Park,Manatee Spur,0
Citrus Park,NE Hilsborough,250
Citrus Park,NW Hilsborough,11089
Citrus Park,New Tampa,0
Citrus Park,Pasco,537
Citrus Park,Pinellas,3012
Citrus Park,Plant City Area,0
Citrus Park,Port of Tampa  50th St Corridor,0
Citrus Park,SE Hillsborough,214
Citrus Park,SW Hillsborough,118
Citrus Park,TPA  Anderson Rd,77
Citrus Park,Tampa Central,655
Citrus Park,USF  Hosp  Busch,0
Citrus Park,West Brandon,0
Citrus Park,Westshore  Rocky Point,213
Downtown,Apollo Beach  Ruskin,748
Downtown,CZ2,2594
Downtown,CZ4,250
Downtown,Citrus Park,118
Downtown,Downtown,100639
Downtown,East Town,864
Downtown,External,9032
Downtown,Gibsonton,968
Downtown,Harney Canal,1378
Downtown,Hernando  Citrus,197
Downtown,MacDill AFB,151
Downtown,Manatee Spur,0
Downtown,NE Hilsborough,8676
Downtown,NW Hilsborough,13082
Downtown,New Tampa,0
Downtown,Pasco,12011
Downtown,Pinellas,14029
Downtown,Plant City Area,0
Downtown,Port of Tampa  50th St Corridor,368
Downtown,SE Hillsborough,14600
Downtown,SW Hillsborough,36359
Downtown,TPA  Anderson Rd,10532
Downtown,Tampa Central,28121
Downtown,USF  Hosp  Busch,2115
Downtown,West Brandon,4746
Downtown,Westshore  Rocky Point,13196
East Town,Apollo Beach  Ruskin,23
East Town,CZ2,2270
East Town,CZ4,0
East Town,Citrus Park,171
East Town,Downtown,1580
East Town,East Town,10488
East Town,External,607
East Town,Gibsonton,395
East Town,Harney Canal,19
East Town,Hernando  Citrus,0
East Town,MacDill AFB,116
East Town,Manatee Spur,0
East Town,NE Hilsborough,6224
East Town,NW Hilsborough,11746
East Town,New Tampa,8
East Town,Pasco,1842
East Town,Pinellas,619
East Town,Plant City Area,2645
East Town,Port of Tampa  50th St Corridor,56
East Town,SE Hillsborough,15542
East Town,SW Hillsborough,1630
East Town,TPA  Anderson Rd,0
East Town,Tampa Central,5370
East Town,USF  Hosp  Busch,507
East Town,West Brandon,3084
East Town,Westshore  Rocky Point,1956
External,Apollo Beach  Ruskin,880
External,CZ2,145
External,CZ4,7831
External,Citrus Park,0
External,Downtown,6110
External,East Town,111
External,External,0
External,Gibsonton,6298
External,Harney Canal,0
External,Hernando  Citrus,0
External,MacDill AFB,0
External,Manatee Spur,0
External,NE Hilsborough,4282
External,NW Hilsborough,554
External,New Tampa,0
External,Pasco,0
External,Pinellas,0
External,Plant City Area,3166
External,Port of Tampa  50th St Corridor,3854
External,SE Hillsborough,4701
External,SW Hillsborough,640
External,TPA  Anderson Rd,6232
External,Tampa Central,13027
External,USF  Hosp  Busch,148
External,West Brandon,617
External,Westshore  Rocky Point,656
Gibsonton,Apollo Beach  Ruskin,1008
Gibsonton,CZ2,6296
Gibsonton,CZ4,25979
Gibsonton,Citrus Park,0
Gibsonton,Downtown,3546
Gibsonton,East Town,730
Gibsonton,External,8007
Gibsonton,Gibsonton,63734
Gibsonton,Harney Canal,0
Gibsonton,Hernando  Citrus,0
Gibsonton,MacDill AFB,1
Gibsonton,Manatee Spur,230
Gibsonton,NE Hilsborough,22594
Gibsonton,NW Hilsborough,4094
Gibsonton,New Tampa,0
Gibsonton,Pasco,270
Gibsonton,Pinellas,1136
Gibsonton,Plant City Area,0
Gibsonton,Port of Tampa  50th St Corridor,1100
Gibsonton,SE Hillsborough,23229
Gibsonton,SW Hillsborough,1388
Gibsonton,TPA  Anderson Rd,1776
Gibsonton,Tampa Central,4374
Gibsonton,USF  Hosp  Busch,152
Gibsonton,West Brandon,9231
Gibsonton,Westshore  Rocky Point,60
Harney Canal,Apollo Beach  Ruskin,0
Harney Canal,CZ2,47
Harney Canal,CZ4,99
Harney Canal,Citrus Park,0
Harney Canal,Downtown,697
Harney Canal,East Town,26
Harney Canal,External,4163
Harney Canal,Gibsonton,3
Harney Canal,Harney Canal,4978
Harney Canal,Hernando  Citrus,0
Harney Canal,MacDill AFB,0
Harney Canal,Manatee Spur,0
Harney Canal,NE Hilsborough,3413
Harney Canal,NW Hilsborough,1612
Harney Canal,New Tampa,541
Harney Canal,Pasco,1183
Harney Canal,Pinellas,794
Harney Canal,Plant City Area,0
Harney Canal,Port of Tampa  50th St Corridor,0
Harney Canal,SE Hillsborough,346
Harney Canal,SW Hillsborough,110
Harney Canal,TPA  Anderson Rd,0
Harney Canal,Tampa Central,6947
Harney Canal,USF  Hosp  Busch,13
Harney Canal,West Brandon,805
Harney Canal,Westshore  Rocky Point,510
Hernando  Citrus,Apollo Beach  Ruskin,0
Hernando  Citrus,CZ2,0
Hernando  Citrus,CZ4,0
Hernando  Citrus,Citrus Park,79
Hernando  Citrus,Downtown,150
Hernando  Citrus,East Town,0
Hernando  Citrus,External,0
Hernando  Citrus,Gibsonton,0
Hernando  Citrus,Harney Canal,0
Hernando  Citrus,Hernando  Citrus,0
Hernando  Citrus,MacDill AFB,85
Hernando  Citrus,Manatee Spur,0
Hernando  Citrus,NE Hilsborough,0
Hernando  Citrus,NW Hilsborough,7049
Hernando  Citrus,New Tampa,0
Hernando  Citrus,Pasco,0
Hernando  Citrus,Pinellas,0
Hernando  Citrus,Plant City Area,0
Hernando  Citrus,Port of Tampa  50th St Corridor,0
Hernando  Citrus,SE Hillsborough,150
Hernando  Citrus,SW Hillsborough,34
Hernando  Citrus,TPA  Anderson Rd,2575
Hernando  Citrus,Tampa Central,379
Hernando  Citrus,USF  Hosp  Busch,4178
Hernando  Citrus,West Brandon,33
Hernando  Citrus,Westshore  Rocky Point,139
MacDill AFB,Apollo Beach  Ruskin,99
MacDill AFB,CZ2,2420
MacDill AFB,CZ4,0
MacDill AFB,Citrus Park,0
MacDill AFB,Downtown,1999
MacDill AFB,East Town,0
MacDill AFB,External,0
MacDill AFB,Gibsonton,1
MacDill AFB,Harney Canal,151
MacDill AFB,Hernando  Citrus,60
MacDill AFB,MacDill AFB,12488
MacDill AFB,Manatee Spur,0
MacDill AFB,NE Hilsborough,1204
MacDill AFB,NW Hilsborough,4964
MacDill AFB,New Tampa,0
MacDill AFB,Pasco,2408
MacDill AFB,Pinellas,370
MacDill AFB,Plant City Area,0
MacDill AFB,Port of Tampa  50th St Corridor,0
MacDill AFB,SE Hillsborough,7302
MacDill AFB,SW Hillsborough,15015
MacDill AFB,TPA  Anderson Rd,33
MacDill AFB,Tampa Central,280
MacDill AFB,USF  Hosp  Busch,0
MacDill AFB,West Brandon,0
MacDill AFB,Westshore  Rocky Point,268
Manatee Spur,Apollo Beach  Ruskin,175
Manatee Spur,CZ2,0
Manatee Spur,CZ4,0
Manatee Spur,Citrus Park,0
Manatee Spur,Downtown,0
Manatee Spur,East Town,0
Manatee Spur,External,0
Manatee Spur,Gibsonton,230
Manatee Spur,Harney Canal,0
Manatee Spur,Hernando  Citrus,0
Manatee Spur,MacDill AFB,0
Manatee Spur,Manatee Spur,0
Manatee Spur,NE Hilsborough,0
Manatee Spur,NW Hilsborough,0
Manatee Spur,New Tampa,0
Manatee Spur,Pasco,0
Manatee Spur,Pinellas,0
Manatee Spur,Plant City Area,0
Manatee Spur,Port of Tampa  50th St Corridor,153
Manatee Spur,SE Hillsborough,0
Manatee Spur,SW Hillsborough,0
Manatee Spur,TPA  Anderson Rd,0
Manatee Spur,Tampa Central,0
Manatee Spur,USF  Hosp  Busch,0
Manatee Spur,West Brandon,116
Manatee Spur,Westshore  Rocky Point,0
NE Hilsborough,Apollo Beach  Ruskin,116
NE Hilsborough,CZ2,268
NE Hilsborough,CZ4,4470
NE Hilsborough,Citrus Park,0
NE Hilsborough,Downtown,10988
NE Hilsborough,East Town,6780
NE Hilsborough,External,5285
NE Hilsborough,Gibsonton,11226
NE Hilsborough,Harney Canal,4212
NE Hilsborough,Hernando  Citrus,0
NE Hilsborough,MacDill AFB,3077
NE Hilsborough,Manatee Spur,139
NE Hilsborough,NE Hilsborough,261602
NE Hilsborough,NW Hilsborough,14664
NE Hilsborough,New Tampa,1234
NE Hilsborough,Pasco,16628
NE Hilsborough,Pinellas,4973
NE Hilsborough,Plant City Area,24613
NE Hilsborough,Port of Tampa  50th St Corridor,0
NE Hilsborough,SE Hillsborough,43450
NE Hilsborough,SW Hillsborough,346
NE Hilsborough,TPA  Anderson Rd,2423
NE Hilsborough,Tampa Central,42469
NE Hilsborough,USF  Hosp  Busch,20475
NE Hilsborough,West Brandon,15349
NE Hilsborough,Westshore  Rocky Point,2055
NW Hilsborough,Apollo Beach  Ruskin,0
NW Hilsborough,CZ2,713
NW Hilsborough,CZ4,907
NW Hilsborough,Citrus Park,13288
NW Hilsborough,Downtown,12761
NW Hilsborough,East Town,4392
NW Hilsborough,External,657
NW Hilsborough,Gibsonton,2429
NW Hilsborough,Harney Canal,1533
NW Hilsborough,Hernando  Citrus,5958
NW Hilsborough,MacDill AFB,4964
NW Hilsborough,Manatee Spur,0
NW Hilsborough,NE Hilsborough,12459
NW Hilsborough,NW Hilsborough,868325
NW Hilsborough,New Tampa,2143
NW Hilsborough,Pasco,69465
NW Hilsborough,Pinellas,79361
NW Hilsborough,Plant City Area,0
NW Hilsborough,Port of Tampa  50th St Corridor,0
NW Hilsborough,SE Hillsborough,1228
NW Hilsborough,SW Hillsborough,26341
NW Hilsborough,TPA  Anderson Rd,60795
NW Hilsborough,Tampa Central,134119
NW Hilsborough,USF  Hosp  Busch,10071
NW Hilsborough,West Brandon,903
NW Hilsborough,Westshore  Rocky Point,19081
New Tampa,Apollo Beach  Ruskin,0
New Tampa,CZ2,658
New Tampa,CZ4,459
New Tampa,Citrus Park,30
New Tampa,Downtown,1087
New Tampa,East Town,265
New Tampa,External,0
New Tampa,Gibsonton,0
New Tampa,Harney Canal,772
New Tampa,Hernando  Citrus,0
New Tampa,MacDill AFB,0
New Tampa,Manatee Spur,0
New Tampa,NE Hilsborough,979
New Tampa,NW Hilsborough,2104
New Tampa,New Tampa,8320
New Tampa,Pasco,2545
New Tampa,Pinellas,0
New Tampa,Plant City Area,0
New Tampa,Port of Tampa  50th St Corridor,0
New Tampa,SE Hillsborough,0
New Tampa,SW Hillsborough,127
New Tampa,TPA  Anderson Rd,0
New Tampa,Tampa Central,8553
New Tampa,USF  Hosp  Busch,445
New Tampa,West Brandon,180
New Tampa,Westshore  Rocky Point,1900
Pasco,Apollo Beach  Ruskin,0
Pasco,CZ2,71
Pasco,CZ4,0
Pasco,Citrus Park,279
Pasco,Downtown,15434
Pasco,East Town,1448
Pasco,External,0
Pasco,Gibsonton,149
Pasco,Harney Canal,160
Pasco,Hernando  Citrus,0
Pasco,MacDill AFB,2435
Pasco,Manatee Spur,0
Pasco,NE Hilsborough,21410
Pasco,NW Hilsborough,62347
Pasco,New Tampa,6199
Pasco,Pasco,0
Pasco,Pinellas,0
Pasco,Plant City Area,3423
Pasco,Port of Tampa  50th St Corridor,3067
Pasco,SE Hillsborough,6007
Pasco,SW Hillsborough,4855
Pasco,TPA  Anderson Rd,9022
Pasco,Tampa Central,28891
Pasco,USF  Hosp  Busch,9122
Pasco,West Brandon,2267
Pasco,Westshore  Rocky Point,9032
Pinellas,Apollo Beach  Ruskin,3564
Pinellas,CZ2,100
Pinellas,CZ4,1704
Pinellas,Citrus Park,3720
Pinellas,Downtown,12140
Pinellas,East Town,866
Pinellas,External,0
Pinellas,Gibsonton,1030
Pinellas,Harney Canal,1324
Pinellas,Hernando  Citrus,0
Pinellas,MacDill AFB,576
Pinellas,Manatee Spur,0
Pinellas,NE Hilsborough,4828
Pinellas,NW Hilsborough,68993
Pinellas,New Tampa,812
Pinellas,Pasco,0
Pinellas,Pinellas,0
Pinellas,Plant City Area,0
Pinellas,Port of Tampa  50th St Corridor,18416
Pinellas,SE Hillsborough,1170
Pinellas,SW Hillsborough,15438
Pinellas,TPA  Anderson Rd,31239
Pinellas,Tampa Central,23220
Pinellas,USF  Hosp  Busch,20811
Pinellas,West Brandon,1303
Pinellas,Westshore  Rocky Point,13428
Plant City Area,Apollo Beach  Ruskin,0
Plant City Area,CZ2,0
Plant City Area,CZ4,0
Plant City Area,Citrus Park,0
Plant City Area,Downtown,150
Plant City Area,East Town,0
Plant City Area,External,3961
Plant City Area,Gibsonton,0
Plant City Area,Harney Canal,0
Plant City Area,Hernando  Citrus,0
Plant City Area,MacDill AFB,0
Plant City Area,Manatee Spur,0
Plant City Area,NE Hilsborough,28046
Plant City Area,NW Hilsborough,0
Plant City Area,New Tampa,0
Plant City Area,Pasco,2422
Plant City Area,Pinellas,0
Plant City Area,Plant City Area,820
Plant City Area,Port of Tampa  50th St Corridor,0
Plant City Area,SE Hillsborough,483
Plant City Area,SW Hillsborough,0
Plant City Area,TPA  Anderson Rd,6
Plant City Area,Tampa Central,4469
Plant City Area,USF  Hosp  Busch,0
Plant City Area,West Brandon,0
Plant City Area,Westshore  Rocky Point,0
Port of Tampa  50th St Corridor,Apollo Beach  Ruskin,0
Port of Tampa  50th St Corridor,CZ2,0
Port of Tampa  50th St Corridor,CZ4,0
Port of Tampa  50th St Corridor,Citrus Park,0
Port of Tampa  50th St Corridor,Downtown,356
Port of Tampa  50th St Corridor,East Town,133
Port of Tampa  50th St Corridor,External,0
Port of Tampa  50th St Corridor,Gibsonton,122
Port of Tampa  50th St Corridor,Harney Canal,0
Port of Tampa  50th St Corridor,Hernando  Citrus,0
Port of Tampa  50th St Corridor,MacDill AFB,0
Port of Tampa  50th St Corridor,Manatee Spur,153
Port of Tampa  50th St Corridor,NE Hilsborough,0
Port of Tampa  50th St Corridor,NW Hilsborough,0
Port of Tampa  50th St Corridor,New Tampa,0
Port of Tampa  50th St Corridor,Pasco,2040
Port of Tampa  50th St Corridor,Pinellas,117
Port of Tampa  50th St Corridor,Plant City Area,0
Port of Tampa  50th St Corridor,Port of Tampa  50th St Corridor,47
Port of Tampa  50th St Corridor,SE Hillsborough,3854
Port of Tampa  50th St Corridor,SW Hillsborough,0
Port of Tampa  50th St Corridor,TPA  Anderson Rd,18240
Port of Tampa  50th St Corridor,Tampa Central,525
Port of Tampa  50th St Corridor,USF  Hosp  Busch,0
Port of Tampa  50th St Corridor,West Brandon,2218
Port of Tampa  50th St Corridor,Westshore  Rocky Point,3114
SE Hillsborough,Apollo Beach  Ruskin,38596
SE Hillsborough,CZ2,21275
SE Hillsborough,CZ4,13552
SE Hillsborough,Citrus Park,139
SE Hillsborough,Downtown,20930
SE Hillsborough,East Town,20648
SE Hillsborough,External,2292
SE Hillsborough,Gibsonton,28556
SE Hillsborough,Harney Canal,4707
SE Hillsborough,Hernando  Citrus,132
SE Hillsborough,MacDill AFB,7555
SE Hillsborough,Manatee Spur,0
SE Hillsborough,NE Hilsborough,35638
SE Hillsborough,NW Hilsborough,1173
SE Hillsborough,New Tampa,141
SE Hillsborough,Pasco,2060
SE Hillsborough,Pinellas,958
SE Hillsborough,Plant City Area,2840
SE Hillsborough,Port of Tampa  50th St Corridor,0
SE Hillsborough,SE Hillsborough,415153
SE Hillsborough,SW Hillsborough,7656
SE Hillsborough,TPA  Anderson Rd,12520
SE Hillsborough,Tampa Central,25497
SE Hillsborough,USF  Hosp  Busch,9174
SE Hillsborough,West Brandon,59646
SE Hillsborough,Westshore  Rocky Point,1667
SW Hillsborough,Apollo Beach  Ruskin,0
SW Hillsborough,CZ2,112
SW Hillsborough,CZ4,327
SW Hillsborough,Citrus Park,0
SW Hillsborough,Downtown,40734
SW Hillsborough,East Town,2116
SW Hillsborough,External,5298
SW Hillsborough,Gibsonton,1373
SW Hillsborough,Harney Canal,2
SW Hillsborough,Hernando  Citrus,24
SW Hillsborough,MacDill AFB,20021
SW Hillsborough,Manatee Spur,0
SW Hillsborough,NE Hilsborough,1114
SW Hillsborough,NW Hilsborough,23601
SW Hillsborough,New Tampa,195
SW Hillsborough,Pasco,1319
SW Hillsborough,Pinellas,17067
SW Hillsborough,Plant City Area,0
SW Hillsborough,Port of Tampa  50th St Corridor,0
SW Hillsborough,SE Hillsborough,6027
SW Hillsborough,SW Hillsborough,378281
SW Hillsborough,TPA  Anderson Rd,12364
SW Hillsborough,Tampa Central,42628
SW Hillsborough,USF  Hosp  Busch,15315
SW Hillsborough,West Brandon,314
SW Hillsborough,Westshore  Rocky Point,20658
TPA  Anderson Rd,Apollo Beach  Ruskin,0
TPA  Anderson Rd,CZ2,88
TPA  Anderson Rd,CZ4,1368
TPA  Anderson Rd,Citrus Park,147
TPA  Anderson Rd,Downtown,1188
TPA  Anderson Rd,East Town,122
TPA  Anderson Rd,External,10874
TPA  Anderson Rd,Gibsonton,1326
TPA  Anderson Rd,Harney Canal,0
TPA  Anderson Rd,Hernando  Citrus,383
TPA  Anderson Rd,MacDill AFB,23
TPA  Anderson Rd,Manatee Spur,0
TPA  Anderson Rd,NE Hilsborough,1601
TPA  Anderson Rd,NW Hilsborough,53650
TPA  Anderson Rd,New Tampa,98
TPA  Anderson Rd,Pasco,6503
TPA  Anderson Rd,Pinellas,31972
TPA  Anderson Rd,Plant City Area,6
TPA  Anderson Rd,Port of Tampa  50th St Corridor,0
TPA  Anderson Rd,SE Hillsborough,3815
TPA  Anderson Rd,SW Hillsborough,14430
TPA  Anderson Rd,TPA  Anderson Rd,20078
TPA  Anderson Rd,Tampa Central,22851
TPA  Anderson Rd,USF  Hosp  Busch,2657
TPA  Anderson Rd,West Brandon,0
TPA  Anderson Rd,Westshore  Rocky Point,37813
Tampa Central,Apollo Beach  Ruskin,1473
Tampa Central,CZ2,1038
Tampa Central,CZ4,5496
Tampa Central,Citrus Park,465
Tampa Central,Downtown,41432
Tampa Central,East Town,9106
Tampa Central,External,8835
Tampa Central,Gibsonton,3027
Tampa Central,Harney Canal,3705
Tampa Central,Hernando  Citrus,447
Tampa Central,MacDill AFB,271
Tampa Central,Manatee Spur,0
Tampa Central,NE Hilsborough,37455
Tampa Central,NW Hilsborough,128679
Tampa Central,New Tampa,3619
Tampa Central,Pasco,25818
Tampa Central,Pinellas,36203
Tampa Central,Plant City Area,3160
Tampa Central,Port of Tampa  50th St Corridor,2458
Tampa Central,SE Hillsborough,14840
Tampa Central,SW Hillsborough,41783
Tampa Central,TPA  Anderson Rd,25763
Tampa Central,Tampa Central,540041
Tampa Central,USF  Hosp  Busch,82023
Tampa Central,West Brandon,15027
Tampa Central,Westshore  Rocky Point,20490
USF  Hosp  Busch,Apollo Beach  Ruskin,53
USF  Hosp  Busch,CZ2,99
USF  Hosp  Busch,CZ4,1802
USF  Hosp  Busch,Citrus Park,0
USF  Hosp  Busch,Downtown,4298
USF  Hosp  Busch,East Town,951
USF  Hosp  Busch,External,151
USF  Hosp  Busch,Gibsonton,98
USF  Hosp  Busch,Harney Canal,1600
USF  Hosp  Busch,Hernando  Citrus,3531
USF  Hosp  Busch,MacDill AFB,0
USF  Hosp  Busch,Manatee Spur,0
USF  Hosp  Busch,NE Hilsborough,19694
USF  Hosp  Busch,NW Hilsborough,10318
USF  Hosp  Busch,New Tampa,2290
USF  Hosp  Busch,Pasco,5101
USF  Hosp  Busch,Pinellas,9534
USF  Hosp  Busch,Plant City Area,0
USF  Hosp  Busch,Port of Tampa  50th St Corridor,0
USF  Hosp  Busch,SE Hillsborough,5934
USF  Hosp  Busch,SW Hillsborough,10337
USF  Hosp  Busch,TPA  Anderson Rd,113
USF  Hosp  Busch,Tampa Central,89696
USF  Hosp  Busch,USF  Hosp  Busch,153538
USF  Hosp  Busch,West Brandon,752
USF  Hosp  Busch,Westshore  Rocky Point,1066
West Brandon,Apollo Beach  Ruskin,2795
West Brandon,CZ2,933
West Brandon,CZ4,3183
West Brandon,Citrus Park,0
West Brandon,Downtown,727
West Brandon,East Town,8518
West Brandon,External,437
West Brandon,Gibsonton,13419
West Brandon,Harney Canal,1246
West Brandon,Hernando  Citrus,0
West Brandon,MacDill AFB,1640
West Brandon,Manatee Spur,0
West Brandon,NE Hilsborough,14613
West Brandon,NW Hilsborough,852
West Brandon,New Tampa,0
West Brandon,Pasco,1234
West Brandon,Pinellas,1414
West Brandon,Plant City Area,0
West Brandon,Port of Tampa  50th St Corridor,230
West Brandon,SE Hillsborough,59421
West Brandon,SW Hillsborough,1879
West Brandon,TPA  Anderson Rd,38
West Brandon,Tampa Central,6595
West Brandon,USF  Hosp  Busch,360
West Brandon,West Brandon,25772
West Brandon,Westshore  Rocky Point,3646
Westshore  Rocky Point,Apollo Beach  Ruskin,158
Westshore  Rocky Point,CZ2,184
Westshore  Rocky Point,CZ4,1381
Westshore  Rocky Point,Citrus Park,1504
Westshore  Rocky Point,Downtown,14119
Westshore  Rocky Point,East Town,1564
Westshore  Rocky Point,External,1107
Westshore  Rocky Point,Gibsonton,1031
Westshore  Rocky Point,Harney Canal,252
Westshore  Rocky Point,Hernando  Citrus,749
Westshore  Rocky Point,MacDill AFB,9
Westshore  Rocky Point,Manatee Spur,0
Westshore  Rocky Point,NE Hilsborough,191
Westshore  Rocky Point,NW Hilsborough,17997
Westshore  Rocky Point,New Tampa,1900
Westshore  Rocky Point,Pasco,12171
Westshore  Rocky Point,Pinellas,15675
Westshore  Rocky Point,Plant City Area,0
Westshore  Rocky Point,Port of Tampa  50th St Corridor,1444
Westshore  Rocky Point,SE Hillsborough,8001
Westshore  Rocky Point,SW Hillsborough,17587
Westshore  Rocky Point,TPA  Anderson Rd,23547
Westshore  Rocky Point,Tampa Central,19902
Westshore  Rocky Point,USF  Hosp  Busch,245
Westshore  Rocky Point,West Brandon,2816
Westshore  Rocky Point,Westshore  Rocky Point,43856
