FROM,TO,TRIPS
Citrus,Citrus,0
Citrus,Dade City,0
Citrus,E New Port Richey,0
Citrus,External,0
Citrus,Hernando,0
Citrus,Hillsborough  Manatee Spur,0
Citrus,Hudson,1
Citrus,I-75  SR 52,0
Citrus,Lacoochie Ind Area,0
Citrus,Land O Lakes  Connerton,0
Citrus,NW Pasco,0
Citrus,New Port Richey,0
Citrus,Pasco Central,0
Citrus,Pasco East,0
Citrus,Pasco West,370
Citrus,Pinellas,0
Citrus,San Antonio,0
Citrus,Seven Springs  Odessa,0
Citrus,Suncoast  SR 54,0
Citrus,Wesley Chapel  I-75 - SR56,2884
Citrus,Zephyrhills,53
Dade City,Citrus,0
Dade City,Dade City,19834
Dade City,E New Port Richey,2753
Dade City,External,27
Dade City,Hernando,0
Dade City,Hillsborough  Manatee Spur,151
Dade City,Hudson,0
Dade City,I-75  SR 52,0
Dade City,Lacoochie Ind Area,0
Dade City,Land O Lakes  Connerton,43
Dade City,NW Pasco,0
Dade City,New Port Richey,0
Dade City,Pasco Central,396
Dade City,Pasco East,5664
Dade City,Pasco West,0
Dade City,Pinellas,0
Dade City,San Antonio,163
Dade City,Seven Springs  Odessa,0
Dade City,Suncoast  SR 54,0
Dade City,Wesley Chapel  I-75 - SR56,122
Dade City,Zephyrhills,10257
E New Port Richey,Citrus,0
E New Port Richey,Dade City,2968
E New Port Richey,E New Port Richey,4654
E New Port Richey,External,0
E New Port Richey,Hernando,205
E New Port Richey,Hillsborough  Manatee Spur,23
E New Port Richey,Hudson,0
E New Port Richey,I-75  SR 52,0
E New Port Richey,Lacoochie Ind Area,0
E New Port Richey,Land O Lakes  Connerton,0
E New Port Richey,NW Pasco,0
E New Port Richey,New Port Richey,3515
E New Port Richey,Pasco Central,5288
E New Port Richey,Pasco East,0
E New Port Richey,Pasco West,16351
E New Port Richey,Pinellas,928
E New Port Richey,San Antonio,0
E New Port Richey,Seven Springs  Odessa,1963
E New Port Richey,Suncoast  SR 54,52
E New Port Richey,Wesley Chapel  I-75 - SR56,0
E New Port Richey,Zephyrhills,0
External,Citrus,0
External,Dade City,0
External,E New Port Richey,0
External,External,0
External,Hernando,0
External,Hillsborough  Manatee Spur,0
External,Hudson,0
External,I-75  SR 52,0
External,Lacoochie Ind Area,0
External,Land O Lakes  Connerton,0
External,NW Pasco,0
External,New Port Richey,0
External,Pasco Central,98
External,Pasco East,746
External,Pasco West,2095
External,Pinellas,0
External,San Antonio,0
External,Seven Springs  Odessa,0
External,Suncoast  SR 54,0
External,Wesley Chapel  I-75 - SR56,494
External,Zephyrhills,360
Hernando,Citrus,0
Hernando,Dade City,40
Hernando,E New Port Richey,444
Hernando,External,0
Hernando,Hernando,0
Hernando,Hillsborough  Manatee Spur,0
Hernando,Hudson,783
Hernando,I-75  SR 52,41
Hernando,Lacoochie Ind Area,0
Hernando,Land O Lakes  Connerton,3469
Hernando,NW Pasco,3297
Hernando,New Port Richey,6358
Hernando,Pasco Central,17818
Hernando,Pasco East,4120
Hernando,Pasco West,4614
Hernando,Pinellas,0
Hernando,San Antonio,163
Hernando,Seven Springs  Odessa,176
Hernando,Suncoast  SR 54,354
Hernando,Wesley Chapel  I-75 - SR56,71
Hernando,Zephyrhills,0
Hillsborough  Manatee Spur,Citrus,0
Hillsborough  Manatee Spur,Dade City,207
Hillsborough  Manatee Spur,E New Port Richey,35
Hillsborough  Manatee Spur,External,0
Hillsborough  Manatee Spur,Hernando,0
Hillsborough  Manatee Spur,Hillsborough  Manatee Spur,0
Hillsborough  Manatee Spur,Hudson,2364
Hillsborough  Manatee Spur,I-75  SR 52,96
Hillsborough  Manatee Spur,Lacoochie Ind Area,0
Hillsborough  Manatee Spur,Land O Lakes  Connerton,30803
Hillsborough  Manatee Spur,NW Pasco,0
Hillsborough  Manatee Spur,New Port Richey,3749
Hillsborough  Manatee Spur,Pasco Central,32783
Hillsborough  Manatee Spur,Pasco East,44544
Hillsborough  Manatee Spur,Pasco West,4549
Hillsborough  Manatee Spur,Pinellas,0
Hillsborough  Manatee Spur,San Antonio,303
Hillsborough  Manatee Spur,Seven Springs  Odessa,7606
Hillsborough  Manatee Spur,Suncoast  SR 54,7140
Hillsborough  Manatee Spur,Wesley Chapel  I-75 - SR56,21608
Hillsborough  Manatee Spur,Zephyrhills,9811
Hudson,Citrus,1
Hudson,Dade City,0
Hudson,E New Port Richey,0
Hudson,External,0
Hudson,Hernando,533
Hudson,Hillsborough  Manatee Spur,2232
Hudson,Hudson,10052
Hudson,I-75  SR 52,0
Hudson,Lacoochie Ind Area,0
Hudson,Land O Lakes  Connerton,0
Hudson,NW Pasco,73
Hudson,New Port Richey,2206
Hudson,Pasco Central,974
Hudson,Pasco East,0
Hudson,Pasco West,10603
Hudson,Pinellas,1
Hudson,San Antonio,0
Hudson,Seven Springs  Odessa,0
Hudson,Suncoast  SR 54,0
Hudson,Wesley Chapel  I-75 - SR56,0
Hudson,Zephyrhills,0
I-75  SR 52,Citrus,0
I-75  SR 52,Dade City,0
I-75  SR 52,E New Port Richey,0
I-75  SR 52,External,0
I-75  SR 52,Hernando,58
I-75  SR 52,Hillsborough  Manatee Spur,910
I-75  SR 52,Hudson,0
I-75  SR 52,I-75  SR 52,1828
I-75  SR 52,Lacoochie Ind Area,0
I-75  SR 52,Land O Lakes  Connerton,467
I-75  SR 52,NW Pasco,0
I-75  SR 52,New Port Richey,0
I-75  SR 52,Pasco Central,1083
I-75  SR 52,Pasco East,416
I-75  SR 52,Pasco West,0
I-75  SR 52,Pinellas,0
I-75  SR 52,San Antonio,0
I-75  SR 52,Seven Springs  Odessa,0
I-75  SR 52,Suncoast  SR 54,0
I-75  SR 52,Wesley Chapel  I-75 - SR56,1056
I-75  SR 52,Zephyrhills,0
Lacoochie Ind Area,Citrus,0
Lacoochie Ind Area,Dade City,0
Lacoochie Ind Area,E New Port Richey,0
Lacoochie Ind Area,External,0
Lacoochie Ind Area,Hernando,0
Lacoochie Ind Area,Hillsborough  Manatee Spur,0
Lacoochie Ind Area,Hudson,0
Lacoochie Ind Area,I-75  SR 52,0
Lacoochie Ind Area,Lacoochie Ind Area,0
Lacoochie Ind Area,Land O Lakes  Connerton,0
Lacoochie Ind Area,NW Pasco,0
Lacoochie Ind Area,New Port Richey,0
Lacoochie Ind Area,Pasco Central,0
Lacoochie Ind Area,Pasco East,0
Lacoochie Ind Area,Pasco West,0
Lacoochie Ind Area,Pinellas,0
Lacoochie Ind Area,San Antonio,0
Lacoochie Ind Area,Seven Springs  Odessa,0
Lacoochie Ind Area,Suncoast  SR 54,0
Lacoochie Ind Area,Wesley Chapel  I-75 - SR56,0
Lacoochie Ind Area,Zephyrhills,0
Land O Lakes  Connerton,Citrus,0
Land O Lakes  Connerton,Dade City,65
Land O Lakes  Connerton,E New Port Richey,0
Land O Lakes  Connerton,External,0
Land O Lakes  Connerton,Hernando,2354
Land O Lakes  Connerton,Hillsborough  Manatee Spur,18566
Land O Lakes  Connerton,Hudson,53
Land O Lakes  Connerton,I-75  SR 52,2156
Land O Lakes  Connerton,Lacoochie Ind Area,0
Land O Lakes  Connerton,Land O Lakes  Connerton,15251
Land O Lakes  Connerton,NW Pasco,0
Land O Lakes  Connerton,New Port Richey,2457
Land O Lakes  Connerton,Pasco Central,25491
Land O Lakes  Connerton,Pasco East,19960
Land O Lakes  Connerton,Pasco West,0
Land O Lakes  Connerton,Pinellas,139
Land O Lakes  Connerton,San Antonio,0
Land O Lakes  Connerton,Seven Springs  Odessa,242
Land O Lakes  Connerton,Suncoast  SR 54,3224
Land O Lakes  Connerton,Wesley Chapel  I-75 - SR56,576
Land O Lakes  Connerton,Zephyrhills,0
NW Pasco,Citrus,0
NW Pasco,Dade City,0
NW Pasco,E New Port Richey,0
NW Pasco,External,0
NW Pasco,Hernando,3304
NW Pasco,Hillsborough  Manatee Spur,40
NW Pasco,Hudson,82
NW Pasco,I-75  SR 52,0
NW Pasco,Lacoochie Ind Area,0
NW Pasco,Land O Lakes  Connerton,0
NW Pasco,NW Pasco,2756
NW Pasco,New Port Richey,179
NW Pasco,Pasco Central,27
NW Pasco,Pasco East,0
NW Pasco,Pasco West,2783
NW Pasco,Pinellas,64
NW Pasco,San Antonio,0
NW Pasco,Seven Springs  Odessa,0
NW Pasco,Suncoast  SR 54,0
NW Pasco,Wesley Chapel  I-75 - SR56,0
NW Pasco,Zephyrhills,0
New Port Richey,Citrus,0
New Port Richey,Dade City,0
New Port Richey,E New Port Richey,4734
New Port Richey,External,0
New Port Richey,Hernando,3779
New Port Richey,Hillsborough  Manatee Spur,5139
New Port Richey,Hudson,2324
New Port Richey,I-75  SR 52,0
New Port Richey,Lacoochie Ind Area,0
New Port Richey,Land O Lakes  Connerton,165
New Port Richey,NW Pasco,295
New Port Richey,New Port Richey,90366
New Port Richey,Pasco Central,4952
New Port Richey,Pasco East,3278
New Port Richey,Pasco West,52802
New Port Richey,Pinellas,27680
New Port Richey,San Antonio,0
New Port Richey,Seven Springs  Odessa,9153
New Port Richey,Suncoast  SR 54,160
New Port Richey,Wesley Chapel  I-75 - SR56,6
New Port Richey,Zephyrhills,0
Pasco Central,Citrus,0
Pasco Central,Dade City,347
Pasco Central,E New Port Richey,9681
Pasco Central,External,0
Pasco Central,Hernando,19355
Pasco Central,Hillsborough  Manatee Spur,37735
Pasco Central,Hudson,889
Pasco Central,I-75  SR 52,455
Pasco Central,Lacoochie Ind Area,0
Pasco Central,Land O Lakes  Connerton,13744
Pasco Central,NW Pasco,1912
Pasco Central,New Port Richey,1337
Pasco Central,Pasco Central,152230
Pasco Central,Pasco East,15322
Pasco Central,Pasco West,25415
Pasco Central,Pinellas,546
Pasco Central,San Antonio,0
Pasco Central,Seven Springs  Odessa,14842
Pasco Central,Suncoast  SR 54,1844
Pasco Central,Wesley Chapel  I-75 - SR56,9055
Pasco Central,Zephyrhills,0
Pasco East,Citrus,0
Pasco East,Dade City,6401
Pasco East,E New Port Richey,0
Pasco East,External,1512
Pasco East,Hernando,3241
Pasco East,Hillsborough  Manatee Spur,62767
Pasco East,Hudson,0
Pasco East,I-75  SR 52,249
Pasco East,Lacoochie Ind Area,0
Pasco East,Land O Lakes  Connerton,25232
Pasco East,NW Pasco,0
Pasco East,New Port Richey,727
Pasco East,Pasco Central,3209
Pasco East,Pasco East,105691
Pasco East,Pasco West,263
Pasco East,Pinellas,4403
Pasco East,San Antonio,302
Pasco East,Seven Springs  Odessa,1
Pasco East,Suncoast  SR 54,11250
Pasco East,Wesley Chapel  I-75 - SR56,31901
Pasco East,Zephyrhills,30033
Pasco West,Citrus,0
Pasco West,Dade City,0
Pasco West,E New Port Richey,18052
Pasco West,External,1347
Pasco West,Hernando,8188
Pasco West,Hillsborough  Manatee Spur,7754
Pasco West,Hudson,9291
Pasco West,I-75  SR 52,0
Pasco West,Lacoochie Ind Area,0
Pasco West,Land O Lakes  Connerton,2307
Pasco West,NW Pasco,615
Pasco West,New Port Richey,56629
Pasco West,Pasco Central,31209
Pasco West,Pasco East,197
Pasco West,Pasco West,249028
Pasco West,Pinellas,64711
Pasco West,San Antonio,0
Pasco West,Seven Springs  Odessa,55565
Pasco West,Suncoast  SR 54,127
Pasco West,Wesley Chapel  I-75 - SR56,0
Pasco West,Zephyrhills,2745
Pinellas,Citrus,0
Pinellas,Dade City,0
Pinellas,E New Port Richey,141
Pinellas,External,0
Pinellas,Hernando,0
Pinellas,Hillsborough  Manatee Spur,0
Pinellas,Hudson,1
Pinellas,I-75  SR 52,108
Pinellas,Lacoochie Ind Area,0
Pinellas,Land O Lakes  Connerton,98
Pinellas,NW Pasco,23
Pinellas,New Port Richey,21077
Pinellas,Pasco Central,1226
Pinellas,Pasco East,3493
Pinellas,Pasco West,57558
Pinellas,Pinellas,0
Pinellas,San Antonio,61
Pinellas,Seven Springs  Odessa,12212
Pinellas,Suncoast  SR 54,1684
Pinellas,Wesley Chapel  I-75 - SR56,1593
Pinellas,Zephyrhills,139
San Antonio,Citrus,0
San Antonio,Dade City,377
San Antonio,E New Port Richey,0
San Antonio,External,61
San Antonio,Hernando,150
San Antonio,Hillsborough  Manatee Spur,155
San Antonio,Hudson,0
San Antonio,I-75  SR 52,107
San Antonio,Lacoochie Ind Area,0
San Antonio,Land O Lakes  Connerton,0
San Antonio,NW Pasco,0
San Antonio,New Port Richey,0
San Antonio,Pasco Central,0
San Antonio,Pasco East,148
San Antonio,Pasco West,0
San Antonio,Pinellas,0
San Antonio,San Antonio,52
San Antonio,Seven Springs  Odessa,0
San Antonio,Suncoast  SR 54,0
San Antonio,Wesley Chapel  I-75 - SR56,0
San Antonio,Zephyrhills,18
Seven Springs  Odessa,Citrus,0
Seven Springs  Odessa,Dade City,0
Seven Springs  Odessa,E New Port Richey,3066
Seven Springs  Odessa,External,2539
Seven Springs  Odessa,Hernando,136
Seven Springs  Odessa,Hillsborough  Manatee Spur,8694
Seven Springs  Odessa,Hudson,0
Seven Springs  Odessa,I-75  SR 52,0
Seven Springs  Odessa,Lacoochie Ind Area,0
Seven Springs  Odessa,Land O Lakes  Connerton,0
Seven Springs  Odessa,NW Pasco,0
Seven Springs  Odessa,New Port Richey,12005
Seven Springs  Odessa,Pasco Central,11623
Seven Springs  Odessa,Pasco East,1
Seven Springs  Odessa,Pasco West,53493
Seven Springs  Odessa,Pinellas,4795
Seven Springs  Odessa,San Antonio,0
Seven Springs  Odessa,Seven Springs  Odessa,52475
Seven Springs  Odessa,Suncoast  SR 54,2248
Seven Springs  Odessa,Wesley Chapel  I-75 - SR56,267
Seven Springs  Odessa,Zephyrhills,0
Suncoast  SR 54,Citrus,0
Suncoast  SR 54,Dade City,0
Suncoast  SR 54,E New Port Richey,0
Suncoast  SR 54,External,0
Suncoast  SR 54,Hernando,489
Suncoast  SR 54,Hillsborough  Manatee Spur,10596
Suncoast  SR 54,Hudson,0
Suncoast  SR 54,I-75  SR 52,0
Suncoast  SR 54,Lacoochie Ind Area,0
Suncoast  SR 54,Land O Lakes  Connerton,4949
Suncoast  SR 54,NW Pasco,0
Suncoast  SR 54,New Port Richey,158
Suncoast  SR 54,Pasco Central,1725
Suncoast  SR 54,Pasco East,3888
Suncoast  SR 54,Pasco West,298
Suncoast  SR 54,Pinellas,1723
Suncoast  SR 54,San Antonio,0
Suncoast  SR 54,Seven Springs  Odessa,2373
Suncoast  SR 54,Suncoast  SR 54,8213
Suncoast  SR 54,Wesley Chapel  I-75 - SR56,155
Suncoast  SR 54,Zephyrhills,0
Wesley Chapel  I-75 - SR56,Citrus,2454
Wesley Chapel  I-75 - SR56,Dade City,1571
Wesley Chapel  I-75 - SR56,E New Port Richey,0
Wesley Chapel  I-75 - SR56,External,145
Wesley Chapel  I-75 - SR56,Hernando,166
Wesley Chapel  I-75 - SR56,Hillsborough  Manatee Spur,19840
Wesley Chapel  I-75 - SR56,Hudson,0
Wesley Chapel  I-75 - SR56,I-75  SR 52,500
Wesley Chapel  I-75 - SR56,Lacoochie Ind Area,0
Wesley Chapel  I-75 - SR56,Land O Lakes  Connerton,960
Wesley Chapel  I-75 - SR56,NW Pasco,0
Wesley Chapel  I-75 - SR56,New Port Richey,141
Wesley Chapel  I-75 - SR56,Pasco Central,9815
Wesley Chapel  I-75 - SR56,Pasco East,31528
Wesley Chapel  I-75 - SR56,Pasco West,509
Wesley Chapel  I-75 - SR56,Pinellas,854
Wesley Chapel  I-75 - SR56,San Antonio,0
Wesley Chapel  I-75 - SR56,Seven Springs  Odessa,25
Wesley Chapel  I-75 - SR56,Suncoast  SR 54,400
Wesley Chapel  I-75 - SR56,Wesley Chapel  I-75 - SR56,66639
Wesley Chapel  I-75 - SR56,Zephyrhills,392
Zephyrhills,Citrus,0
Zephyrhills,Dade City,5947
Zephyrhills,E New Port Richey,0
Zephyrhills,External,341
Zephyrhills,Hernando,53
Zephyrhills,Hillsborough  Manatee Spur,11015
Zephyrhills,Hudson,0
Zephyrhills,I-75  SR 52,0
Zephyrhills,Lacoochie Ind Area,0
Zephyrhills,Land O Lakes  Connerton,0
Zephyrhills,NW Pasco,0
Zephyrhills,New Port Richey,0
Zephyrhills,Pasco Central,8
Zephyrhills,Pasco East,29907
Zephyrhills,Pasco West,2316
Zephyrhills,Pinellas,98
Zephyrhills,San Antonio,216
Zephyrhills,Seven Springs  Odessa,0
Zephyrhills,Suncoast  SR 54,0
Zephyrhills,Wesley Chapel  I-75 - SR56,4862
Zephyrhills,Zephyrhills,33375
