ZONE,MODE,TRIPS
1,AUTO,7219
2,AUTO,3668
2,BIKE,1621
3,AUTO,40966
3,SCHOOL BUS,6977
3,TRANSIT,244
4,AUTO,2595
4,BIKE,182
5,AUTO,3563
6,AUTO,528
7,AUTO,4387
8,AUTO,5168
9,AUTO,2291
10,AUTO,321
11,AUTO,9993
11,BIKE,1621
12,AUTO,2808
13,AUTO,1793
13,WALK,398
14,AUTO,28389
14,SCHOOL BUS,6977
15,AUTO,7839
16,AUTO,22366
17,AUTO,23347
18,AUTO,2894
19,AUTO,10111
20,AUTO,429
21,AUTO,556
22,AUTO,281
23,AUTO,9041
24,AUTO,1003
24,WALK,283
25,AUTO,457
26,AUTO,323
26,WALK,2834
27,AUTO,10744
28,AUTO,653
29,AUTO,871
29,TRANSIT,244
29,WALK,694
30,AUTO,10927
30,BIKE,136
31,AUTO,583
31,WALK,197
32,AUTO,2328
33,AUTO,242
34,AUTO,23589
34,OTHER,154
35,AUTO,10574
35,BIKE,37
35,WALK,74
36,AUTO,31949
36,WALK,74
37,AUTO,8433
37,WALK,255
38,AUTO,19462
39,AUTO,573
40,AUTO,1388
41,AUTO,10262
41,SCHOOL BUS,1566
42,AUTO,7496
43,AUTO,1795
44,AUTO,2570
44,WALK,269
45,AUTO,2050
47,AUTO,19
48,AUTO,23
49,AUTO,2087
50,AUTO,1595
50,SCHOOL BUS,1613
51,AUTO,992
51,SCHOOL BUS,99
51,WALK,116
52,AUTO,18
53,AUTO,19390
53,SCHOOL BUS,99
53,WALK,37
54,AUTO,21803
54,TRANSIT,269
54,WALK,269
55,AUTO,392
55,WALK,445
56,AUTO,14669
56,OTHER,18
57,AUTO,7758
57,TRANSIT,269
57,WALK,807
58,AUTO,797
59,AUTO,3130
60,AUTO,7575
61,AUTO,2206
61,WALK,116
62,AUTO,2965
62,BIKE,98
62,WALK,106
63,AUTO,5092
63,SCHOOL BUS,1566
63,WALK,204
64,AUTO,1277
64,WALK,197
65,AUTO,9753
65,OTHER,98
65,SHUTTLE VANPOOL,83
65,TRANSIT,1076
65,WALK,2386
66,AUTO,5681
66,SHUTTLE VANPOOL,83
68,AUTO,18401
69,AUTO,499
69,WALK,635
71,AUTO,460
71,TRANSIT,269
71,WALK,538
72,AUTO,15080
72,BIKE,23
72,TNC,148
72,TRANSIT,269
73,AUTO,3684
74,AUTO,1505
75,AUTO,15891
76,AUTO,8479
76,TRANSIT,287
76,WALK,544
77,AUTO,5867
77,TRANSIT,269
77,WALK,277
78,AUTO,4136
78,SHUTTLE VANPOOL,828
78,TNC,210
79,AUTO,5934
80,AUTO,9438
80,SCHOOL BUS,1293
80,WALK,5248
81,AUTO,15333
81,SCHOOL BUS,2519
81,WALK,634
82,AUTO,2139
83,AUTO,5079
83,WALK,279
84,AUTO,20613
84,TAXI NOT TNC,105
84,WALK,27259
85,AUTO,24905
85,WALK,1257
86,AUTO,70538
86,BIKE,85
86,WALK,867
87,AUTO,4002
88,AUTO,1852
89,AUTO,537
90,AUTO,15844
91,AUTO,14903
91,SCHOOL BUS,1895
91,WALK,4250
92,AUTO,7110
92,WALK,568
93,AUTO,32306
94,AUTO,33833
94,SCHOOL BUS,79
95,AUTO,4536
95,WALK,327
96,AUTO,6913
96,BIKE,85
96,TNC,218
97,AUTO,7341
97,WALK,91
98,AUTO,996
99,AUTO,26604
99,SHUTTLE VANPOOL,29
99,TRANSIT,357
99,WALK,366
100,AUTO,286
101,AUTO,1947
101,WALK,1028
102,AUTO,9940
102,OTHER,101
102,SCHOOL BUS,79
102,WALK,442
103,AUTO,815
103,SCHOOL BUS,1891
103,WALK,79
104,AUTO,4248
105,AUTO,1852
105,BIKE,2233
105,WALK,1117
106,AUTO,32
107,AUTO,2196
107,WALK,500
108,AUTO,14139
108,WALK,497
109,AUTO,29904
109,WALK,2392
110,AUTO,15008
110,BIKE,47
110,OTHER,269
110,WALK,103
111,AUTO,1806
111,WALK,413
112,AUTO,5191
112,OTHER,154
112,WALK,349
113,AUTO,14026
113,WALK,397
114,AUTO,30646
114,TNC,732
114,WALK,609
115,AUTO,797
115,SCHOOL BUS,79
116,AUTO,28319
116,TNC,98
116,WALK,37
117,AUTO,8187
117,TRANSIT,99
117,WALK,395
118,AUTO,437
119,AUTO,588
120,AUTO,26460
120,BIKE,2328
120,SCHOOL BUS,3745
120,TRANSIT,2328
121,AUTO,2491
121,WALK,1036
122,AUTO,26120
122,BIKE,1552
122,SCHOOL BUS,1873
122,WALK,1840
123,AUTO,45766
123,OTHER,269
123,TRANSIT,713
123,WALK,235
124,AUTO,419
124,OTHER,539
125,AUTO,4216
126,AUTO,1118
126,TRANSIT,2143
127,AUTO,15039
127,OTHER,269
127,WALK,67
128,AUTO,10793
128,TRANSIT,3523
128,WALK,62
129,AUTO,24761
130,AUTO,1132
131,AUTO,347
131,WALK,32
132,AUTO,16467
132,WALK,3533
133,AUTO,16267
133,WALK,3495
134,AUTO,19550
134,WALK,8443
135,AUTO,8551
136,AUTO,576
136,WALK,281
137,AUTO,1690
137,WALK,512
138,AUTO,18918
138,WALK,2182
139,AUTO,1206
140,AUTO,17104
141,AUTO,17487
141,TNC,98
141,TRANSIT,98
142,AUTO,10635
142,TNC,99
142,WALK,572
143,AUTO,1058
143,WALK,421
144,AUTO,3229
144,WALK,697
145,AUTO,2837
145,WALK,259
146,AUTO,9906
146,WALK,602
147,AUTO,18655
147,WALK,4286
148,AUTO,356
148,TNC,150
148,TRANSIT,357
149,AUTO,7011
149,TRANSIT,2143
151,AUTO,6728
152,AUTO,203
153,AUTO,3237
153,TRANSIT,59
153,WALK,41
154,AUTO,742
155,AUTO,7073
155,BIKE,656
155,WALK,2765
156,AUTO,5663
156,OTHER,115
157,AUTO,4251
157,OTHER,124
157,SHUTTLE VANPOOL,9
157,TRANSIT,269
158,AUTO,962
158,BIKE,858
158,WALK,973
159,AUTO,361
160,AUTO,2594
161,AUTO,6653
161,WALK,4
162,AUTO,10570
162,WALK,7548
163,AUTO,13955
163,BIKE,656
163,WALK,347
164,AUTO,15982
164,BIKE,1039
164,WALK,2688
165,AUTO,31801
165,WALK,973
166,AUTO,7340
167,AUTO,11315
167,WALK,126
168,AUTO,14028
168,OTHER,124
168,WALK,4
169,AUTO,831
169,WALK,326
170,AUTO,9176
171,AUTO,11259
171,WALK,3656
172,AUTO,2822
172,TNC,312
173,AUTO,4188
173,SCHOOL BUS,3786
174,AUTO,2784
175,AUTO,79
176,AUTO,12078
177,AUTO,51
178,AUTO,690
178,WALK,2036
179,AUTO,2748
179,TRANSIT,89
179,WALK,2353
180,AUTO,6
180,SCHOOL BUS,1613
180,WALK,53
181,AUTO,11104
181,WALK,2353
182,AUTO,719
183,AUTO,3876
183,WALK,125
184,AUTO,5137
184,BIKE,122
184,TRANSIT,136
184,WALK,613
185,AUTO,5883
185,WALK,136
186,AUTO,1207
186,WALK,3865
187,AUTO,1154
187,TRANSIT,2477
188,AUTO,2374
190,AUTO,151
190,TRANSIT,687
191,AUTO,3114
191,WALK,6215
192,AUTO,1127
193,AUTO,2039
193,TRANSIT,1807
193,WALK,538
194,AUTO,27599
194,WALK,12859
195,AUTO,7534
196,AUTO,8704
196,WALK,894
197,AUTO,1204
197,TRANSIT,208
198,AUTO,2559
198,WALK,4256
199,AUTO,3146
200,AUTO,1293
200,WALK,218
201,AUTO,2954
201,TRANSIT,3523
201,WALK,3865
202,AUTO,5321
202,TRANSIT,6
202,WALK,40
203,AUTO,320
204,AUTO,5092
204,TRANSIT,2426
204,WALK,5675
205,AUTO,248
205,TRANSIT,18
206,AUTO,40
207,AUTO,119
208,AUTO,292
209,AUTO,4438
209,BIKE,2804
209,TRANSIT,1076
210,AUTO,12618
210,WALK,1076
211,AUTO,3420
213,AUTO,3595
213,WALK,9424
214,AUTO,455
215,AUTO,6725
215,TRANSIT,59
216,AUTO,2832
217,AUTO,29488
218,AUTO,13382
219,AUTO,636
219,WALK,9
220,AUTO,4981
221,AUTO,1440
222,AUTO,1674
223,AUTO,3918
224,AUTO,9457
224,WALK,2169
225,AUTO,1423
225,BIKE,80
227,AUTO,80
228,AUTO,620
230,AUTO,334
232,AUTO,5290
233,AUTO,198
234,AUTO,1515
235,AUTO,200
236,AUTO,21577
237,AUTO,12045
238,AUTO,3040
238,TNC,98
238,WALK,98
239,AUTO,298
240,AUTO,662
240,WALK,2392
241,AUTO,5985
242,AUTO,3844
242,SCHOOL BUS,694
242,WALK,177
243,AUTO,38
243,TRANSIT,150
243,WALK,372
244,AUTO,4954
244,WALK,1935
245,AUTO,10043
245,WALK,4278
246,WALK,184
247,AUTO,2428
247,WALK,78
248,AUTO,202
248,WALK,37
249,AUTO,412
249,TRANSIT,18
250,AUTO,2048
251,AUTO,6921
251,TRANSIT,136
252,AUTO,284
253,AUTO,2251
254,AUTO,240
255,AUTO,9734
256,AUTO,1102
257,AUTO,16184
257,WALK,17760
258,AUTO,3317
258,WALK,3833
259,AUTO,13493
260,AUTO,11583
260,WALK,617
261,AUTO,2246
262,AUTO,2564
262,TRANSIT,136
262,WALK,136
263,AUTO,120
264,AUTO,2317
266,AUTO,241
267,AUTO,2961
268,AUTO,1498
269,AUTO,8639
270,AUTO,736
270,TRANSIT,148
271,AUTO,307
271,WALK,2828
272,AUTO,14357
272,WALK,96
273,AUTO,2672
274,AUTO,883
274,WALK,1438
275,AUTO,2755
276,AUTO,1777
276,WALK,40
277,AUTO,281
277,WALK,40
278,AUTO,246
279,AUTO,12239
279,WALK,371
280,AUTO,14370
280,WALK,44
281,AUTO,180
282,AUTO,779
284,AUTO,2482
284,WALK,197
286,AUTO,2596
286,OTHER,151
287,AUTO,1420
288,AUTO,24280
288,TRANSIT,684
288,WALK,1765
289,AUTO,4332
289,TRANSIT,269
289,WALK,1879
290,AUTO,1229
290,BIKE,18
290,WALK,293
291,AUTO,7039
291,SHUTTLE VANPOOL,40
291,WALK,186
292,AUTO,11612
292,WALK,6
293,AUTO,25546
293,OTHER,49
293,TNC,331
293,WALK,2568
294,AUTO,458
295,AUTO,886
295,WALK,15
296,AUTO,1487
296,TRANSIT,89
297,AUTO,12488
297,OTHER,29
297,TNC,1097
298,AUTO,3262
299,AUTO,17531
299,TRANSIT,25
299,WALK,2672
300,AUTO,10872
300,BIKE,5
300,OTHER,92
300,WALK,288
301,AUTO,2335
301,OTHER,1
301,WALK,2509
302,AUTO,31842
302,OTHER,2
302,SHUTTLE VANPOOL,1962
302,TRANSIT,1000
302,WALK,39722
303,AUTO,4408
303,TRANSIT,1493
304,AUTO,6726
304,TRANSIT,538
304,WALK,538
305,AUTO,478
305,TRANSIT,1011
306,AUTO,5227
307,AUTO,1999
307,SHUTTLE VANPOOL,72
307,TRANSIT,508
307,WALK,2765
308,AUTO,3660
308,BIKE,5
308,SHUTTLE VANPOOL,23
308,WALK,938
309,AUTO,11964
309,SHUTTLE VANPOOL,3
309,TNC,56
309,WALK,8783
310,AUTO,6771
310,TNC,569
310,WALK,2860
311,AUTO,8243
311,BIKE,18
311,WALK,4701
312,AUTO,671
312,WALK,169
313,AUTO,24746
313,BIKE,569
313,BIKE SHARE,44
313,OTHER,153
313,SHUTTLE VANPOOL,297
313,WALK,6708
314,AUTO,19298
314,BIKE,434
314,BIKE SHARE,9
314,OTHER,94
314,SHUTTLE VANPOOL,258
314,WALK,2204
315,AUTO,9517
315,BIKE,464
315,SHUTTLE VANPOOL,18
315,WALK,440
316,AUTO,2
316,WALK,89
317,AUTO,5426
317,BIKE,119
317,LONG DIST PASS,143
317,TRANSIT,119
317,WALK,7151
318,AUTO,18103
318,BIKE,863
318,WALK,89
319,AUTO,14742
319,WALK,11452
320,AUTO,24111
320,WALK,20906
321,AUTO,9209
322,AUTO,875
322,WALK,60
323,AUTO,17888
323,OTHER,98
323,TNC,101
323,WALK,197
324,AUTO,581
325,AUTO,10891
326,AUTO,22136
326,OTHER,107
326,SHUTTLE VANPOOL,769
326,WALK,5246
327,AUTO,6
327,WALK,894
328,AUTO,14012
329,AUTO,492
329,OTHER,113
329,TNC,14
329,TRANSIT,35
329,WALK,42
330,AUTO,17616
330,TRANSIT,142
331,AUTO,462
332,AUTO,310
332,WALK,45
333,AUTO,10260
333,WALK,27
334,AUTO,863
334,WALK,23
335,AUTO,4787
335,BIKE,2
335,SCHOOL BUS,3
335,WALK,5
337,AUTO,747
339,AUTO,137
340,AUTO,1892
341,AUTO,299
342,AUTO,378
343,AUTO,121
344,AUTO,1379
345,AUTO,965
346,AUTO,102
347,AUTO,195
347,BIKE,23
348,AUTO,1188
349,AUTO,158
349,TNC,159
350,AUTO,1412
351,AUTO,3668
351,WALK,1270
352,AUTO,3150
352,WALK,1270
353,AUTO,1858
354,AUTO,7265
354,SCHOOL BUS,81
354,TRANSIT,807
355,AUTO,532
355,SCHOOL BUS,18
356,AUTO,1252
358,AUTO,2312
358,OTHER,18
359,AUTO,2513
359,WALK,116
360,AUTO,391
361,AUTO,1855
361,TNC,40
362,AUTO,2447
362,SCHOOL BUS,162
362,TNC,101
362,WALK,3325
363,AUTO,994
364,AUTO,3060
364,TNC,101
364,WALK,79
365,TNC,118
366,AUTO,4323
366,SCHOOL BUS,79
366,TRANSIT,18
367,AUTO,26130
367,SCHOOL BUS,1914
368,AUTO,119
368,SCHOOL BUS,1995
368,TRANSIT,807
369,AUTO,2425
370,AUTO,2482
371,AUTO,47
371,OTHER,3
371,SHUTTLE VANPOOL,3880
373,AUTO,560
374,AUTO,308
376,AUTO,278
380,AUTO,124
384,AUTO,8688
385,AUTO,650
386,AUTO,2906
387,AUTO,582
388,AUTO,246
389,AUTO,1342
389,SCHOOL BUS,29
389,WALK,276
390,AUTO,489
391,AUTO,20
393,AUTO,1952
394,AUTO,26
395,AUTO,347
396,AUTO,27957
396,SHUTTLE VANPOOL,3880
397,SCHOOL BUS,29
398,AUTO,118
399,AUTO,9085
399,SHUTTLE VANPOOL,1940
400,AUTO,419
401,AUTO,3692
401,WALK,115
402,AUTO,3443
403,AUTO,3438
404,AUTO,2834
405,AUTO,10
406,AUTO,131
408,AUTO,158
408,WALK,181
409,AUTO,43
409,TNC,1902
410,AUTO,214
411,AUTO,532
415,AUTO,792
416,AUTO,789
416,WALK,160
417,AUTO,146
418,AUTO,3178
419,AUTO,1298
420,AUTO,7614
421,AUTO,887
422,AUTO,10116
423,AUTO,4918
423,TNC,1902
423,WALK,1597
424,AUTO,29622
424,WALK,305
425,AUTO,24404
425,SHUTTLE VANPOOL,1940
426,AUTO,164
427,AUTO,674
427,TRANSIT,142
427,WALK,1824
428,AUTO,4129
428,TNC,2336
428,WALK,350
429,AUTO,282
429,BIKE,105
429,WALK,27
430,AUTO,1674
430,TRANSIT,150
430,WALK,99
431,AUTO,439
431,WALK,326
432,AUTO,9298
432,WALK,1824
433,AUTO,1509
433,TNC,1127
433,WALK,2234
434,AUTO,7874
434,OTHER,1169
434,SCHOOL BUS,181
434,WALK,35
435,AUTO,7197
436,AUTO,4079
436,WALK,2222
437,AUTO,5458
438,AUTO,31543
438,LONG DIST PASS,3430
438,SHUTTLE VANPOOL,172
438,TNC,4731
439,AUTO,174
439,SHUTTLE VANPOOL,75
440,AUTO,29
441,AUTO,14708
441,SHUTTLE VANPOOL,9
442,AUTO,22507
443,AUTO,10967
443,BIKE,75
443,TRANSIT,18
443,WALK,1128
444,AUTO,347
445,AUTO,4717
446,AUTO,3959
447,AUTO,6547
447,WALK,1342
448,AUTO,9654
448,TRANSIT,12
449,AUTO,5230
450,AUTO,1391
451,AUTO,4800
452,AUTO,8164
452,WALK,6
453,AUTO,5383
454,AUTO,5250
454,TRANSIT,2769
455,AUTO,11643
455,TNC,2887
456,AUTO,7989
456,TRANSIT,175
456,WALK,41
457,AUTO,8892
457,TNC,3302
458,AUTO,11771
458,SHUTTLE VANPOOL,64
458,WALK,1336
459,AUTO,2313
460,AUTO,3537
460,WALK,669
461,AUTO,3471
461,TNC,9
462,AUTO,281
463,AUTO,1768
464,AUTO,5599
465,AUTO,14384
465,SHUTTLE VANPOOL,343
465,TRANSIT,958
466,AUTO,1295
467,AUTO,21638
467,TRANSIT,210
468,AUTO,6536
469,AUTO,5454
470,AUTO,122
471,AUTO,1848
472,AUTO,1914
473,AUTO,681
473,TRANSIT,150
474,AUTO,152
475,AUTO,2954
475,WALK,81
476,AUTO,12640
476,WALK,730
477,AUTO,10372
477,TNC,99
477,WALK,32
478,AUTO,2734
479,AUTO,310
480,AUTO,3152
480,WALK,55
481,AUTO,4927
481,WALK,42
482,AUTO,4386
482,WALK,1066
483,AUTO,2303
483,WALK,177
484,AUTO,1243
484,WALK,177
485,AUTO,4280
485,WALK,56
486,AUTO,583
487,AUTO,10133
488,AUTO,2948
489,AUTO,1631
490,AUTO,332
491,AUTO,2716
491,WALK,7
492,AUTO,4220
492,WALK,204
493,AUTO,9335
494,AUTO,3535
495,AUTO,4079
496,AUTO,6124
497,AUTO,4863
497,WALK,581
498,AUTO,8405
498,BIKE,1196
498,WALK,740
499,AUTO,1077
499,WALK,258
500,AUTO,18
501,AUTO,197
502,AUTO,410
503,AUTO,16810
503,BIKE,101
503,WALK,399
504,AUTO,36231
504,WALK,377
505,AUTO,4642
505,WALK,23
506,AUTO,3033
506,WALK,573
507,AUTO,5114
507,WALK,5
508,AUTO,3262
509,AUTO,11979
509,WALK,3
510,AUTO,3551
510,WALK,2484
511,AUTO,12908
511,BIKE,1018
511,CAR SHARE,18
511,WALK,345
512,AUTO,6597
512,WALK,1946
513,AUTO,3865
513,WALK,282
514,AUTO,5799
514,WALK,937
515,AUTO,7724
515,TRANSIT,535
515,WALK,81
516,AUTO,5448
516,WALK,345
517,AUTO,20551
517,BIKE,3680
517,OTHER,119
517,WALK,23750
518,AUTO,1880
518,CAR SHARE,18
518,WALK,244
519,AUTO,6770
519,WALK,226
520,AUTO,3453
520,WALK,2097
521,AUTO,30720
521,TRANSIT,100
522,AUTO,36700
522,TNC,267
522,TRANSIT,1196
522,WALK,4063
523,AUTO,5485
524,AUTO,39738
524,WALK,364
525,AUTO,10166
525,BIKE,1196
525,CAR SHARE,6
525,TRANSIT,1196
525,WALK,2388
526,AUTO,15366
526,WALK,6506
527,AUTO,241
528,AUTO,747
528,WALK,79
529,AUTO,5086
529,LONG DIST PASS,3854
530,AUTO,868
531,AUTO,1939
531,WALK,2050
532,AUTO,442
533,AUTO,2482
534,AUTO,9212
534,SHUTTLE VANPOOL,64
534,WALK,128
535,AUTO,3926
535,WALK,608
536,AUTO,62
536,WALK,124
537,AUTO,6112
537,CAR SHARE,6
538,AUTO,1975
538,TRANSIT,100
539,AUTO,6692
539,OTHER,28
540,AUTO,101371
540,WALK,366
541,AUTO,31202
541,OTHER,5637
541,SHUTTLE VANPOOL,219
541,WALK,668
542,AUTO,11977
542,WALK,1011
543,AUTO,1012
543,TRANSIT,6
544,AUTO,2276
544,WALK,535
545,AUTO,1767
546,AUTO,3946
546,WALK,1874
547,AUTO,3529
547,TRANSIT,6
547,WALK,2928
548,AUTO,2874
548,WALK,446
549,AUTO,611
551,AUTO,351
552,AUTO,4695
552,BIKE,99
552,WALK,982
553,AUTO,3579
553,WALK,1047
555,AUTO,125
556,AUTO,297
556,WALK,508
557,AUTO,32
558,AUTO,18305
559,AUTO,2271
560,AUTO,56
561,AUTO,1275
562,AUTO,1455
563,AUTO,54
564,AUTO,7230
565,AUTO,2083
565,SCHOOL BUS,1613
565,TRANSIT,111
566,AUTO,31
567,AUTO,6280
567,TRANSIT,106
567,WALK,2088
568,AUTO,4078
568,WALK,500
569,AUTO,46
570,AUTO,418
571,AUTO,3517
571,TRANSIT,256
571,WALK,1899
572,AUTO,1989
572,TRANSIT,9
572,WALK,1644
573,AUTO,1748
574,AUTO,656
574,BIKE,23
574,WALK,72
575,AUTO,1480
576,AUTO,290
577,AUTO,4133
577,BIKE,661
577,WALK,39
578,AUTO,2922
578,BIKE,239
579,AUTO,2146
579,WALK,76
580,AUTO,1751
580,BIKE,79
580,CAR SHARE,116
580,SCHOOL BUS,79
580,TNC,5
580,WALK,4644
581,AUTO,98
581,WALK,195
582,AUTO,140
582,BIKE,1
582,WALK,2460
583,AUTO,377
583,WALK,9
584,AUTO,362
584,BIKE,160
584,CAR SHARE,18
584,WALK,437
585,AUTO,439
585,TNC,9
585,TRANSIT,191
585,WALK,218
586,AUTO,436
586,TNC,5
586,WALK,314
588,AUTO,260
588,BIKE,6
588,WALK,112
589,AUTO,79
589,WALK,6
590,AUTO,9062
590,TRANSIT,775
590,WALK,2205
591,AUTO,657
591,BIKE,79
591,TRANSIT,71
591,WALK,265
592,AUTO,211
593,AUTO,6
594,AUTO,837
594,BIKE,79
594,TRANSIT,69
595,AUTO,195
596,AUTO,2095
597,AUTO,2463
598,AUTO,8461
598,BIKE,158
598,SHUTTLE VANPOOL,272
598,TRANSIT,144
598,WALK,880
599,AUTO,933
599,WALK,55
600,AUTO,11486
600,BIKE,368
600,TNC,267
600,TRANSIT,3
600,WALK,5619
601,AUTO,8717
601,TNC,41
601,WALK,1293
602,AUTO,366
602,CAR SHARE,6
602,TRANSIT,135
602,WALK,5085
603,AUTO,2401
603,WALK,882
604,AUTO,662
604,WALK,3250
605,AUTO,1276
605,WALK,744
606,AUTO,4035
607,AUTO,418
607,BIKE,6
607,TNC,6
607,WALK,309
608,AUTO,4315
608,WALK,78
609,AUTO,2378
609,WALK,672
610,AUTO,2555
611,AUTO,1384
611,WALK,540
612,AUTO,1241
612,WALK,103
613,AUTO,5574
613,BIKE,6
613,CAR SHARE,37
613,WALK,124
614,AUTO,3854
614,TRANSIT,528
615,AUTO,1311
616,AUTO,1780
616,TNC,41
617,AUTO,804
618,AUTO,18748
618,TRANSIT,724
618,WALK,139
619,AUTO,4200
619,BIKE,160
619,WALK,844
620,AUTO,1922
620,WALK,297
621,AUTO,225
621,BIKE,139
621,WALK,1065
622,AUTO,17137
622,TRANSIT,119
622,WALK,721
623,AUTO,4541
623,TRANSIT,156
623,WALK,609
624,AUTO,4607
624,TRANSIT,6
624,WALK,626
625,AUTO,32
625,TNC,5
625,WALK,303
626,AUTO,3160
626,TNC,1593
626,WALK,640
627,AUTO,8373
627,TRANSIT,172
627,WALK,1864
628,AUTO,6
628,BIKE,6
628,WALK,25
629,AUTO,1182
629,WALK,1789
630,AUTO,1838
630,WALK,1379
631,AUTO,1338
631,TNC,167
631,TRANSIT,18
631,WALK,3357
632,AUTO,684
633,AUTO,2573
634,AUTO,5228
634,WALK,472
635,AUTO,15025
635,CAR SHARE,18
635,WALK,152
636,AUTO,1554
637,AUTO,9438
637,TNC,206
637,WALK,2985
638,AUTO,590
638,WALK,78
639,AUTO,240
639,CAR SHARE,116
639,LONG DIST PASS,3854
639,SHUTTLE VANPOOL,6
639,TRANSIT,52
639,WALK,184
640,AUTO,194
641,AUTO,5115
641,TNC,63
641,TRANSIT,53
641,WALK,3456
642,AUTO,894
643,AUTO,206
644,AUTO,5120
644,TNC,12
644,TRANSIT,53
644,WALK,415
645,AUTO,1557
645,TRANSIT,18
645,WALK,308
646,AUTO,19750
646,BIKE,420
646,LONG DIST PASS,9636
646,SHUTTLE VANPOOL,150
646,WALK,2460
647,AUTO,3578
647,WALK,431
648,AUTO,2682
648,BIKE,3231
648,WALK,1462
649,AUTO,7719
649,BIKE,1493
649,WALK,1027
650,AUTO,3210
650,SCHOOL BUS,80
650,WALK,209
651,AUTO,759
652,AUTO,8
653,AUTO,37
654,AUTO,32
655,AUTO,1015
656,AUTO,483
656,TNC,140
657,AUTO,1883
657,TRANSIT,538
658,AUTO,13119
659,AUTO,272
659,TRANSIT,523
660,AUTO,1156
663,AUTO,999
664,AUTO,615
665,AUTO,1610
665,WALK,197
666,AUTO,563
666,TNC,56
667,AUTO,240
668,AUTO,4106
668,TRANSIT,150
669,AUTO,8832
669,WALK,3106
670,AUTO,92
671,AUTO,1443
672,AUTO,243
673,AUTO,139
674,AUTO,1185
675,AUTO,12783
676,AUTO,15350
676,BIKE,32
676,WALK,74
677,AUTO,401
678,AUTO,180
679,AUTO,11513
680,AUTO,296
680,WALK,158
681,AUTO,30687
682,AUTO,3684
683,AUTO,783
684,AUTO,19500
684,SHUTTLE VANPOOL,99
685,AUTO,108
687,AUTO,150
688,AUTO,118
688,TRANSIT,63
689,AUTO,7811
690,AUTO,7542
690,WALK,3173
691,AUTO,3913
692,AUTO,896
692,WALK,231
693,AUTO,7744
693,SCHOOL BUS,160
694,AUTO,30031
694,SCHOOL BUS,1874
695,AUTO,1904
696,AUTO,3597
696,WALK,155
697,AUTO,1633
698,AUTO,9953
699,AUTO,9438
699,WALK,71
700,AUTO,602
701,AUTO,22889
702,AUTO,13798
703,AUTO,7202
704,AUTO,5131
704,WALK,24
705,AUTO,5026
705,WALK,63
706,AUTO,504
707,AUTO,1034
708,AUTO,6545
708,WALK,3
709,AUTO,4212
710,AUTO,2412
710,OTHER,80
711,AUTO,18910
712,AUTO,14051
712,OTHER,19
712,WALK,1698
713,AUTO,4594
713,SCHOOL BUS,79
713,WALK,100
714,AUTO,10166
715,AUTO,9736
716,AUTO,720
717,AUTO,18
718,AUTO,45
719,AUTO,6843
719,WALK,428
720,AUTO,17187
721,AUTO,109
722,AUTO,15810
722,TRANSIT,63
723,AUTO,13893
723,WALK,200
724,AUTO,11311
724,WALK,38
725,AUTO,5390
725,SCHOOL BUS,1874
726,AUTO,15895
726,WALK,2587
727,AUTO,10275
728,AUTO,3488
728,WALK,353
729,AUTO,109
730,AUTO,139
731,AUTO,472
732,AUTO,5886
732,WALK,1168
733,AUTO,12877
733,WALK,597
734,AUTO,11171
734,TNC,99
734,TRANSIT,79
734,WALK,897
735,AUTO,21893
735,WALK,43
736,AUTO,9665
737,AUTO,4927
737,WALK,428
738,AUTO,10232
739,AUTO,8643
740,AUTO,11014
741,AUTO,14371
741,TRANSIT,3
741,WALK,1186
742,AUTO,839
742,BIKE,232
742,WALK,116
743,AUTO,19086
743,BIKE,232
744,AUTO,38833
744,OTHER,418
744,WALK,239
745,AUTO,2074
745,WALK,116
746,AUTO,1078
747,AUTO,46
748,AUTO,5579
749,AUTO,13554
750,AUTO,11395
750,WALK,116
751,AUTO,348
752,AUTO,586
752,WALK,517
753,AUTO,394
754,AUTO,25475
754,TRANSIT,1872
754,WALK,353
757,SHUTTLE VANPOOL,1
758,AUTO,33
760,AUTO,5663
760,TRANSIT,359
760,WALK,205
761,AUTO,14981
761,TRANSIT,79
761,WALK,2483
762,AUTO,7041
763,AUTO,10951
763,SCHOOL BUS,625
763,WALK,3105
764,AUTO,1450
764,WALK,701
765,AUTO,6023
766,AUTO,42917
766,SCHOOL BUS,114
766,WALK,985
767,AUTO,11153
767,SCHOOL BUS,114
767,WALK,161
768,AUTO,6859
769,AUTO,797
770,AUTO,26690
770,TNC,98
770,WALK,120
771,AUTO,5742
771,WALK,100
772,AUTO,8601
772,TRANSIT,57
772,WALK,153
773,AUTO,41134
773,SCHOOL BUS,710
773,TAXI NOT TNC,150
773,WALK,22863
774,AUTO,4822
775,AUTO,14786
775,TRANSIT,1872
775,WALK,3744
778,AUTO,336
779,AUTO,336
780,AUTO,1069
780,WALK,329
781,AUTO,19773
781,TAXI NOT TNC,116
781,WALK,127
783,AUTO,3018
785,AUTO,2075
786,AUTO,6086
786,BIKE,357
786,SHUTTLE VANPOOL,5773
787,AUTO,7578
788,AUTO,165
789,AUTO,4743
791,AUTO,7103
791,BIKE,357
791,WALK,99
792,AUTO,6192
792,WALK,116
793,AUTO,32584
793,SCHOOL BUS,1876
793,SHUTTLE VANPOOL,1924
793,WALK,3751
794,AUTO,3081
794,SCHOOL BUS,1876
794,SHUTTLE VANPOOL,3848
794,TRANSIT,696
794,WALK,206
795,AUTO,14808
795,WALK,5345
796,AUTO,264
797,AUTO,483
798,AUTO,1816
798,WALK,32
799,AUTO,3253
800,AUTO,910
800,WALK,405
801,AUTO,5264
802,AUTO,17768
802,SCHOOL BUS,1947
803,AUTO,4931
803,CAR SHARE,641
805,AUTO,10875
806,AUTO,1668
807,AUTO,29967
807,WALK,16504
808,AUTO,1584
809,AUTO,7741
810,AUTO,6846
811,AUTO,10930
811,WALK,1289
812,AUTO,12915
812,SCHOOL BUS,1984
812,WALK,23192
813,AUTO,2586
813,BIKE,641
813,WALK,115
814,AUTO,14368
814,BIKE,641
814,WALK,533
815,AUTO,2488
816,AUTO,730
817,AUTO,19467
817,WALK,394
818,AUTO,5943
818,SCHOOL BUS,32
818,WALK,200
819,AUTO,14467
819,SCHOOL BUS,1
819,SHUTTLE VANPOOL,1
820,AUTO,188
821,AUTO,5069
822,AUTO,6339
822,SCHOOL BUS,584
823,AUTO,7320
824,AUTO,9626
824,BIKE SHARE,63
824,WALK,13102
825,AUTO,2578
825,TRANSIT,222
825,WALK,114
826,AUTO,13699
826,SCHOOL BUS,1577
826,WALK,4240
827,AUTO,39
828,AUTO,56044
828,BIKE,6958
828,WALK,5175
829,AUTO,283
830,AUTO,1210
831,AUTO,213
832,AUTO,24651
832,OTHER,14
832,WALK,6551
833,AUTO,8334
833,WALK,78
834,AUTO,4122
834,BIKE,5113
834,SCHOOL BUS,1577
834,WALK,167
835,AUTO,42524
836,AUTO,194
837,AUTO,3606
839,AUTO,9819
839,BIKE,686
839,OTHER,26
839,WALK,686
840,AUTO,486
844,AUTO,1720
845,AUTO,229
846,AUTO,1795
847,AUTO,695
848,AUTO,11168
848,BIKE,1722
848,WALK,157
849,AUTO,2635
849,BIKE,1
850,AUTO,3124
851,AUTO,3700
852,AUTO,625
853,AUTO,1197
854,AUTO,75
855,AUTO,1606
855,SCHOOL BUS,321
855,TRANSIT,111
855,WALK,53
856,AUTO,2455
856,WALK,152
857,AUTO,771
857,BIKE,434
857,OTHER,348
858,AUTO,25083
858,OTHER,709
859,AUTO,19653
859,BIKE,24
859,OTHER,5116
859,WALK,2077
860,AUTO,9469
860,BIKE,1290
860,OTHER,6439
860,WALK,4522
861,AUTO,15568
861,BIKE,1225
861,OTHER,1238
861,TRANSIT,1044
861,WALK,3118
862,AUTO,3012
863,AUTO,2358
864,AUTO,25377
864,OTHER,629
864,WALK,239
865,AUTO,5756
866,AUTO,14
867,AUTO,3469
868,AUTO,2456
869,OTHER,203
870,AUTO,3118
870,WALK,208
871,AUTO,22234
871,OTHER,1074
871,TRANSIT,2666
871,WALK,1892
872,AUTO,4619
872,OTHER,5009
872,WALK,232
873,AUTO,10078
873,BIKE,229
873,OTHER,871
873,TRANSIT,203
873,WALK,2308
874,AUTO,4498
874,BIKE,229
874,OTHER,2668
874,WALK,597
875,AUTO,5926
875,OTHER,396
875,WALK,431
876,AUTO,892
876,OTHER,116
876,SCHOOL BUS,160
877,AUTO,564
877,WALK,2917
878,AUTO,626
879,AUTO,268
880,AUTO,316
881,AUTO,3743
881,OTHER,150
882,AUTO,475
883,AUTO,1932
883,SCHOOL BUS,160
884,AUTO,70
884,WALK,70
1001,AUTO,1573
1001,SCHOOL BUS,153
1003,AUTO,1419
1004,AUTO,801
1006,AUTO,19517
1006,WALK,1
1007,AUTO,3779
1007,WALK,294
1008,AUTO,279
1009,AUTO,8598
1009,BIKE,304
1010,AUTO,5095
1010,OTHER,2887
1011,AUTO,2621
1013,AUTO,116
1014,AUTO,7040
1014,BIKE,82
1014,SCHOOL BUS,153
1014,WALK,247
1015,AUTO,816
1016,AUTO,1219
1017,AUTO,358
1018,AUTO,5619
1018,WALK,127
1019,AUTO,5320
1019,WALK,217
1020,AUTO,977
1021,AUTO,3670
1021,WALK,534
1022,AUTO,381
1022,TRANSIT,56
1023,AUTO,3513
1024,AUTO,7211
1025,AUTO,3320
1025,BIKE,119
1025,WALK,453
1026,AUTO,1345
1026,WALK,2043
1027,AUTO,700
1028,AUTO,2347
1029,AUTO,590
1030,AUTO,1030
1030,SCHOOL BUS,247
1030,WALK,82
1031,AUTO,8260
1031,WALK,10
1032,AUTO,197
1033,AUTO,2474
1033,TAXI NOT TNC,105
1033,WALK,761
1034,AUTO,5878
1034,BIKE,304
1034,WALK,197
1035,AUTO,38403
1035,SCHOOL BUS,175
1035,WALK,2637
1036,AUTO,6103
1036,BIKE,199
1036,WALK,1002
1037,AUTO,8028
1038,AUTO,62
1039,AUTO,7319
1039,WALK,657
1040,AUTO,2164
1041,AUTO,10216
1041,WALK,103
1042,AUTO,10438
1042,WALK,33
1043,AUTO,3733
1044,AUTO,120
1045,AUTO,3228
1046,AUTO,8034
1046,WALK,5467
1047,AUTO,248
1047,WALK,100
1048,BIKE,40
1049,AUTO,4509
1049,WALK,3361
1050,AUTO,777
1051,AUTO,16959
1051,WALK,229
1052,AUTO,904
1052,BIKE,109
1052,WALK,229
1053,AUTO,14920
1053,SCHOOL BUS,306
1054,AUTO,4718
1055,AUTO,5243
1056,AUTO,9863
1056,OTHER,1913
1057,AUTO,8580
1057,OTHER,1913
1057,SHUTTLE VANPOOL,85
1058,AUTO,6770
1058,BIKE,1200
1058,WALK,801
1059,AUTO,2935
1060,AUTO,9292
1060,SCHOOL BUS,2
1060,WALK,99
1061,AUTO,7699
1062,AUTO,1039
1062,OTHER,98
1062,WALK,626
1063,AUTO,4680
1064,AUTO,3199
1065,AUTO,7334
1065,TRANSIT,1012
1065,WALK,2280
1066,AUTO,1271
1066,WALK,1649
1067,AUTO,347
1068,AUTO,2119
1069,AUTO,2585
1069,WALK,239
1070,AUTO,17145
1071,AUTO,11834
1072,AUTO,7676
1072,WALK,3145
1073,AUTO,6809
1074,AUTO,3523
1075,AUTO,21082
1076,AUTO,2537
1076,TRANSIT,607
1076,WALK,4944
1077,AUTO,643
1078,AUTO,1293
1078,WALK,1284
1079,AUTO,4612
1080,AUTO,11129
1080,BIKE,145
1080,WALK,3648
1081,AUTO,6937
1081,OTHER,153
1082,AUTO,1441
1082,BIKE,88
1083,AUTO,46
1084,AUTO,694
1085,AUTO,23884
1085,OTHER,25385
1085,WALK,4824
1086,AUTO,793
1087,AUTO,11734
1087,BIKE,159
1087,WALK,4586
1088,AUTO,12949
1088,WALK,4100
1089,AUTO,10323
1089,BIKE,79
1090,AUTO,6352
1091,AUTO,21142
1091,WALK,788
1092,AUTO,9715
1093,AUTO,3761
1093,BIKE,164
1093,TRANSIT,56
1093,WALK,570
1094,AUTO,247
1094,TRANSIT,24
1095,AUTO,26571
1095,WALK,776
1096,TRANSIT,125
1097,AUTO,4843
1097,WALK,670
1098,AUTO,6419
1098,WALK,230
1099,AUTO,34716
1099,TRANSIT,107
1099,WALK,404
1100,AUTO,1216
1100,LONG DIST PASS,713
1100,WALK,589
1101,AUTO,4255
1101,WALK,397
1102,AUTO,7056
1102,SCHOOL BUS,165
1103,AUTO,1956
1103,TNC,238
1104,AUTO,458
1104,WALK,358
1105,AUTO,8324
1105,WALK,2714
1106,AUTO,8077
1106,WALK,399
1107,AUTO,6830
1107,WALK,300
1108,AUTO,340
1108,BIKE,51
1109,AUTO,4946
1109,WALK,2
1110,AUTO,2363
1110,WALK,1393
1111,AUTO,24215
1111,WALK,2259
1112,AUTO,942
1113,AUTO,16637
1113,WALK,18
1114,AUTO,4127
1115,AUTO,12505
1115,SCHOOL BUS,204
1116,AUTO,20698
1116,WALK,1411
1117,AUTO,3363
1117,WALK,907
1118,AUTO,501
1119,AUTO,6343
1120,AUTO,4508
1120,BIKE,3290
1121,AUTO,653
1122,AUTO,4626
1122,WALK,211
1123,AUTO,5535
1123,BIKE,587
1123,SCHOOL BUS,3482
1123,TRANSIT,1846
1124,AUTO,1048
1124,WALK,422
1125,AUTO,10340
1125,BIKE,103
1125,WALK,18710
1126,AUTO,5858
1126,BIKE,2259
1126,WALK,125
1127,AUTO,3454
1128,AUTO,459
1128,BIKE,2229
1129,AUTO,7536
1129,BIKE,1173
1129,WALK,86
1130,AUTO,1638
1131,AUTO,1063
1131,BIKE,26
1131,TRANSIT,39
1132,AUTO,3986
1132,WALK,2453
1133,AUTO,1691
1133,OTHER,40
1134,AUTO,1310
1135,AUTO,8378
1135,WALK,3826
1136,AUTO,2772
1136,OTHER,40
1137,AUTO,3250
1137,BIKE,41
1137,WALK,5502
1138,AUTO,980
1138,WALK,411
1139,AUTO,9816
1139,BIKE,125
1140,AUTO,15348
1141,AUTO,8783
1141,SCHOOL BUS,1238
1141,WALK,116
1142,AUTO,3306
1143,AUTO,6503
1143,WALK,41
1144,AUTO,21591
1144,BIKE,123
1144,OTHER,238
1144,WALK,1594
1145,AUTO,1301
1146,AUTO,33180
1146,WALK,12769
1147,AUTO,16642
1147,WALK,4395
1148,AUTO,4739
1149,AUTO,8730
1149,WALK,7893
1150,AUTO,1323
1150,BIKE,99
1150,WALK,412
1151,AUTO,622
1152,AUTO,19575
1152,WALK,414
1153,AUTO,5220
1154,AUTO,4922
1155,AUTO,3601
1156,AUTO,5877
1156,WALK,2273
1157,AUTO,8540
1157,BIKE,213
1157,WALK,15089
1158,AUTO,9771
1159,AUTO,7678
1160,WALK,2257
1161,AUTO,633
1161,TNC,57
1161,WALK,172
1162,AUTO,4399
1162,BIKE,99
1162,TRANSIT,56
1162,WALK,791
1163,AUTO,7035
1163,WALK,84
1164,AUTO,7291
1166,AUTO,1139
1167,AUTO,2035
1167,TRANSIT,107
1168,AUTO,20554
1168,TNC,141
1168,WALK,4796
1169,AUTO,13250
1170,AUTO,2998
1171,AUTO,10685
1172,AUTO,6888
1173,AUTO,9990
1173,WALK,1492
1174,AUTO,3050
1175,AUTO,1580
1175,SCHOOL BUS,247
1176,AUTO,4489
1176,TRANSIT,3290
1176,WALK,74
1177,AUTO,1343
1177,WALK,163
1178,AUTO,542
1179,AUTO,4584
1179,TAXI NOT TNC,107
1180,AUTO,1817
1181,AUTO,51
1182,AUTO,21641
1182,TRANSIT,24
1183,AUTO,395
1183,WALK,202
1184,AUTO,3159
1184,BIKE,6118
1184,TRANSIT,184
1185,AUTO,3107
1186,AUTO,44198
1186,BIKE,8658
1186,SCHOOL BUS,3482
1186,WALK,3648
1187,AUTO,2451
1188,AUTO,5259
1188,WALK,1757
1189,AUTO,19784
1189,BIKE,125
1189,TNC,813
1190,AUTO,17290
1191,AUTO,6116
1191,BIKE,102
1191,WALK,600
1192,AUTO,18080
1192,TNC,813
1192,WALK,903
1193,AUTO,6565
1193,BIKE,105
1193,WALK,152
1194,AUTO,2105
1194,TRANSIT,538
1194,WALK,387
1195,AUTO,2491
1195,BIKE,43
1195,WALK,1644
1196,AUTO,2133
1196,WALK,3805
1197,AUTO,15732
1197,TRANSIT,861
1197,WALK,3027
1199,AUTO,298
1200,AUTO,151
1201,AUTO,209
1203,AUTO,598
1203,WALK,303
1204,AUTO,51
1205,AUTO,115
1205,TAXI NOT TNC,181
1205,TNC,975
1206,AUTO,10642
1206,WALK,101
1207,AUTO,898
1208,AUTO,5520
1208,WALK,118
1209,AUTO,2928
1210,AUTO,1051
1211,AUTO,2563
1211,TRANSIT,39
1212,AUTO,4287
1213,AUTO,10111
1214,AUTO,7567
1214,WALK,1762
1215,AUTO,5081
1215,OTHER,313
1216,AUTO,4482
1216,TRANSIT,1380
1216,WALK,483
1217,AUTO,8424
1217,CAR SHARE,27
1217,TRANSIT,758
1217,WALK,42
1218,AUTO,628
1219,AUTO,367
1220,AUTO,102
1220,WALK,238
1221,AUTO,5712
1221,TRANSIT,733
1222,AUTO,106
1223,AUTO,3597
1224,AUTO,771
1225,AUTO,15667
1225,OTHER,116
1226,AUTO,2671
1226,BIKE,102
1227,AUTO,7031
1227,BIKE,107
1228,AUTO,18105
1228,BIKE,250
1228,TAXI NOT TNC,181
1228,WALK,521
1229,AUTO,4320
1230,AUTO,201
1231,AUTO,108
1231,TRANSIT,238
1231,WALK,238
1232,AUTO,8783
1232,TRANSIT,733
1232,WALK,733
1233,AUTO,3
1233,TNC,975
1233,TRANSIT,861
1233,WALK,3436
1234,AUTO,3125
1234,WALK,206
1235,AUTO,4815
1236,AUTO,1987
1236,WALK,2803
1237,AUTO,5572
1238,AUTO,2935
1239,AUTO,1554
1239,OTHER,211
1239,WALK,886
1240,AUTO,607
1240,BIKE,6393
1240,WALK,198
1242,AUTO,3282
1243,AUTO,2571
1244,AUTO,4968
1245,AUTO,18361
1245,WALK,197
1246,AUTO,3388
1247,AUTO,3045
1248,AUTO,487
1249,AUTO,751
1250,AUTO,1149
1250,TNC,57
1250,WALK,227
1251,AUTO,61
1252,AUTO,471
1252,WALK,1260
1253,AUTO,2245
1254,AUTO,4127
1255,AUTO,1754
1256,AUTO,1606
1256,SHUTTLE VANPOOL,116
1257,AUTO,285
1258,BIKE,190
1259,AUTO,2709
1259,WALK,197
1260,AUTO,1844
1260,WALK,849
1261,AUTO,1028
1261,WALK,253
1262,AUTO,197
1263,AUTO,11590
1263,WALK,164
1264,AUTO,1444
1265,AUTO,188
1265,WALK,115
1266,AUTO,1341
1267,AUTO,468
1267,BIKE,18
1267,WALK,115
1268,AUTO,1939
1268,WALK,176
1269,AUTO,235
1272,AUTO,1225
1272,BIKE,107
1272,TAXI NOT TNC,107
1272,TRANSIT,107
1273,AUTO,3008
1273,BIKE,207
1273,TRANSIT,861
1274,AUTO,7118
1274,BIKE,207
1274,OTHER,443
1274,TRANSIT,886
1275,AUTO,2462
1276,AUTO,2996
1277,AUTO,12170
1278,AUTO,530
1278,BIKE,372
1278,WALK,23
1279,AUTO,203
1280,AUTO,68
1281,AUTO,516
1282,AUTO,4294
1282,WALK,1839
1283,AUTO,8425
1284,AUTO,5892
1285,AUTO,41
1286,AUTO,316
1286,WALK,100
1287,AUTO,1241
1288,AUTO,1870
1289,AUTO,8374
1289,BIKE,1169
1289,TNC,415
1289,WALK,3031
1290,AUTO,19960
1290,TRANSIT,430
1290,WALK,415
1291,AUTO,404
1292,AUTO,11719
1292,WALK,2828
1293,AUTO,9330
1293,BIKE,273
1293,WALK,16116
1295,AUTO,3328
1295,WALK,426
1296,AUTO,5587
1297,AUTO,6468
1297,TRANSIT,521
1298,AUTO,5171
1299,AUTO,696
1300,AUTO,11203
1300,OTHER,3275
1300,TRANSIT,294
1300,WALK,116
1301,AUTO,2191
1301,BIKE,190
1301,OTHER,190
1301,TRANSIT,430
1301,WALK,541
1302,AUTO,7825
1302,BIKE,1999
1302,WALK,1063
1303,AUTO,4992
1303,TRANSIT,152
1303,WALK,204
1304,AUTO,10064
1304,SCHOOL BUS,26
1304,TRANSIT,98
1304,WALK,6017
1305,AUTO,57
1306,AUTO,1014
1306,BIKE,124
1306,WALK,198
1307,AUTO,5044
1307,WALK,216
1308,AUTO,2268
1309,AUTO,8632
1309,OTHER,634
1310,AUTO,386
1310,TRANSIT,521
1311,AUTO,18678
1313,AUTO,81
1313,WALK,122
1314,AUTO,15453
1314,BIKE,1938
1315,AUTO,1132
1315,TNC,100
1316,AUTO,11103
1318,AUTO,3919
1318,WALK,23
1319,AUTO,10998
1320,AUTO,368
1320,BIKE,124
1321,AUTO,236
1322,AUTO,800
1324,AUTO,4288
1325,AUTO,6747
1326,AUTO,14160
1327,AUTO,10718
1328,AUTO,7026
1328,BIKE,124
1328,TRANSIT,107
1328,WALK,124
1329,AUTO,1140
1331,AUTO,150
1332,AUTO,583
1333,AUTO,1981
1333,TRANSIT,521
1334,AUTO,1588
1335,AUTO,7398
1335,OTHER,953
1335,TRANSIT,23
1336,AUTO,3771
1336,WALK,6066
1337,AUTO,2944
1338,AUTO,3814
1339,AUTO,450
1340,AUTO,151
1340,WALK,267
1341,AUTO,115
1342,AUTO,5028
1343,AUTO,1060
1344,AUTO,18473
1344,OTHER,190
1344,TNC,1261
1344,TRANSIT,1046
1344,WALK,2821
1345,AUTO,448
1346,AUTO,1126
1347,AUTO,5450
1348,AUTO,3266
1348,BIKE,140
1348,TRANSIT,41
1349,AUTO,173
1350,AUTO,1569
1351,AUTO,4586
1352,AUTO,8597
1352,OTHER,784
1352,WALK,98
1353,AUTO,4672
1353,TRANSIT,664
1354,AUTO,1795
1354,WALK,1871
1355,AUTO,584
1356,AUTO,24284
1357,AUTO,16611
1358,AUTO,32
1359,AUTO,4599
1359,WALK,197
1360,TAXI NOT TNC,33
1360,TRANSIT,150
1361,AUTO,886
1361,BIKE,72
1362,AUTO,148
1363,AUTO,4756
1363,BIKE,72
1364,AUTO,5856
1364,WALK,102
1365,AUTO,2426
1365,WALK,27
1366,AUTO,2173
1366,TNC,139
1367,AUTO,1331
1368,AUTO,1166
1369,AUTO,2092
1369,SHUTTLE VANPOOL,138
1370,AUTO,1283
1370,LONG DIST PASS,4662
1370,WALK,40
1371,AUTO,2368
1372,AUTO,5599
1372,WALK,463
1373,AUTO,3876
1374,AUTO,2291
1375,AUTO,12033
1375,WALK,1859
1376,AUTO,3069
1376,TRANSIT,443
1376,WALK,1782
1377,AUTO,20795
1378,AUTO,5238
1378,BIKE,67
1379,AUTO,694
1380,AUTO,509
1381,AUTO,567
1382,AUTO,3212
1383,AUTO,1830
1384,AUTO,1710
1384,TRANSIT,43
1385,AUTO,1886
1386,AUTO,6253
1386,WALK,561
1387,AUTO,1640
1387,WALK,600
1388,AUTO,282
1389,AUTO,8785
1389,TRANSIT,1125
1389,WALK,1199
1390,AUTO,44
1391,AUTO,1225
1391,WALK,102
1392,AUTO,13428
1393,AUTO,388
1394,AUTO,2241
1394,WALK,98
1395,AUTO,11180
1396,AUTO,627
1397,AUTO,2286
1397,WALK,2322
1398,AUTO,4379
1399,AUTO,2151
1400,AUTO,4309
1400,SCHOOL BUS,1111
1401,AUTO,1427
1401,WALK,120
1402,AUTO,870
1402,TNC,82
1402,WALK,37
1403,AUTO,197
1403,WALK,359
1404,AUTO,286
1405,AUTO,4
1406,AUTO,7773
1406,BIKE,43
1406,WALK,102
1407,AUTO,2094
1408,AUTO,2808
1408,WALK,98
1409,AUTO,5119
1409,WALK,98
1410,AUTO,4481
1410,WALK,765
1411,AUTO,3201
1411,SCHOOL BUS,965
1411,TRANSIT,1687
1411,WALK,2535
1412,AUTO,8652
1412,TRANSIT,562
1412,WALK,1125
1413,AUTO,10646
1415,AUTO,1753
1416,AUTO,1020
1416,WALK,58
1417,AUTO,98
1417,OTHER,35
1418,AUTO,9953
1419,AUTO,19161
1419,BIKE,366
1419,WALK,183
1420,AUTO,2701
1420,WALK,181
1421,AUTO,1123
1422,AUTO,2100
1422,WALK,392
1423,AUTO,12194
1425,AUTO,6434
1426,AUTO,2568
1426,WALK,4583
1427,AUTO,8065
1427,WALK,1111
1428,AUTO,7138
1429,AUTO,6082
1429,OTHER,3288
1429,TRANSIT,443
1430,AUTO,7849
1431,AUTO,10791
1431,WALK,2008
1432,AUTO,3641
1433,AUTO,441
1434,AUTO,6047
1434,TNC,41
1436,AUTO,2962
1437,AUTO,13152
1437,BIKE,30
1437,OTHER,35
1438,AUTO,602
1439,AUTO,79
1440,AUTO,5409
1441,AUTO,1787
1442,AUTO,4077
1442,OTHER,241
1443,AUTO,2456
1444,AUTO,199
1445,AUTO,12536
1446,AUTO,343
1446,BIKE,30
1446,WALK,172
1448,AUTO,2337
1448,SCHOOL BUS,130
1449,AUTO,2628
1450,AUTO,995
1451,AUTO,1024
1452,AUTO,309
1453,AUTO,3418
1453,WALK,12812
1454,AUTO,6818
1454,WALK,172
1455,AUTO,13860
1456,AUTO,1771
1457,AUTO,17516
1458,AUTO,2467
1459,AUTO,2185
1460,AUTO,136
1461,AUTO,42
1462,AUTO,641
1463,AUTO,12956
1463,BIKE,23
1464,AUTO,1685
1465,AUTO,5569
1466,AUTO,1247
1466,TRANSIT,98
1466,WALK,611
1467,AUTO,1759
1468,AUTO,1998
1468,TRANSIT,82
1469,AUTO,10093
1469,BIKE,197
1469,WALK,972
1470,AUTO,7171
1471,AUTO,9017
1471,WALK,196
1472,AUTO,172
1473,AUTO,15204
1474,AUTO,3428
1474,WALK,2398
1475,AUTO,318
1476,AUTO,10529
1476,TRANSIT,965
1477,AUTO,1868
1478,AUTO,4195
1478,WALK,99
1479,AUTO,183
1480,AUTO,617
1480,WALK,49
1481,AUTO,5055
1481,TRANSIT,139
1482,AUTO,2817
1483,AUTO,8801
1484,AUTO,79
1485,AUTO,7553
1486,AUTO,1934
1486,WALK,99
1487,AUTO,13393
1488,AUTO,907
1489,AUTO,5151
1489,TRANSIT,227
1489,WALK,267
1490,AUTO,7503
1490,WALK,6075
1491,AUTO,6048
1491,OTHER,98
1491,WALK,99
1492,AUTO,464
1493,AUTO,2174
1494,AUTO,3342
1495,AUTO,39
1495,SHUTTLE VANPOOL,34
1496,AUTO,6823
1496,WALK,1490
1497,AUTO,710
1497,TNC,733
1497,WALK,861
1498,AUTO,1496
1498,WALK,230
1499,AUTO,4654
1499,TRANSIT,1884
1499,WALK,115
1500,AUTO,305
1500,WALK,115
1501,AUTO,8468
1502,AUTO,7828
1502,BIKE,2021
1503,AUTO,4824
1504,AUTO,2
1506,AUTO,326
1507,AUTO,323
1508,AUTO,77
1509,AUTO,1199
1511,AUTO,440
1511,WALK,194
1512,AUTO,8947
1512,BIKE,49
1512,WALK,99
1513,AUTO,387
1513,WALK,387
1514,BIKE,25
1515,AUTO,3360
1515,WALK,331
1516,AUTO,6873
1516,WALK,3960
1517,AUTO,652
1518,AUTO,245
1518,BIKE,25
1518,WALK,4577
1519,AUTO,5678
1519,BIKE,18
1519,WALK,25
1520,AUTO,2868
1520,SHUTTLE VANPOOL,34
1520,WALK,158
1521,AUTO,1559
1521,TNC,40
1521,TRANSIT,159
1521,WALK,105
1522,AUTO,323
1523,AUTO,116
1523,WALK,251
1524,AUTO,6528
1524,TNC,40
1524,WALK,198
1525,AUTO,998
1526,AUTO,253
1527,AUTO,262
1527,SHUTTLE VANPOOL,69
1528,AUTO,1635
1528,SHUTTLE VANPOOL,69
1529,AUTO,11
1530,AUTO,320
1530,TRANSIT,133
1530,WALK,416
1531,AUTO,6578
1531,WALK,4377
1532,AUTO,8918
1532,BIKE,2067
1532,WALK,2191
1533,AUTO,2074
1533,BIKE,651
1534,AUTO,18120
1534,BIKE,32
1534,WALK,111
1535,AUTO,8886
1535,TRANSIT,336
1536,AUTO,7886
1536,OTHER,278
1536,WALK,437
1537,AUTO,2767
1537,WALK,9
1538,AUTO,2339
1538,WALK,40
1539,AUTO,611
1539,WALK,204
1540,AUTO,670
1541,AUTO,1470
1541,WALK,82
1544,AUTO,6233
1544,WALK,79
1545,AUTO,4592
1546,AUTO,1500
1546,SCHOOL BUS,130
1546,WALK,323
1547,AUTO,7256
1548,AUTO,4983
1549,AUTO,7123
1549,WALK,10758
1550,AUTO,1691
1551,AUTO,1306
1551,TRANSIT,1850
1551,WALK,2775
1552,AUTO,2633
1553,AUTO,5076
1554,AUTO,4003
1555,AUTO,881
1556,AUTO,786
1557,AUTO,5921
1558,AUTO,8773
1559,AUTO,123
1560,AUTO,16966
1561,AUTO,3806
1561,TRANSIT,2775
1561,WALK,106
1562,AUTO,654
1562,TRANSIT,152
1562,WALK,355
1563,AUTO,849
1563,TRANSIT,100
1563,WALK,54
1564,AUTO,2815
1565,AUTO,1241
1567,AUTO,432
1568,AUTO,3034
1569,AUTO,2128
1570,AUTO,1204
1571,AUTO,646
1572,AUTO,1150
1572,BIKE,54
1572,WALK,54
1573,AUTO,751
1573,SCHOOL BUS,82
1574,AUTO,1458
1574,WALK,402
1575,AUTO,1222
1576,AUTO,568
1577,AUTO,474
1578,AUTO,78
1579,AUTO,727
1579,WALK,197
1581,AUTO,668
1582,AUTO,3410
1582,WALK,197
1583,AUTO,951
1584,AUTO,8947
1585,AUTO,300
1586,AUTO,705
1587,AUTO,3825
1587,SHUTTLE VANPOOL,1421
1587,WALK,120
1588,AUTO,208
1589,AUTO,3924
1589,WALK,3444
1590,AUTO,1001
1592,AUTO,1437
1592,WALK,39
1593,AUTO,907
1593,WALK,46
1594,BIKE,733
1595,AUTO,4270
1595,BIKE,519
1595,SHUTTLE VANPOOL,34
1596,AUTO,288
1596,BIKE,911
1596,SHUTTLE VANPOOL,138
1596,TRANSIT,34
1597,AUTO,8490
1598,AUTO,5080
1599,AUTO,2087
1599,WALK,202
1600,AUTO,1067
1600,WALK,4
1601,AUTO,1031
1602,AUTO,5403
1602,WALK,2331
1603,AUTO,9260
1603,OTHER,98
1603,TRANSIT,238
1604,AUTO,319
1605,AUTO,289
1606,AUTO,322
1607,AUTO,7
1608,AUTO,4404
1609,AUTO,634
1610,AUTO,5342
1610,BIKE,54
1610,WALK,117
1611,AUTO,3522
1611,BIKE,115
1612,AUTO,10186
1612,SCHOOL BUS,36
1613,AUTO,15380
1613,BIKE,2769
1613,TRANSIT,1438
1613,WALK,5453
1614,AUTO,3716
1614,WALK,395
1615,AUTO,3811
1616,AUTO,39
1617,AUTO,1538
1618,AUTO,599
1619,AUTO,1536
1620,AUTO,762
1621,AUTO,374
1622,AUTO,1623
1622,SCHOOL BUS,432
1623,AUTO,5005
1623,BIKE,54
1623,SCHOOL BUS,381
1624,AUTO,622
1625,AUTO,1860
1626,AUTO,1423
1627,AUTO,484
1628,AUTO,13863
1628,TRANSIT,122
1629,AUTO,8316
1630,AUTO,7778
1631,AUTO,843
1631,BIKE,111
1631,SHUTTLE VANPOOL,34
1631,WALK,203
1632,AUTO,3617
1633,AUTO,3042
1633,TRANSIT,101
1633,WALK,223
1634,AUTO,3120
1634,TRANSIT,1722
1634,WALK,2575
1635,AUTO,5828
1636,AUTO,41
1637,AUTO,3034
1638,AUTO,268
1639,AUTO,1541
1640,AUTO,6714
1640,BIKE,567
1641,AUTO,3977
1642,AUTO,1761
1643,AUTO,2467
1643,WALK,99
1644,AUTO,31
1645,AUTO,4555
1645,TRANSIT,2411
1645,WALK,1177
1646,AUTO,581
1646,OTHER,992
1646,WALK,103
1647,AUTO,3474
1647,TRANSIT,1145
1647,WALK,201
1648,AUTO,4956
1648,OTHER,1236
1648,WALK,103
1649,AUTO,69
1650,AUTO,2737
1651,AUTO,994
1652,AUTO,6544
1652,BIKE,9654
1652,TRANSIT,1128
1653,AUTO,1183
1653,TRANSIT,293
1653,WALK,166
1654,AUTO,458
1655,AUTO,195
1656,AUTO,1161
1657,AUTO,4475
1657,CAR SHARE,1
1657,TRANSIT,195
1657,WALK,156
1658,AUTO,1596
1659,AUTO,381
1659,SCHOOL BUS,381
1659,SHUTTLE VANPOOL,69
1660,AUTO,3066
1660,CAR SHARE,1
1661,AUTO,196
1661,WALK,861
1662,AUTO,1696
1663,AUTO,214
1665,AUTO,224
1665,WALK,100
1666,AUTO,8254
1666,BIKE,6758
1667,AUTO,3573
1667,TRANSIT,1514
1667,WALK,2120
1668,AUTO,6919
1668,BIKE,13
1668,WALK,179
1669,AUTO,4106
1669,OTHER,139
1669,WALK,231
1670,AUTO,1121
1671,AUTO,4851
1671,TRANSIT,926
1671,WALK,432
1672,AUTO,7426
1672,WALK,8701
1673,AUTO,523
1673,BIKE,189
1673,TAXI NOT TNC,315
1673,TRANSIT,589
1673,WALK,178
1674,AUTO,1747
1674,BIKE,4
1674,WALK,216
1675,AUTO,466
1675,WALK,1492
1676,AUTO,840
1676,WALK,116
1677,AUTO,9047
1677,TRANSIT,141
1677,WALK,656
1678,AUTO,1180
1678,BIKE,61
1678,WALK,338
1679,AUTO,1420
1679,BIKE,607
1679,TNC,179
1679,TRANSIT,445
1679,WALK,288
1680,AUTO,726
1680,OTHER,98
1680,WALK,162
1681,AUTO,1957
1681,BIKE,1234
1681,WALK,461
1682,AUTO,3857
1682,WALK,99
1684,AUTO,554
1684,WALK,118
1685,AUTO,2396
1686,AUTO,11370
1687,AUTO,1595
1687,TNC,99
1688,AUTO,2939
1688,SHUTTLE VANPOOL,310
1688,WALK,116
1689,AUTO,8220
1689,TRANSIT,115
1689,WALK,231
1690,AUTO,531
1691,AUTO,240
1692,AUTO,1138
1693,AUTO,6033
1693,TRANSIT,3218
1693,WALK,8048
1695,AUTO,2370
1695,WALK,839
1696,AUTO,166
1697,AUTO,195
1697,TRANSIT,33
1698,AUTO,613
1698,WALK,216
1699,AUTO,3057
1699,BIKE,675
1699,TRANSIT,1145
1699,WALK,5307
1700,AUTO,1000
1700,BIKE,534
1700,WALK,2268
1701,AUTO,1771
1701,BIKE,3862
1701,TRANSIT,40
1701,WALK,31
1702,AUTO,3460
1702,WALK,1951
1703,AUTO,60
1703,WALK,983
1704,AUTO,263
1704,OTHER,1939
1704,TRANSIT,1
1704,WALK,18
1705,AUTO,3587
1705,TRANSIT,975
1706,AUTO,2453
1706,WALK,3131
1707,AUTO,1996
1707,TRANSIT,40
1707,WALK,8755
1708,AUTO,805
1708,WALK,925
1709,AUTO,4269
1709,BIKE,9
1709,WALK,723
1710,AUTO,2174
1710,WALK,465
1711,AUTO,636
1711,WALK,2408
1712,AUTO,6046
1712,WALK,2284
1713,AUTO,733
1713,TNC,75
1713,WALK,203
1714,AUTO,411
1714,WALK,196
1715,AUTO,6565
1715,WALK,838
1716,AUTO,15677
1716,TRANSIT,79
1716,WALK,424
1717,AUTO,118
1717,WALK,118
1718,AUTO,1712
1718,TNC,79
1719,AUTO,144
1719,TRANSIT,470
1720,AUTO,560
1720,BIKE,68
1720,WALK,23
1721,AUTO,4526
1721,SCHOOL BUS,36
1721,SHUTTLE VANPOOL,138
1721,WALK,36
1722,AUTO,9364
1722,TRANSIT,116
1723,AUTO,406
1723,SCHOOL BUS,26
1725,AUTO,322
1726,AUTO,337
1726,TRANSIT,870
1727,AUTO,4053
1728,AUTO,229
1729,AUTO,202
1729,BIKE,202
1729,SHUTTLE VANPOOL,34
1730,AUTO,401
1730,TRANSIT,775
1731,AUTO,18938
1732,BIKE,202
1733,AUTO,589
1734,AUTO,6922
1734,BIKE,583
1734,TNC,74
1734,WALK,1964
1735,AUTO,4273
1736,AUTO,460
1737,AUTO,2899
1738,AUTO,992
1739,AUTO,6157
1739,WALK,23
1740,AUTO,901
1740,SCHOOL BUS,82
1740,SHUTTLE VANPOOL,275
1741,AUTO,832
1741,WALK,117
1742,AUTO,719
1742,WALK,117
1743,AUTO,585
1744,AUTO,3408
1745,AUTO,505
1745,SHUTTLE VANPOOL,34
1746,AUTO,1360
1746,TRANSIT,238
1747,AUTO,431
1748,AUTO,1740
1748,SCHOOL BUS,470
1749,AUTO,197
1750,AUTO,5002
1750,WALK,1984
1751,AUTO,3443
1751,BIKE,46
1751,SHUTTLE VANPOOL,116
1751,WALK,2629
1752,AUTO,1209
1752,WALK,19
1753,AUTO,102
1754,AUTO,4933
1754,TNC,4886
1754,TRANSIT,975
1754,WALK,581
1755,AUTO,432
1756,AUTO,5777
1756,BIKE,341
1756,WALK,1302
1757,AUTO,21892
1757,WALK,3092
1758,AUTO,1646
1758,SHUTTLE VANPOOL,34
1759,AUTO,280
1760,AUTO,2970
1760,BIKE,471
1760,WALK,527
1761,AUTO,2681
1761,WALK,574
1762,AUTO,1746
1763,AUTO,440
1764,AUTO,2974
1764,WALK,369
1765,AUTO,2189
1765,TRANSIT,740
1766,AUTO,815
1766,SHUTTLE VANPOOL,34
1766,WALK,248
1767,AUTO,206
1769,AUTO,2334
1769,TRANSIT,1023
1769,WALK,842
1770,AUTO,5667
1771,AUTO,2818
1771,WALK,337
1772,AUTO,4993
1772,TNC,98
1772,WALK,3156
1773,AUTO,527
1773,TRANSIT,19
1774,AUTO,12380
1774,BIKE,369
1774,TAXI NOT TNC,223
1774,TRANSIT,1283
1774,WALK,864
1775,AUTO,627
1775,WALK,307
1776,AUTO,294
1776,WALK,140
1777,AUTO,791
1778,AUTO,9917
1778,WALK,4914
1779,AUTO,206
2001,AUTO,1848
2001,OTHER,587
2002,AUTO,6033
2003,AUTO,116
2005,AUTO,10776
2005,WALK,209
2006,AUTO,33
2006,WALK,410
2007,AUTO,118
2008,AUTO,3353
2009,AUTO,623
2009,OTHER,913
2009,WALK,5478
2010,AUTO,138
2010,OTHER,1175
2011,AUTO,1975
2011,WALK,397
2012,AUTO,1262
2013,AUTO,289
2014,AUTO,4939
2014,WALK,4837
2015,AUTO,4777
2015,OTHER,587
2016,AUTO,8747
2016,OTHER,587
2016,WALK,2042
2017,AUTO,474
2017,TRANSIT,19
2018,AUTO,10458
2019,AUTO,5171
2019,OTHER,587
2019,WALK,9986
2020,AUTO,164
2021,AUTO,3007
2022,AUTO,4709
2023,AUTO,4824
2023,WALK,7801
2024,AUTO,3633
2024,OTHER,1762
2025,AUTO,22962
2026,AUTO,6677
2027,AUTO,12204
2027,WALK,101
2028,AUTO,5362
2028,WALK,2563
2029,AUTO,13761
2029,TNC,1317
2029,TRANSIT,1547
2029,WALK,4181
2030,AUTO,21238
2031,AUTO,4528
2031,TRANSIT,19
2031,WALK,19
2032,AUTO,8975
2033,AUTO,12119
2034,AUTO,1311
2034,WALK,220
2035,AUTO,13407
2035,WALK,1860
2036,AUTO,1322
2036,OTHER,23
2036,WALK,1867
2037,AUTO,307
2038,AUTO,6631
2038,TRANSIT,1547
2038,WALK,1547
2039,AUTO,6481
2040,AUTO,6262
2041,AUTO,2848
2041,OTHER,26
2041,WALK,19
2042,AUTO,13604
2043,AUTO,1713
2043,TNC,373
2043,TRANSIT,373
2043,WALK,1159
2044,AUTO,5400
2045,AUTO,8737
2046,AUTO,5806
2047,AUTO,321
2048,AUTO,10295
2049,AUTO,5286
2050,AUTO,3214
2051,AUTO,31271
2051,WALK,7
2053,AUTO,16616
2053,WALK,1850
2054,AUTO,3204
2054,BIKE,156
2055,AUTO,2887
2056,AUTO,1530
2056,WALK,2046
2057,WALK,1202
2059,AUTO,1336
2059,OTHER,23
2060,AUTO,6
2061,AUTO,80
2062,AUTO,218
2063,AUTO,6265
2064,AUTO,1131
2064,OTHER,32
2065,AUTO,326
2068,AUTO,11215
2069,AUTO,985
2069,WALK,4
2070,AUTO,5065
2070,WALK,381
2071,AUTO,1424
2072,AUTO,12899
2073,AUTO,1845
2074,AUTO,115
2075,AUTO,258
2076,AUTO,747
2076,WALK,197
2077,AUTO,1310
2078,AUTO,6051
2079,AUTO,98
2079,WALK,2753
2080,AUTO,2300
2080,WALK,918
2081,AUTO,9457
2083,AUTO,21031
2084,AUTO,16641
2085,AUTO,10105
2086,AUTO,4179
2087,AUTO,26463
2088,AUTO,13999
2089,AUTO,10628
2089,WALK,268
2090,AUTO,22796
2090,BIKE,3953
2090,WALK,13311
2091,AUTO,150
2092,AUTO,28789
2093,AUTO,2967
2094,AUTO,315
2095,AUTO,532
2096,AUTO,2772
2097,AUTO,18240
2098,AUTO,3263
2099,AUTO,29202
2100,AUTO,76
2100,TRANSIT,19
2101,AUTO,8463
2102,AUTO,1979
2103,AUTO,4988
2104,AUTO,1438
2105,AUTO,2616
2106,AUTO,1172
2107,AUTO,3297
2108,AUTO,567
2108,WALK,121
2109,AUTO,6616
2110,AUTO,8104
2111,AUTO,245
2112,AUTO,1090
2113,AUTO,651
2114,AUTO,4519
2115,AUTO,31570
2115,OTHER,614
2115,SCHOOL BUS,1227
2115,WALK,9818
2116,AUTO,3659
2116,OTHER,2557
2117,AUTO,155
2118,AUTO,40
2120,AUTO,4583
2121,AUTO,8193
2122,AUTO,94
2123,AUTO,9
2124,AUTO,326
2125,AUTO,628
2126,AUTO,2168
2127,AUTO,228
2128,AUTO,197
2129,AUTO,17
2130,AUTO,239
2131,AUTO,5758
2131,SCHOOL BUS,1938
2133,AUTO,1929
2135,AUTO,199
2136,AUTO,29417
2136,BIKE,1896
2136,WALK,89
2137,AUTO,100
2140,AUTO,35158
2140,SCHOOL BUS,455
2140,WALK,455
2141,AUTO,19
2142,AUTO,3272
2143,AUTO,68
2145,AUTO,10413
2146,AUTO,1116
2148,AUTO,2635
2148,WALK,197
2149,AUTO,10742
2149,WALK,133
2150,AUTO,2888
2151,AUTO,628
2151,SCHOOL BUS,903
2151,WALK,197
2152,AUTO,21423
2152,WALK,3517
2153,AUTO,869
2153,WALK,842
2154,AUTO,637
2155,AUTO,39255
2155,SCHOOL BUS,448
2155,WALK,628
2156,AUTO,597
2157,AUTO,3465
2158,AUTO,2421
2159,AUTO,28449
2159,OTHER,4464
2160,AUTO,1924
2160,WALK,2012
2163,AUTO,215
2166,AUTO,429
2171,AUTO,504
2172,AUTO,179
2177,AUTO,6128
2178,AUTO,1318
2181,AUTO,454
2182,AUTO,105
2183,AUTO,905
2184,AUTO,855
2185,AUTO,28689
2185,TRANSIT,52
2185,WALK,21135
2187,AUTO,13316
2187,BIKE,5687
2187,SHUTTLE VANPOOL,53
2188,AUTO,3377
2189,AUTO,624
2190,AUTO,7791
2190,OTHER,585
2190,SCHOOL BUS,3586
2190,TRANSIT,67
2190,WALK,254
2191,AUTO,11823
2191,WALK,627
2197,AUTO,10489
2197,WALK,543
2198,AUTO,6924
2198,TNC,2126
2198,WALK,17
2199,AUTO,1566
2199,WALK,208
2200,AUTO,6838
2200,WALK,197
2203,AUTO,6453
2206,AUTO,10699
2206,OTHER,95
2211,AUTO,7075
2211,WALK,1948
2212,AUTO,12187
2212,SCHOOL BUS,608
2212,WALK,1227
2213,AUTO,2579
2216,AUTO,14618
2217,AUTO,1118
2218,AUTO,2597
2219,AUTO,9043
2219,WALK,50
2220,AUTO,4665
2220,WALK,197
2221,AUTO,268
2222,AUTO,2482
2222,SCHOOL BUS,155
2222,WALK,104
2223,AUTO,22
2228,WALK,55
2229,AUTO,6175
2230,AUTO,1034
2231,AUTO,2533
2231,WALK,166
2232,AUTO,11569
2233,AUTO,226
2234,AUTO,1827
2234,WALK,628
2235,AUTO,10027
2237,AUTO,1056
2238,AUTO,116
2239,AUTO,7103
2240,AUTO,10886
2240,SCHOOL BUS,81
2240,WALK,1280
2241,AUTO,9599
2242,AUTO,7803
2242,BIKE,1434
2242,OTHER,169
2242,WALK,204
2243,AUTO,210
2244,AUTO,9027
2244,SCHOOL BUS,238
2244,TNC,3005
2244,WALK,2498
2245,AUTO,177
2246,AUTO,1264
2246,SCHOOL BUS,165
2246,WALK,534
2247,AUTO,5418
2248,AUTO,3441
2248,WALK,410
2249,AUTO,575
2249,WALK,100
2250,AUTO,139
2251,BIKE,182
2252,AUTO,56
2254,AUTO,281
2255,AUTO,8564
2256,AUTO,14628
2258,AUTO,186
2261,AUTO,216
2262,AUTO,176
2263,AUTO,501
2263,WALK,153
2265,AUTO,28
2266,AUTO,232
2266,OTHER,376
2266,WALK,376
2270,AUTO,292
2271,AUTO,2605
2272,AUTO,1972
2273,AUTO,2677
2274,AUTO,455
2275,AUTO,678
2276,AUTO,508
2277,AUTO,411
2277,OTHER,723
2277,WALK,650
2278,AUTO,770
2279,AUTO,1905
2279,BIKE,104
2279,WALK,231
2280,AUTO,5947
2281,AUTO,1140
2283,AUTO,98
2284,AUTO,260
2285,AUTO,237
2286,AUTO,1790
2286,SCHOOL BUS,20
2286,WALK,104
2287,AUTO,10402
2287,SCHOOL BUS,84
2288,AUTO,263
2288,SCHOOL BUS,84
2288,WALK,3063
2289,AUTO,2830
2289,OTHER,1583
2289,WALK,2116
2290,AUTO,18
2291,AUTO,41249
2291,WALK,3672
2293,AUTO,84
2296,AUTO,427
2297,AUTO,16368
2298,AUTO,3685
2298,WALK,79
2299,AUTO,1474
2300,AUTO,5483
2300,WALK,98
2301,AUTO,724
2302,AUTO,1338
2302,BIKE,1
2303,AUTO,1969
2303,WALK,213
2304,AUTO,8780
2304,BIKE,1
2305,AUTO,15281
2305,WALK,5759
2306,AUTO,1951
2306,SCHOOL BUS,82
2307,AUTO,207
2309,AUTO,6
2309,WALK,3051
2313,AUTO,1025
2317,AUTO,408
2318,AUTO,162
2321,AUTO,4951
2322,AUTO,2574
2323,AUTO,7931
2324,AUTO,21967
2324,BIKE,104
2324,SCHOOL BUS,1938
2324,WALK,711
2325,AUTO,752
2326,AUTO,7469
2327,AUTO,6
2329,AUTO,4630
2329,WALK,115
2331,AUTO,11537
2332,AUTO,512
2333,AUTO,7615
2334,AUTO,234
2338,AUTO,6312
2339,AUTO,642
2340,AUTO,236
2341,AUTO,3601
2342,AUTO,1860
2342,SCHOOL BUS,248
2342,WALK,295
2343,AUTO,14834
2343,WALK,154
2344,AUTO,1101
2344,WALK,6
2345,AUTO,2078
2345,SCHOOL BUS,249
2345,WALK,798
2346,AUTO,6507
2347,AUTO,739
2348,AUTO,1372
2348,WALK,7
2349,AUTO,17553
2349,WALK,943
2350,AUTO,7887
2350,WALK,640
2358,AUTO,5060
2359,AUTO,107
2361,AUTO,4177
2365,AUTO,557
2372,AUTO,3558
2372,SCHOOL BUS,20
2372,WALK,764
2373,AUTO,1321
2374,AUTO,131
2378,AUTO,764
2381,AUTO,1523
2381,WALK,406
2382,AUTO,1140
2384,AUTO,40
2385,AUTO,1006
2390,AUTO,1792
2394,AUTO,236
2395,AUTO,2281
2395,WALK,6844
2396,AUTO,80
2397,AUTO,3445
2397,WALK,988
2398,AUTO,5939
2400,AUTO,1297
2402,AUTO,24
2402,TRANSIT,988
2402,WALK,1976
2403,AUTO,13208
2403,TRANSIT,988
2404,AUTO,165
2406,AUTO,8317
2407,AUTO,353
2408,AUTO,3031
2412,AUTO,1753
2416,AUTO,3247
2419,AUTO,11046
2419,OTHER,11
2420,AUTO,5139
2421,AUTO,2443
2422,AUTO,9213
2422,WALK,613
2423,AUTO,8931
2424,AUTO,8104
2424,WALK,508
2425,AUTO,2121
2425,WALK,197
2427,AUTO,1592
2428,AUTO,470
2429,AUTO,1250
2430,AUTO,1976
2430,WALK,82
2431,AUTO,8928
2432,AUTO,4668
2433,AUTO,3076
2433,TRANSIT,988
2434,AUTO,642
2434,WALK,82
2435,AUTO,1438
2435,TRANSIT,988
2435,WALK,1976
2436,AUTO,2876
2437,AUTO,9293
2437,BIKE,9633
2438,AUTO,5888
2438,TRANSIT,988
2440,AUTO,36
2440,BIKE,9633
2441,AUTO,98
2442,AUTO,2977
2443,AUTO,964
2443,BIKE,202
2445,AUTO,2523
2447,AUTO,53
2448,AUTO,137
2449,AUTO,137
2450,AUTO,687
2451,AUTO,23
2451,OTHER,45
2456,AUTO,1880
2457,AUTO,13787
2457,SCHOOL BUS,84
2463,AUTO,535
2466,AUTO,197
2471,AUTO,9926
2471,TRANSIT,692
2502,AUTO,1905
2502,WALK,1514
2504,AUTO,175
2505,AUTO,85
2506,WALK,312
2507,AUTO,18
2509,AUTO,566
2510,AUTO,197
2510,WALK,197
2511,AUTO,238
2512,AUTO,5005
2512,WALK,231
2513,AUTO,4756
2515,AUTO,2143
2517,AUTO,13613
2518,AUTO,107
2519,AUTO,197
2521,AUTO,3472
2522,AUTO,252
2523,AUTO,688
2523,WALK,197
2527,AUTO,1214
2530,AUTO,205
2533,AUTO,336
2533,WALK,214
2535,AUTO,1541
2542,AUTO,10748
2542,SCHOOL BUS,1176
2543,AUTO,197
2552,AUTO,19597
2552,WALK,2900
2554,AUTO,70
2556,AUTO,529
2556,WALK,206
2560,AUTO,883
2562,AUTO,580
2566,AUTO,7318
2567,AUTO,2595
2568,AUTO,1243
2570,AUTO,17388
2571,AUTO,7979
2572,AUTO,1479
2573,AUTO,817
2574,AUTO,1227
2575,AUTO,477
2576,AUTO,9393
2577,AUTO,607
2577,BIKE,25
2578,AUTO,95
2586,AUTO,141
2588,AUTO,19
2590,AUTO,27
2590,OTHER,27
2591,AUTO,125
2592,AUTO,3745
2593,AUTO,102
2593,BIKE,118
2594,AUTO,456
2598,AUTO,46
2600,AUTO,1154
2601,AUTO,38
2603,AUTO,5651
2604,AUTO,5678
2604,WALK,623
2605,AUTO,223
2606,AUTO,9912
2607,AUTO,3555
2607,WALK,1247
2611,AUTO,5327
2615,AUTO,43
2616,AUTO,323
2616,SCHOOL BUS,44
2617,AUTO,622
2619,AUTO,5711
2619,OTHER,227
2619,WALK,98
2620,AUTO,6916
2620,SCHOOL BUS,1176
2621,AUTO,1567
2622,AUTO,40
2623,AUTO,481
2623,SCHOOL BUS,118
2623,WALK,70
2624,AUTO,102
2625,AUTO,1774
2625,OTHER,1209
2625,WALK,2622
2626,AUTO,128
2627,AUTO,121
2629,AUTO,240
2630,AUTO,9853
2631,AUTO,7527
2631,TAXI NOT TNC,197
2632,AUTO,2152
2633,AUTO,219
2634,AUTO,8600
2634,WALK,258
2635,AUTO,4429
2636,AUTO,79
2637,AUTO,5231
2637,WALK,720
2638,AUTO,3082
2639,AUTO,2147
2639,SCHOOL BUS,132
2639,WALK,140
2640,AUTO,180
2641,AUTO,1402
2642,AUTO,4684
2642,TAXI NOT TNC,197
2643,AUTO,4951
2644,AUTO,6149
2645,AUTO,7716
2645,BIKE,886
2645,OTHER,2144
2645,WALK,1377
2646,AUTO,3405
2646,OTHER,487
2646,WALK,313
2647,AUTO,16062
2648,AUTO,3605
2648,OTHER,356
2648,WALK,381
2649,AUTO,251
2650,AUTO,478
2651,AUTO,195
2652,AUTO,630
2653,AUTO,79
2654,AUTO,1479
2655,AUTO,774
2656,AUTO,1054
2656,SCHOOL BUS,79
2656,WALK,248
2657,AUTO,5330
2658,AUTO,12
2659,AUTO,79
2660,AUTO,9507
2661,AUTO,595
2662,AUTO,2457
2663,AUTO,1735
2664,AUTO,1919
2665,AUTO,339
2666,AUTO,3464
2667,AUTO,9574
2668,AUTO,1583
2669,AUTO,231
2670,AUTO,11787
2671,AUTO,607
2673,AUTO,294
2676,AUTO,9540
2677,AUTO,238
2678,AUTO,298
2679,AUTO,20105
2680,AUTO,3145
2681,AUTO,827
2681,WALK,393
2683,AUTO,159
2684,AUTO,1535
2684,OTHER,27
2684,TNC,8102
2685,AUTO,560
2686,AUTO,98
2688,AUTO,107
2689,AUTO,550
2691,AUTO,4812
2691,TNC,9776
2692,AUTO,98
2693,AUTO,974
2694,AUTO,10858
2695,AUTO,118
2695,BIKE,118
2696,AUTO,454
2698,AUTO,143
2699,AUTO,5974
2700,AUTO,1357
2701,AUTO,4352
2702,AUTO,134
2703,AUTO,5554
2705,AUTO,2779
2709,AUTO,669
2712,AUTO,584
2714,AUTO,150
2718,AUTO,79
2719,AUTO,215
2727,AUTO,3454
2730,AUTO,2730
2731,AUTO,27
2732,AUTO,2853
2733,AUTO,2836
2735,AUTO,197
2739,AUTO,139
2742,AUTO,4646
2743,AUTO,125
2744,AUTO,40
2803,AUTO,2273
2803,TRANSIT,1828
2807,AUTO,2123
2807,WALK,1917
2808,AUTO,430
2809,AUTO,197
2810,AUTO,214
2812,AUTO,2324
2814,AUTO,353
2815,AUTO,283
2816,AUTO,8763
2816,WALK,231
2817,AUTO,9565
2818,AUTO,1634
2820,AUTO,111
2821,AUTO,939
2822,AUTO,1209
2822,SCHOOL BUS,79
2825,AUTO,1013
2825,WALK,288
2827,AUTO,2810
2828,AUTO,3780
2828,BIKE,128
2828,SCHOOL BUS,79
2829,AUTO,2111
2831,AUTO,40
2832,AUTO,14440
2833,AUTO,8876
2833,WALK,7800
2834,AUTO,2388
2836,AUTO,1062
2836,WALK,98
2837,AUTO,1442
2837,WALK,98
2838,AUTO,5267
2839,AUTO,11300
2839,WALK,18323
2840,AUTO,547
2841,AUTO,14702
2842,AUTO,689
2842,WALK,218
2843,AUTO,40
2844,AUTO,11429
2845,AUTO,2003
2849,TRANSIT,914
2850,AUTO,20899
2850,WALK,7378
2851,AUTO,7037
2851,WALK,98
2852,AUTO,3166
2853,AUTO,1764
2854,AUTO,9313
2854,BIKE,128
2854,WALK,1983
2855,AUTO,490
2856,AUTO,7253
2856,WALK,124
2857,AUTO,6284
2859,AUTO,158
2860,AUTO,14802
2861,AUTO,6905
2862,AUTO,32639
2862,TRANSIT,3658
2863,AUTO,7731
2863,WALK,1829
2864,AUTO,107
2865,AUTO,1400
2866,AUTO,498
2868,AUTO,649
2869,AUTO,1496
2869,TAXI NOT TNC,204
2870,AUTO,4921
2870,TRANSIT,1840
2871,AUTO,5611
2871,WALK,914
2872,AUTO,11732
2872,TRANSIT,914
2872,WALK,133
2873,AUTO,300
2874,AUTO,9127
2874,WALK,231
2875,AUTO,1969
2876,AUTO,1555
2877,AUTO,382
2877,LONG DIST PASS,40
2877,WALK,40
2878,AUTO,633
2879,AUTO,194
2880,AUTO,225
2882,AUTO,125
2883,AUTO,319
2884,AUTO,9850
2885,AUTO,6021
2885,WALK,2457
2886,AUTO,231
2887,AUTO,6788
2888,AUTO,1246
2889,AUTO,8946
2890,AUTO,1771
2891,AUTO,1267
2892,AUTO,730
2893,AUTO,11689
2893,WALK,27
2894,AUTO,307
2896,AUTO,241
2897,AUTO,17389
2898,AUTO,9475
2899,AUTO,2948
2899,TRANSIT,1829
2900,AUTO,4169
2900,TAXI NOT TNC,204
2901,AUTO,8330
2901,TRANSIT,1829
2902,AUTO,886
2903,AUTO,3391
2904,AUTO,2509
2905,AUTO,1515
2906,AUTO,15734
2906,SCHOOL BUS,3704
2907,AUTO,1612
2908,AUTO,98
2909,AUTO,6819
2910,AUTO,4440
2910,BIKE,25
2910,WALK,310
2911,AUTO,4081
2911,WALK,617
2913,AUTO,2493
2913,WALK,4527
2915,AUTO,241
2916,AUTO,1169
2917,AUTO,1020
2918,AUTO,14704
2918,TRANSIT,1840
2919,AUTO,8103
2920,AUTO,1405
2920,TRANSIT,23
2920,WALK,205
2922,AUTO,366
2922,WALK,241
2951,AUTO,547
2960,AUTO,153
2964,AUTO,533
2978,AUTO,139
2979,AUTO,153
,AUTO,229490
,BIKE,1238
,BIKE SHARE,8930
,CAR SHARE,1028
,LONG DIST PASS,19229
,OTHER,25482
,SHUTTLE VANPOOL,3724
,TAXI NOT TNC,382
,TNC,2244
,TRANSIT,3915
,WALK,32264
