ZONE,COUNTY,MODE,TRIPS
3,Hillsborough County,AUTO,40
4,Hillsborough County,AUTO,32
6,Hillsborough County,AUTO,23
8,Hillsborough County,AUTO,122
13,Hillsborough County,AUTO,174
14,Hillsborough County,AUTO,101
16,Hillsborough County,AUTO,49
19,Hillsborough County,AUTO,1008
22,Hillsborough County,AUTO,79
23,Hillsborough County,AUTO,40
24,Hillsborough County,AUTO,69
27,Hillsborough County,AUTO,9
29,Hillsborough County,AUTO,9
30,Hillsborough County,AUTO,128
31,Hillsborough County,AUTO,49
34,Hillsborough County,AUTO,145
35,Hillsborough County,AUTO,27
36,Hillsborough County,AUTO,125
37,Hillsborough County,AUTO,67
38,Hillsborough County,AUTO,1764
42,Hillsborough County,AUTO,18
43,Hillsborough County,AUTO,159
44,Hillsborough County,AUTO,116
45,Hillsborough County,AUTO,45
48,Hillsborough County,AUTO,23
50,Hillsborough County,AUTO,18
53,Hillsborough County,AUTO,329
53,Hillsborough County,WALK,37
54,Hillsborough County,AUTO,6
56,Hillsborough County,AUTO,18
57,Hillsborough County,AUTO,99
59,Hillsborough County,AUTO,178
61,Hillsborough County,AUTO,313
63,Hillsborough County,AUTO,9
65,Hillsborough County,AUTO,18
66,Hillsborough County,AUTO,144
68,Hillsborough County,AUTO,35
69,Hillsborough County,AUTO,144
71,Hillsborough County,AUTO,280
72,Hillsborough County,AUTO,78
72,Hillsborough County,BIKE,23
73,Hillsborough County,AUTO,6
74,Hillsborough County,AUTO,56
76,Hillsborough County,AUTO,45
76,Hillsborough County,TRANSIT,18
76,Hillsborough County,WALK,6
77,Hillsborough County,AUTO,1692
78,Hillsborough County,AUTO,2024
78,Hillsborough County,SHUTTLE VANPOOL,23
84,Hillsborough County,AUTO,35
85,Hillsborough County,AUTO,2371
86,Hillsborough County,AUTO,13132
88,Hillsborough County,AUTO,70
89,Hillsborough County,AUTO,99
93,Hillsborough County,AUTO,788
94,Hillsborough County,AUTO,65
95,Hillsborough County,AUTO,58
96,Hillsborough County,AUTO,329
97,Hillsborough County,AUTO,62
99,Hillsborough County,AUTO,408
102,Hillsborough County,AUTO,203
102,Hillsborough County,WALK,203
110,Hillsborough County,AUTO,173
110,Hillsborough County,BIKE,47
111,Hillsborough County,AUTO,103
112,Hillsborough County,AUTO,196
114,Hillsborough County,AUTO,1302
116,Hillsborough County,AUTO,15169
117,Hillsborough County,AUTO,252
117,Hillsborough County,TRANSIT,99
120,Hillsborough County,AUTO,32
123,Hillsborough County,AUTO,7088
124,Hillsborough County,AUTO,150
125,Hillsborough County,AUTO,23
127,Hillsborough County,AUTO,19
128,Hillsborough County,AUTO,105
129,Hillsborough County,AUTO,55
130,Hillsborough County,AUTO,773
131,Hillsborough County,AUTO,64
131,Hillsborough County,WALK,23
133,Hillsborough County,AUTO,2606
135,Hillsborough County,AUTO,51
137,Hillsborough County,AUTO,266
138,Hillsborough County,AUTO,5954
140,Hillsborough County,AUTO,6506
141,Hillsborough County,TRANSIT,98
142,Hillsborough County,AUTO,299
142,Hillsborough County,WALK,414
144,Hillsborough County,AUTO,45
146,Hillsborough County,AUTO,169
147,Hillsborough County,AUTO,3722
153,Hillsborough County,AUTO,64
154,Hillsborough County,AUTO,128
155,Hillsborough County,AUTO,290
155,Hillsborough County,WALK,63
156,Hillsborough County,AUTO,85
157,Hillsborough County,AUTO,791
157,Hillsborough County,SHUTTLE VANPOOL,9
161,Hillsborough County,AUTO,110
161,Hillsborough County,WALK,4
162,Hillsborough County,AUTO,54
163,Hillsborough County,AUTO,249
164,Hillsborough County,AUTO,1314
164,Hillsborough County,BIKE,1039
164,Hillsborough County,WALK,2688
165,Hillsborough County,AUTO,1946
167,Hillsborough County,AUTO,81
167,Hillsborough County,WALK,7
168,Hillsborough County,AUTO,12544
168,Hillsborough County,WALK,4
169,Hillsborough County,AUTO,32
170,Hillsborough County,AUTO,273
171,Hillsborough County,AUTO,169
172,Hillsborough County,AUTO,108
178,Hillsborough County,AUTO,146
179,Hillsborough County,AUTO,226
179,Hillsborough County,TRANSIT,89
180,Hillsborough County,AUTO,6
180,Hillsborough County,WALK,53
181,Hillsborough County,AUTO,30
182,Hillsborough County,AUTO,37
183,Hillsborough County,AUTO,329
183,Hillsborough County,WALK,107
184,Hillsborough County,AUTO,4398
184,Hillsborough County,BIKE,122
184,Hillsborough County,WALK,595
185,Hillsborough County,AUTO,535
187,Hillsborough County,TRANSIT,70
188,Hillsborough County,AUTO,64
191,Hillsborough County,AUTO,6
192,Hillsborough County,AUTO,6
193,Hillsborough County,AUTO,6
194,Hillsborough County,AUTO,110
195,Hillsborough County,AUTO,70
196,Hillsborough County,AUTO,61
198,Hillsborough County,AUTO,23
201,Hillsborough County,AUTO,1104
202,Hillsborough County,AUTO,18
202,Hillsborough County,TRANSIT,6
204,Hillsborough County,AUTO,12
204,Hillsborough County,TRANSIT,18
204,Hillsborough County,WALK,18
205,Hillsborough County,TRANSIT,18
209,Hillsborough County,AUTO,110
210,Hillsborough County,AUTO,804
211,Hillsborough County,AUTO,125
214,Hillsborough County,AUTO,6
216,Hillsborough County,AUTO,108
218,Hillsborough County,AUTO,241
221,Hillsborough County,AUTO,27
225,Hillsborough County,BIKE,80
230,Hillsborough County,AUTO,90
232,Hillsborough County,AUTO,975
234,Hillsborough County,AUTO,437
237,Hillsborough County,AUTO,47
238,Hillsborough County,AUTO,45
240,Hillsborough County,AUTO,6
241,Hillsborough County,AUTO,41
242,Hillsborough County,AUTO,197
243,Hillsborough County,AUTO,38
244,Hillsborough County,WALK,1760
245,Hillsborough County,AUTO,294
248,Hillsborough County,WALK,37
249,Hillsborough County,TRANSIT,18
250,Hillsborough County,AUTO,8
254,Hillsborough County,AUTO,23
258,Hillsborough County,AUTO,15
259,Hillsborough County,AUTO,135
260,Hillsborough County,AUTO,32
261,Hillsborough County,AUTO,464
262,Hillsborough County,AUTO,187
264,Hillsborough County,AUTO,8
266,Hillsborough County,AUTO,179
269,Hillsborough County,AUTO,27
270,Hillsborough County,AUTO,227
271,Hillsborough County,AUTO,46
274,Hillsborough County,AUTO,12
275,Hillsborough County,AUTO,40
276,Hillsborough County,AUTO,27
278,Hillsborough County,AUTO,8
279,Hillsborough County,AUTO,890
280,Hillsborough County,AUTO,519
281,Hillsborough County,AUTO,27
282,Hillsborough County,AUTO,85
286,Hillsborough County,AUTO,18
288,Hillsborough County,AUTO,143
288,Hillsborough County,TRANSIT,6
288,Hillsborough County,WALK,6
289,Hillsborough County,AUTO,1918
290,Hillsborough County,AUTO,164
290,Hillsborough County,BIKE,18
290,Hillsborough County,WALK,73
291,Hillsborough County,AUTO,653
291,Hillsborough County,SHUTTLE VANPOOL,40
291,Hillsborough County,WALK,146
292,Hillsborough County,AUTO,539
293,Hillsborough County,AUTO,8975
293,Hillsborough County,WALK,2
294,Hillsborough County,AUTO,215
295,Hillsborough County,AUTO,55
295,Hillsborough County,WALK,15
296,Hillsborough County,TRANSIT,89
297,Hillsborough County,AUTO,12
299,Hillsborough County,AUTO,1177
299,Hillsborough County,TRANSIT,25
299,Hillsborough County,WALK,104
300,Hillsborough County,AUTO,7594
300,Hillsborough County,BIKE,5
300,Hillsborough County,WALK,169
301,Hillsborough County,AUTO,1038
301,Hillsborough County,WALK,2392
302,Hillsborough County,AUTO,7414
302,Hillsborough County,SHUTTLE VANPOOL,35
302,Hillsborough County,WALK,1712
303,Hillsborough County,AUTO,15
305,Hillsborough County,AUTO,27
306,Hillsborough County,AUTO,210
307,Hillsborough County,AUTO,690
307,Hillsborough County,SHUTTLE VANPOOL,72
308,Hillsborough County,AUTO,1055
308,Hillsborough County,BIKE,5
308,Hillsborough County,SHUTTLE VANPOOL,23
308,Hillsborough County,WALK,126
309,Hillsborough County,AUTO,724
309,Hillsborough County,TNC,56
309,Hillsborough County,WALK,89
310,Hillsborough County,AUTO,2097
310,Hillsborough County,WALK,89
311,Hillsborough County,AUTO,1419
311,Hillsborough County,BIKE,18
311,Hillsborough County,WALK,480
312,Hillsborough County,AUTO,314
312,Hillsborough County,WALK,27
313,Hillsborough County,AUTO,13486
313,Hillsborough County,BIKE,569
313,Hillsborough County,BIKE SHARE,44
313,Hillsborough County,OTHER,150
313,Hillsborough County,SHUTTLE VANPOOL,87
313,Hillsborough County,WALK,4991
314,Hillsborough County,AUTO,13943
314,Hillsborough County,BIKE,432
314,Hillsborough County,BIKE SHARE,9
314,Hillsborough County,SHUTTLE VANPOOL,258
314,Hillsborough County,WALK,1779
315,Hillsborough County,AUTO,1361
315,Hillsborough County,BIKE,432
315,Hillsborough County,SHUTTLE VANPOOL,18
315,Hillsborough County,WALK,385
316,Hillsborough County,WALK,89
317,Hillsborough County,AUTO,1915
317,Hillsborough County,WALK,2351
318,Hillsborough County,AUTO,1384
318,Hillsborough County,BIKE,863
318,Hillsborough County,WALK,89
319,Hillsborough County,AUTO,5088
319,Hillsborough County,WALK,2439
320,Hillsborough County,AUTO,91
321,Hillsborough County,AUTO,8
322,Hillsborough County,AUTO,54
323,Hillsborough County,AUTO,179
323,Hillsborough County,OTHER,98
325,Hillsborough County,AUTO,213
326,Hillsborough County,AUTO,1213
327,Hillsborough County,AUTO,6
328,Hillsborough County,AUTO,1414
329,Hillsborough County,AUTO,37
329,Hillsborough County,OTHER,6
329,Hillsborough County,TRANSIT,35
330,Hillsborough County,AUTO,71
332,Hillsborough County,AUTO,23
332,Hillsborough County,WALK,45
333,Hillsborough County,AUTO,30
333,Hillsborough County,WALK,27
334,Hillsborough County,WALK,23
335,Hillsborough County,AUTO,674
339,Hillsborough County,AUTO,137
343,Hillsborough County,AUTO,23
347,Hillsborough County,AUTO,23
347,Hillsborough County,BIKE,23
348,Hillsborough County,AUTO,23
349,Hillsborough County,AUTO,158
350,Hillsborough County,AUTO,388
351,Hillsborough County,AUTO,82
351,Hillsborough County,WALK,635
352,Hillsborough County,AUTO,18
352,Hillsborough County,WALK,635
353,Hillsborough County,AUTO,490
354,Hillsborough County,AUTO,277
355,Hillsborough County,AUTO,124
360,Hillsborough County,AUTO,91
361,Hillsborough County,AUTO,158
361,Hillsborough County,TNC,40
362,Hillsborough County,AUTO,6
364,Hillsborough County,AUTO,17
364,Hillsborough County,WALK,79
366,Hillsborough County,AUTO,2406
367,Hillsborough County,AUTO,32
369,Hillsborough County,AUTO,6
384,Hillsborough County,AUTO,34
386,Hillsborough County,AUTO,37
387,Hillsborough County,AUTO,6
393,Hillsborough County,AUTO,325
398,Hillsborough County,AUTO,115
402,Hillsborough County,AUTO,463
403,Hillsborough County,AUTO,6
409,Hillsborough County,AUTO,43
418,Hillsborough County,AUTO,445
420,Hillsborough County,AUTO,6
422,Hillsborough County,AUTO,180
424,Hillsborough County,AUTO,158
425,Hillsborough County,AUTO,2400
427,Hillsborough County,AUTO,248
430,Hillsborough County,AUTO,25
431,Hillsborough County,AUTO,135
432,Hillsborough County,AUTO,99
433,Hillsborough County,AUTO,23
434,Hillsborough County,AUTO,175
435,Hillsborough County,AUTO,1354
436,Hillsborough County,AUTO,1041
438,Hillsborough County,AUTO,162
438,Hillsborough County,LONG DIST PASS,116
441,Hillsborough County,AUTO,4136
441,Hillsborough County,SHUTTLE VANPOOL,9
442,Hillsborough County,AUTO,2276
443,Hillsborough County,AUTO,5089
443,Hillsborough County,BIKE,75
443,Hillsborough County,TRANSIT,18
443,Hillsborough County,WALK,1128
445,Hillsborough County,AUTO,6
446,Hillsborough County,AUTO,140
447,Hillsborough County,AUTO,4481
448,Hillsborough County,AUTO,262
448,Hillsborough County,TRANSIT,12
451,Hillsborough County,AUTO,18
452,Hillsborough County,AUTO,7
452,Hillsborough County,WALK,6
454,Hillsborough County,AUTO,181
456,Hillsborough County,AUTO,2194
456,Hillsborough County,TRANSIT,175
457,Hillsborough County,AUTO,28
458,Hillsborough County,AUTO,268
458,Hillsborough County,SHUTTLE VANPOOL,64
459,Hillsborough County,AUTO,322
460,Hillsborough County,AUTO,407
461,Hillsborough County,AUTO,648
461,Hillsborough County,TNC,9
462,Hillsborough County,AUTO,45
464,Hillsborough County,AUTO,160
466,Hillsborough County,AUTO,214
474,Hillsborough County,AUTO,88
476,Hillsborough County,AUTO,202
477,Hillsborough County,AUTO,72
481,Hillsborough County,AUTO,6
483,Hillsborough County,AUTO,18
484,Hillsborough County,AUTO,24
485,Hillsborough County,AUTO,115
485,Hillsborough County,WALK,18
487,Hillsborough County,AUTO,2968
488,Hillsborough County,AUTO,35
493,Hillsborough County,AUTO,103
494,Hillsborough County,AUTO,6
495,Hillsborough County,AUTO,39
496,Hillsborough County,AUTO,3686
497,Hillsborough County,AUTO,6
498,Hillsborough County,AUTO,6
500,Hillsborough County,AUTO,18
503,Hillsborough County,AUTO,1012
503,Hillsborough County,BIKE,101
504,Hillsborough County,AUTO,3027
504,Hillsborough County,WALK,298
505,Hillsborough County,AUTO,9
506,Hillsborough County,AUTO,9
507,Hillsborough County,AUTO,27
507,Hillsborough County,WALK,5
508,Hillsborough County,AUTO,3
509,Hillsborough County,AUTO,62
510,Hillsborough County,AUTO,230
512,Hillsborough County,AUTO,602
513,Hillsborough County,AUTO,602
515,Hillsborough County,AUTO,37
516,Hillsborough County,AUTO,2531
517,Hillsborough County,AUTO,8150
517,Hillsborough County,OTHER,119
518,Hillsborough County,AUTO,46
519,Hillsborough County,AUTO,50
519,Hillsborough County,WALK,9
521,Hillsborough County,AUTO,110
522,Hillsborough County,AUTO,321
523,Hillsborough County,AUTO,227
524,Hillsborough County,AUTO,174
525,Hillsborough County,AUTO,35
526,Hillsborough County,AUTO,2154
527,Hillsborough County,AUTO,18
528,Hillsborough County,AUTO,58
529,Hillsborough County,AUTO,117
530,Hillsborough County,AUTO,64
531,Hillsborough County,AUTO,101
532,Hillsborough County,AUTO,32
533,Hillsborough County,AUTO,117
534,Hillsborough County,AUTO,764
534,Hillsborough County,SHUTTLE VANPOOL,64
534,Hillsborough County,WALK,128
535,Hillsborough County,AUTO,2563
540,Hillsborough County,AUTO,80
541,Hillsborough County,AUTO,148
542,Hillsborough County,AUTO,23
542,Hillsborough County,WALK,46
543,Hillsborough County,TRANSIT,6
545,Hillsborough County,AUTO,27
547,Hillsborough County,AUTO,179
547,Hillsborough County,TRANSIT,6
548,Hillsborough County,AUTO,80
548,Hillsborough County,WALK,47
551,Hillsborough County,AUTO,99
553,Hillsborough County,AUTO,6
557,Hillsborough County,AUTO,32
558,Hillsborough County,AUTO,3604
561,Hillsborough County,AUTO,9
562,Hillsborough County,AUTO,519
563,Hillsborough County,AUTO,54
564,Hillsborough County,AUTO,170
567,Hillsborough County,AUTO,39
567,Hillsborough County,TRANSIT,106
567,Hillsborough County,WALK,277
568,Hillsborough County,AUTO,119
568,Hillsborough County,WALK,153
569,Hillsborough County,AUTO,46
571,Hillsborough County,AUTO,2977
571,Hillsborough County,TRANSIT,103
571,Hillsborough County,WALK,186
572,Hillsborough County,AUTO,124
572,Hillsborough County,TRANSIT,9
572,Hillsborough County,WALK,18
574,Hillsborough County,BIKE,23
574,Hillsborough County,WALK,72
576,Hillsborough County,AUTO,23
577,Hillsborough County,AUTO,248
577,Hillsborough County,BIKE,103
578,Hillsborough County,AUTO,27
579,Hillsborough County,AUTO,27
580,Hillsborough County,CAR SHARE,116
583,Hillsborough County,WALK,3
585,Hillsborough County,TRANSIT,47
585,Hillsborough County,WALK,48
586,Hillsborough County,AUTO,139
588,Hillsborough County,AUTO,37
589,Hillsborough County,AUTO,79
589,Hillsborough County,WALK,6
590,Hillsborough County,AUTO,1192
590,Hillsborough County,TRANSIT,18
590,Hillsborough County,WALK,12
591,Hillsborough County,AUTO,49
591,Hillsborough County,TRANSIT,18
592,Hillsborough County,AUTO,211
593,Hillsborough County,AUTO,6
594,Hillsborough County,AUTO,306
594,Hillsborough County,TRANSIT,69
598,Hillsborough County,AUTO,1204
598,Hillsborough County,BIKE,158
598,Hillsborough County,SHUTTLE VANPOOL,41
598,Hillsborough County,WALK,565
599,Hillsborough County,AUTO,18
600,Hillsborough County,AUTO,3636
600,Hillsborough County,BIKE,368
600,Hillsborough County,TRANSIT,3
600,Hillsborough County,WALK,421
601,Hillsborough County,AUTO,69
601,Hillsborough County,WALK,6
602,Hillsborough County,AUTO,6
603,Hillsborough County,AUTO,787
603,Hillsborough County,WALK,842
604,Hillsborough County,AUTO,18
604,Hillsborough County,WALK,553
606,Hillsborough County,AUTO,6
607,Hillsborough County,AUTO,174
609,Hillsborough County,AUTO,979
611,Hillsborough County,WALK,116
612,Hillsborough County,AUTO,168
613,Hillsborough County,AUTO,151
613,Hillsborough County,WALK,18
615,Hillsborough County,AUTO,139
617,Hillsborough County,AUTO,37
618,Hillsborough County,AUTO,749
618,Hillsborough County,WALK,18
619,Hillsborough County,AUTO,137
619,Hillsborough County,WALK,18
620,Hillsborough County,AUTO,55
621,Hillsborough County,AUTO,25
621,Hillsborough County,WALK,6
622,Hillsborough County,TRANSIT,119
623,Hillsborough County,AUTO,3346
623,Hillsborough County,TRANSIT,150
624,Hillsborough County,AUTO,71
624,Hillsborough County,TRANSIT,6
624,Hillsborough County,WALK,19
626,Hillsborough County,WALK,6
628,Hillsborough County,AUTO,6
628,Hillsborough County,WALK,25
629,Hillsborough County,AUTO,239
631,Hillsborough County,AUTO,82
631,Hillsborough County,TRANSIT,18
631,Hillsborough County,WALK,55
634,Hillsborough County,AUTO,751
634,Hillsborough County,WALK,23
635,Hillsborough County,AUTO,7335
635,Hillsborough County,WALK,23
636,Hillsborough County,AUTO,122
637,Hillsborough County,AUTO,150
638,Hillsborough County,AUTO,69
639,Hillsborough County,AUTO,99
639,Hillsborough County,CAR SHARE,116
641,Hillsborough County,TRANSIT,53
644,Hillsborough County,AUTO,205
644,Hillsborough County,WALK,23
645,Hillsborough County,WALK,6
646,Hillsborough County,AUTO,1273
646,Hillsborough County,WALK,3
647,Hillsborough County,AUTO,150
649,Hillsborough County,AUTO,574
650,Hillsborough County,AUTO,140
650,Hillsborough County,WALK,23
651,Hillsborough County,AUTO,181
652,Hillsborough County,AUTO,8
656,Hillsborough County,AUTO,40
658,Hillsborough County,AUTO,167
659,Hillsborough County,AUTO,272
660,Hillsborough County,AUTO,27
663,Hillsborough County,AUTO,973
664,Hillsborough County,AUTO,35
665,Hillsborough County,AUTO,767
666,Hillsborough County,TNC,56
668,Hillsborough County,AUTO,1882
669,Hillsborough County,AUTO,35
675,Hillsborough County,AUTO,2919
676,Hillsborough County,AUTO,7955
676,Hillsborough County,BIKE,32
676,Hillsborough County,WALK,74
677,Hillsborough County,AUTO,45
678,Hillsborough County,AUTO,1
679,Hillsborough County,AUTO,127
682,Hillsborough County,AUTO,37
684,Hillsborough County,AUTO,425
690,Hillsborough County,AUTO,227
691,Hillsborough County,AUTO,40
692,Hillsborough County,AUTO,50
693,Hillsborough County,AUTO,203
694,Hillsborough County,AUTO,12
695,Hillsborough County,AUTO,87
697,Hillsborough County,AUTO,65
699,Hillsborough County,AUTO,337
703,Hillsborough County,AUTO,31
705,Hillsborough County,AUTO,4076
707,Hillsborough County,AUTO,61
708,Hillsborough County,AUTO,111
708,Hillsborough County,WALK,3
711,Hillsborough County,AUTO,40
712,Hillsborough County,AUTO,2484
713,Hillsborough County,AUTO,6
714,Hillsborough County,AUTO,58
715,Hillsborough County,AUTO,2345
716,Hillsborough County,AUTO,30
719,Hillsborough County,AUTO,263
719,Hillsborough County,WALK,160
720,Hillsborough County,AUTO,98
722,Hillsborough County,AUTO,274
723,Hillsborough County,AUTO,2327
723,Hillsborough County,WALK,200
724,Hillsborough County,AUTO,32
725,Hillsborough County,AUTO,128
726,Hillsborough County,AUTO,40
728,Hillsborough County,AUTO,30
732,Hillsborough County,AUTO,256
733,Hillsborough County,AUTO,713
734,Hillsborough County,AUTO,113
734,Hillsborough County,WALK,473
735,Hillsborough County,AUTO,6
735,Hillsborough County,WALK,43
736,Hillsborough County,AUTO,4029
737,Hillsborough County,AUTO,2937
737,Hillsborough County,WALK,194
738,Hillsborough County,AUTO,58
741,Hillsborough County,AUTO,1107
741,Hillsborough County,TRANSIT,3
744,Hillsborough County,AUTO,7286
745,Hillsborough County,AUTO,368
749,Hillsborough County,AUTO,7
752,Hillsborough County,AUTO,304
754,Hillsborough County,AUTO,473
760,Hillsborough County,AUTO,157
761,Hillsborough County,AUTO,413
761,Hillsborough County,WALK,53
763,Hillsborough County,AUTO,45
763,Hillsborough County,WALK,37
764,Hillsborough County,AUTO,27
766,Hillsborough County,AUTO,57
767,Hillsborough County,AUTO,1
768,Hillsborough County,AUTO,11
769,Hillsborough County,AUTO,216
770,Hillsborough County,AUTO,3701
771,Hillsborough County,AUTO,3564
772,Hillsborough County,AUTO,289
772,Hillsborough County,TRANSIT,57
773,Hillsborough County,AUTO,23
774,Hillsborough County,AUTO,23
775,Hillsborough County,AUTO,2327
780,Hillsborough County,AUTO,18
781,Hillsborough County,AUTO,218
785,Hillsborough County,AUTO,119
786,Hillsborough County,AUTO,279
793,Hillsborough County,AUTO,18
795,Hillsborough County,AUTO,18
796,Hillsborough County,AUTO,1
797,Hillsborough County,AUTO,111
798,Hillsborough County,AUTO,6
799,Hillsborough County,AUTO,387
800,Hillsborough County,AUTO,287
801,Hillsborough County,AUTO,38
802,Hillsborough County,AUTO,172
805,Hillsborough County,AUTO,86
807,Hillsborough County,AUTO,207
808,Hillsborough County,AUTO,213
809,Hillsborough County,AUTO,2553
810,Hillsborough County,AUTO,1047
811,Hillsborough County,AUTO,1260
812,Hillsborough County,AUTO,554
814,Hillsborough County,AUTO,37
815,Hillsborough County,AUTO,99
817,Hillsborough County,AUTO,2573
817,Hillsborough County,WALK,197
818,Hillsborough County,AUTO,3949
819,Hillsborough County,AUTO,29
820,Hillsborough County,AUTO,37
822,Hillsborough County,AUTO,160
823,Hillsborough County,AUTO,118
824,Hillsborough County,AUTO,14
826,Hillsborough County,AUTO,52
828,Hillsborough County,AUTO,124
830,Hillsborough County,AUTO,40
832,Hillsborough County,AUTO,1
833,Hillsborough County,AUTO,96
835,Hillsborough County,AUTO,132
836,Hillsborough County,AUTO,92
840,Hillsborough County,AUTO,486
845,Hillsborough County,AUTO,85
846,Hillsborough County,AUTO,170
848,Hillsborough County,AUTO,45
848,Hillsborough County,WALK,78
855,Hillsborough County,AUTO,1154
855,Hillsborough County,WALK,53
856,Hillsborough County,AUTO,730
858,Hillsborough County,AUTO,440
861,Hillsborough County,AUTO,85
868,Hillsborough County,AUTO,807
871,Hillsborough County,AUTO,3248
876,Hillsborough County,AUTO,42
1006,Pinellas County,AUTO,49
1009,Pinellas County,AUTO,3652
1019,Pinellas County,AUTO,1412
1025,Pinellas County,AUTO,32
1025,Pinellas County,WALK,61
1033,Pinellas County,AUTO,248
1039,Pinellas County,AUTO,540
1039,Pinellas County,WALK,634
1041,Pinellas County,AUTO,83
1043,Pinellas County,AUTO,83
1051,Pinellas County,AUTO,960
1052,Pinellas County,AUTO,197
1058,Pinellas County,AUTO,47
1063,Pinellas County,AUTO,59
1064,Pinellas County,AUTO,68
1070,Pinellas County,AUTO,1933
1075,Pinellas County,AUTO,47
1079,Pinellas County,AUTO,68
1085,Pinellas County,AUTO,828
1088,Pinellas County,AUTO,5852
1089,Pinellas County,AUTO,2397
1091,Pinellas County,AUTO,150
1092,Pinellas County,AUTO,166
1093,Pinellas County,AUTO,68
1097,Pinellas County,AUTO,155
1099,Pinellas County,AUTO,1090
1105,Pinellas County,AUTO,1806
1107,Pinellas County,AUTO,3571
1108,Pinellas County,BIKE,51
1109,Pinellas County,AUTO,32
1114,Pinellas County,AUTO,139
1115,Pinellas County,SCHOOL BUS,204
1117,Pinellas County,AUTO,103
1121,Pinellas County,AUTO,94
1123,Pinellas County,AUTO,2235
1125,Pinellas County,AUTO,1903
1129,Pinellas County,AUTO,1067
1131,Pinellas County,BIKE,26
1131,Pinellas County,TRANSIT,39
1132,Pinellas County,AUTO,145
1132,Pinellas County,WALK,205
1133,Pinellas County,AUTO,13
1135,Pinellas County,AUTO,6
1137,Pinellas County,AUTO,955
1141,Pinellas County,AUTO,3712
1144,Pinellas County,AUTO,2347
1146,Pinellas County,AUTO,203
1147,Pinellas County,AUTO,7224
1148,Pinellas County,AUTO,2
1156,Pinellas County,AUTO,969
1158,Pinellas County,AUTO,1589
1163,Pinellas County,AUTO,102
1168,Pinellas County,TNC,141
1174,Pinellas County,AUTO,58
1175,Pinellas County,SCHOOL BUS,247
1176,Pinellas County,AUTO,456
1182,Pinellas County,AUTO,7453
1184,Pinellas County,TRANSIT,184
1185,Pinellas County,AUTO,955
1188,Pinellas County,AUTO,2
1189,Pinellas County,AUTO,2
1190,Pinellas County,AUTO,865
1191,Pinellas County,AUTO,5264
1192,Pinellas County,AUTO,6746
1192,Pinellas County,WALK,197
1193,Pinellas County,AUTO,6
1193,Pinellas County,WALK,6
1194,Pinellas County,AUTO,613
1211,Pinellas County,AUTO,432
1211,Pinellas County,TRANSIT,39
1212,Pinellas County,AUTO,634
1215,Pinellas County,AUTO,142
1217,Pinellas County,AUTO,234
1217,Pinellas County,TRANSIT,152
1224,Pinellas County,AUTO,299
1225,Pinellas County,AUTO,634
1227,Pinellas County,AUTO,634
1228,Pinellas County,AUTO,3507
1229,Pinellas County,AUTO,646
1272,Pinellas County,AUTO,79
1274,Pinellas County,AUTO,155
1275,Pinellas County,AUTO,506
1288,Pinellas County,AUTO,74
1289,Pinellas County,AUTO,532
1293,Pinellas County,AUTO,595
1297,Pinellas County,AUTO,99
1300,Pinellas County,TRANSIT,152
1302,Pinellas County,BIKE,1938
1303,Pinellas County,TRANSIT,152
1303,Pinellas County,WALK,152
1304,Pinellas County,TRANSIT,98
1307,Pinellas County,AUTO,98
1307,Pinellas County,WALK,98
1308,Pinellas County,AUTO,506
1309,Pinellas County,AUTO,4621
1311,Pinellas County,AUTO,7154
1314,Pinellas County,BIKE,1938
1315,Pinellas County,AUTO,118
1315,Pinellas County,TNC,100
1316,Pinellas County,AUTO,79
1319,Pinellas County,AUTO,5517
1326,Pinellas County,AUTO,810
1328,Pinellas County,AUTO,595
1333,Pinellas County,AUTO,8
1335,Pinellas County,AUTO,68
1337,Pinellas County,AUTO,202
1338,Pinellas County,AUTO,248
1342,Pinellas County,AUTO,2330
1344,Pinellas County,AUTO,59
1347,Pinellas County,AUTO,98
1352,Pinellas County,AUTO,634
1356,Pinellas County,AUTO,279
1357,Pinellas County,AUTO,2
1359,Pinellas County,AUTO,119
1366,Pinellas County,AUTO,1061
1366,Pinellas County,TNC,139
1367,Pinellas County,AUTO,156
1370,Pinellas County,AUTO,46
1370,Pinellas County,WALK,40
1372,Pinellas County,AUTO,248
1377,Pinellas County,AUTO,38
1378,Pinellas County,AUTO,101
1384,Pinellas County,TRANSIT,24
1387,Pinellas County,WALK,40
1389,Pinellas County,AUTO,119
1392,Pinellas County,AUTO,3490
1394,Pinellas County,AUTO,1102
1401,Pinellas County,AUTO,152
1402,Pinellas County,AUTO,8
1404,Pinellas County,AUTO,13
1405,Pinellas County,AUTO,4
1412,Pinellas County,AUTO,511
1413,Pinellas County,AUTO,4
1416,Pinellas County,AUTO,990
1420,Pinellas County,AUTO,600
1422,Pinellas County,AUTO,101
1423,Pinellas County,AUTO,9
1427,Pinellas County,AUTO,500
1429,Pinellas County,AUTO,12
1429,Pinellas County,OTHER,12
1431,Pinellas County,AUTO,239
1431,Pinellas County,WALK,40
1434,Pinellas County,AUTO,814
1443,Pinellas County,AUTO,79
1445,Pinellas County,AUTO,205
1449,Pinellas County,AUTO,40
1452,Pinellas County,AUTO,118
1454,Pinellas County,AUTO,3569
1455,Pinellas County,AUTO,5912
1457,Pinellas County,AUTO,4
1460,Pinellas County,AUTO,12
1463,Pinellas County,AUTO,31
1464,Pinellas County,AUTO,16
1467,Pinellas County,AUTO,35
1469,Pinellas County,AUTO,9
1470,Pinellas County,AUTO,886
1472,Pinellas County,AUTO,110
1473,Pinellas County,AUTO,7315
1474,Pinellas County,AUTO,118
1477,Pinellas County,AUTO,9
1478,Pinellas County,AUTO,9
1478,Pinellas County,WALK,99
1481,Pinellas County,AUTO,143
1483,Pinellas County,AUTO,27
1485,Pinellas County,AUTO,759
1486,Pinellas County,AUTO,12
1489,Pinellas County,AUTO,1472
1491,Pinellas County,WALK,99
1493,Pinellas County,AUTO,137
1499,Pinellas County,AUTO,2382
1507,Pinellas County,AUTO,40
1516,Pinellas County,AUTO,1980
1521,Pinellas County,AUTO,18
1522,Pinellas County,AUTO,18
1528,Pinellas County,AUTO,40
1536,Pinellas County,AUTO,98
1538,Pinellas County,AUTO,299
1540,Pinellas County,AUTO,102
1544,Pinellas County,AUTO,844
1545,Pinellas County,AUTO,1016
1546,Pinellas County,AUTO,99
1546,Pinellas County,WALK,323
1547,Pinellas County,AUTO,138
1553,Pinellas County,AUTO,63
1554,Pinellas County,AUTO,40
1555,Pinellas County,AUTO,174
1557,Pinellas County,AUTO,1881
1558,Pinellas County,AUTO,512
1560,Pinellas County,AUTO,3009
1561,Pinellas County,AUTO,238
1562,Pinellas County,TRANSIT,152
1562,Pinellas County,WALK,249
1563,Pinellas County,AUTO,150
1563,Pinellas County,TRANSIT,100
1568,Pinellas County,AUTO,18
1570,Pinellas County,AUTO,237
1581,Pinellas County,AUTO,27
1582,Pinellas County,AUTO,99
1583,Pinellas County,AUTO,139
1592,Pinellas County,AUTO,150
1595,Pinellas County,AUTO,1148
1597,Pinellas County,AUTO,40
1598,Pinellas County,AUTO,304
1599,Pinellas County,AUTO,41
1603,Pinellas County,AUTO,150
1604,Pinellas County,AUTO,40
1609,Pinellas County,AUTO,1
1610,Pinellas County,AUTO,40
1611,Pinellas County,AUTO,40
1615,Pinellas County,AUTO,40
1619,Pinellas County,AUTO,40
1622,Pinellas County,AUTO,537
1628,Pinellas County,AUTO,4
1632,Pinellas County,AUTO,68
1635,Pinellas County,AUTO,40
1636,Pinellas County,AUTO,40
1640,Pinellas County,BIKE,567
1642,Pinellas County,AUTO,26
1645,Pinellas County,AUTO,4224
1645,Pinellas County,TRANSIT,1128
1645,Pinellas County,WALK,1177
1646,Pinellas County,AUTO,102
1647,Pinellas County,AUTO,116
1648,Pinellas County,OTHER,40
1652,Pinellas County,TRANSIT,1128
1657,Pinellas County,AUTO,58
1658,Pinellas County,AUTO,631
1665,Pinellas County,WALK,100
1666,Pinellas County,AUTO,119
1667,Pinellas County,AUTO,74
1668,Pinellas County,AUTO,732
1668,Pinellas County,BIKE,13
1668,Pinellas County,WALK,100
1669,Pinellas County,AUTO,139
1670,Pinellas County,AUTO,1121
1673,Pinellas County,AUTO,4
1673,Pinellas County,BIKE,13
1674,Pinellas County,AUTO,40
1674,Pinellas County,BIKE,4
1677,Pinellas County,AUTO,3649
1677,Pinellas County,TRANSIT,141
1678,Pinellas County,WALK,100
1681,Pinellas County,BIKE,627
1685,Pinellas County,AUTO,116
1687,Pinellas County,AUTO,135
1693,Pinellas County,AUTO,1195
1697,Pinellas County,AUTO,23
1697,Pinellas County,TRANSIT,33
1698,Pinellas County,AUTO,434
1699,Pinellas County,AUTO,219
1699,Pinellas County,BIKE,534
1700,Pinellas County,AUTO,613
1700,Pinellas County,BIKE,534
1700,Pinellas County,WALK,79
1701,Pinellas County,AUTO,300
1702,Pinellas County,WALK,79
1706,Pinellas County,AUTO,1606
1706,Pinellas County,WALK,793
1707,Pinellas County,WALK,793
1709,Pinellas County,BIKE,9
1709,Pinellas County,WALK,100
1715,Pinellas County,AUTO,99
1716,Pinellas County,AUTO,313
1718,Pinellas County,AUTO,1152
1722,Pinellas County,AUTO,3681
1727,Pinellas County,AUTO,2256
1734,Pinellas County,AUTO,2067
1734,Pinellas County,BIKE,522
1734,Pinellas County,WALK,1559
1736,Pinellas County,AUTO,62
1740,Pinellas County,AUTO,99
1741,Pinellas County,WALK,117
1742,Pinellas County,WALK,117
1754,Pinellas County,AUTO,219
1763,Pinellas County,AUTO,439
1764,Pinellas County,WALK,369
1765,Pinellas County,AUTO,1748
1771,Pinellas County,AUTO,47
1774,Pinellas County,BIKE,369
1774,Pinellas County,WALK,369
2002,Pasco County,AUTO,116
2005,Pasco County,AUTO,24
2005,Pasco County,WALK,12
2006,Pasco County,AUTO,6
2008,Pasco County,AUTO,56
2009,Pasco County,AUTO,48
2012,Pasco County,AUTO,6
2014,Pasco County,AUTO,12
2016,Pasco County,AUTO,32
2017,Pasco County,AUTO,6
2021,Pasco County,AUTO,139
2025,Pasco County,AUTO,6
2028,Pasco County,AUTO,115
2029,Pasco County,AUTO,115
2030,Pasco County,AUTO,421
2031,Pasco County,AUTO,100
2032,Pasco County,AUTO,199
2033,Pasco County,AUTO,52
2035,Pasco County,AUTO,878
2037,Pasco County,AUTO,41
2040,Pasco County,AUTO,847
2041,Pasco County,AUTO,237
2042,Pasco County,AUTO,146
2045,Pasco County,AUTO,6
2046,Pasco County,AUTO,3388
2048,Pasco County,AUTO,6
2049,Pasco County,AUTO,853
2050,Pasco County,AUTO,110
2051,Pasco County,AUTO,11
2053,Pasco County,AUTO,847
2059,Pasco County,AUTO,4
2060,Pasco County,AUTO,6
2068,Pasco County,AUTO,398
2070,Pasco County,AUTO,12
2076,Pasco County,AUTO,123
2083,Pasco County,AUTO,845
2084,Pasco County,AUTO,398
2086,Pasco County,AUTO,532
2087,Pasco County,AUTO,227
2089,Pasco County,AUTO,1511
2095,Pasco County,AUTO,204
2098,Pasco County,AUTO,98
2101,Pasco County,AUTO,215
2103,Pasco County,AUTO,155
2105,Pasco County,AUTO,102
2106,Pasco County,AUTO,6
2108,Pasco County,WALK,121
2112,Pasco County,AUTO,105
2121,Pasco County,AUTO,3462
2123,Pasco County,AUTO,9
2131,Pasco County,AUTO,219
2133,Pasco County,AUTO,18
2136,Pasco County,AUTO,89
2140,Pasco County,AUTO,6
2145,Pasco County,AUTO,3436
2148,Pasco County,AUTO,977
2149,Pasco County,AUTO,275
2149,Pasco County,WALK,27
2150,Pasco County,AUTO,155
2152,Pasco County,AUTO,57
2158,Pasco County,AUTO,27
2166,Pasco County,AUTO,117
2181,Pasco County,AUTO,6
2185,Pasco County,AUTO,27
2187,Pasco County,AUTO,6
2188,Pasco County,AUTO,2690
2190,Pasco County,AUTO,3673
2190,Pasco County,OTHER,585
2190,Pasco County,WALK,23
2191,Pasco County,AUTO,200
2206,Pasco County,AUTO,300
2211,Pasco County,AUTO,2753
2212,Pasco County,AUTO,105
2213,Pasco County,AUTO,155
2216,Pasco County,AUTO,3060
2219,Pasco County,AUTO,809
2229,Pasco County,AUTO,420
2230,Pasco County,AUTO,282
2232,Pasco County,AUTO,4
2235,Pasco County,AUTO,89
2240,Pasco County,AUTO,235
2241,Pasco County,AUTO,200
2242,Pasco County,AUTO,429
2244,Pasco County,AUTO,37
2246,Pasco County,AUTO,103
2248,Pasco County,AUTO,218
2249,Pasco County,AUTO,148
2256,Pasco County,AUTO,218
2270,Pasco County,AUTO,23
2271,Pasco County,AUTO,627
2272,Pasco County,AUTO,410
2273,Pasco County,AUTO,1245
2278,Pasco County,AUTO,24
2280,Pasco County,AUTO,2911
2281,Pasco County,AUTO,627
2287,Pasco County,AUTO,159
2288,Pasco County,AUTO,104
2288,Pasco County,WALK,104
2289,Pasco County,WALK,104
2297,Pasco County,AUTO,4842
2301,Pasco County,AUTO,50
2302,Pasco County,AUTO,43
2303,Pasco County,AUTO,85
2304,Pasco County,AUTO,58
2305,Pasco County,AUTO,498
2305,Pasco County,WALK,197
2306,Pasco County,AUTO,1230
2309,Pasco County,AUTO,6
2309,Pasco County,WALK,104
2313,Pasco County,AUTO,1025
2317,Pasco County,AUTO,99
2318,Pasco County,AUTO,162
2322,Pasco County,AUTO,6
2323,Pasco County,AUTO,28
2324,Pasco County,AUTO,3872
2324,Pasco County,WALK,104
2325,Pasco County,AUTO,6
2326,Pasco County,AUTO,1
2327,Pasco County,AUTO,6
2331,Pasco County,AUTO,4659
2339,Pasco County,AUTO,23
2340,Pasco County,AUTO,6
2341,Pasco County,AUTO,55
2342,Pasco County,AUTO,433
2343,Pasco County,AUTO,726
2344,Pasco County,WALK,6
2347,Pasco County,AUTO,32
2349,Pasco County,AUTO,3
2350,Pasco County,AUTO,98
2365,Pasco County,AUTO,557
2372,Pasco County,AUTO,1909
2373,Pasco County,AUTO,1112
2378,Pasco County,AUTO,534
2381,Pasco County,AUTO,258
2381,Pasco County,WALK,202
2390,Pasco County,AUTO,1661
2400,Pasco County,AUTO,1115
2422,Pasco County,AUTO,2340
2429,Pasco County,AUTO,663
2433,Pasco County,AUTO,150
2436,Pasco County,AUTO,515
2442,Pasco County,AUTO,498
2448,Pasco County,AUTO,137
2449,Pasco County,AUTO,137
2450,Pasco County,AUTO,687
2457,Pasco County,AUTO,23
2471,Pasco County,AUTO,474
2502,Hernando County,AUTO,252
2502,Hernando County,WALK,505
2504,Hernando County,AUTO,9
2507,Hernando County,AUTO,18
2509,Hernando County,AUTO,566
2512,Hernando County,AUTO,122
2513,Hernando County,AUTO,1462
2517,Hernando County,AUTO,1718
2535,Hernando County,AUTO,792
2552,Hernando County,AUTO,3605
2566,Hernando County,AUTO,171
2570,Hernando County,AUTO,3920
2571,Hernando County,AUTO,2135
2588,Hernando County,AUTO,19
2600,Hernando County,AUTO,116
2603,Hernando County,AUTO,40
2605,Hernando County,AUTO,9
2606,Hernando County,AUTO,143
2611,Hernando County,AUTO,1718
2617,Hernando County,AUTO,9
2619,Hernando County,AUTO,252
2620,Hernando County,AUTO,2924
2622,Hernando County,AUTO,40
2623,Hernando County,AUTO,26
2631,Hernando County,AUTO,166
2633,Hernando County,AUTO,37
2634,Hernando County,AUTO,1782
2635,Hernando County,AUTO,46
2637,Hernando County,AUTO,104
2638,Hernando County,AUTO,98
2642,Hernando County,AUTO,18
2643,Hernando County,AUTO,6
2644,Hernando County,AUTO,43
2651,Hernando County,AUTO,37
2653,Hernando County,AUTO,79
2656,Hernando County,AUTO,12
2657,Hernando County,AUTO,1873
2658,Hernando County,AUTO,12
2664,Hernando County,AUTO,6
2665,Hernando County,AUTO,158
2667,Hernando County,AUTO,393
2669,Hernando County,AUTO,79
2670,Hernando County,AUTO,436
2676,Hernando County,AUTO,2887
2677,Hernando County,AUTO,6
2680,Hernando County,AUTO,532
2683,Hernando County,AUTO,159
2684,Hernando County,AUTO,752
2685,Hernando County,AUTO,560
2689,Hernando County,AUTO,40
2694,Hernando County,AUTO,40
2699,Hernando County,AUTO,79
2703,Hernando County,AUTO,18
2714,Hernando County,AUTO,150
2719,Hernando County,AUTO,18
2828,Citrus County,AUTO,101
2840,Citrus County,AUTO,199
2872,Citrus County,AUTO,3236
2873,Citrus County,AUTO,5
2879,Citrus County,AUTO,140
2885,Citrus County,AUTO,151
2897,Citrus County,AUTO,3234
2918,Citrus County,AUTO,4576
2920,Citrus County,AUTO,3
,External,AUTO,23540
,External,LONG DIST PASS,299
,External,WALK,118
