STATION,MODE,LAT,LONG,TIMEOFDAY,BOARDINGS,ALIGHTINGS
King Historical District,RAIL,33.75548968,-84.37435941,DAILY,11,5.99
Edgewood/Hilliard Streetc,RAIL,33.75438041,-84.37658011,DAILY,12,37
Sandy Springs,RAIL,33.93218729,-84.35208977,DAILY,3276.14,3779.57
North Springs,RAIL,33.94511896,-84.35726606,DAILY,8710.71,8401.9
Georgia State,RAIL,33.75008031,-84.38582967,DAILY,7909,7689.9
Inman Park/Reynoldstown,RAIL,33.75769205,-84.35251524,DAILY,3017.88,2993.6
Edgewood/Candler Park,RAIL,33.76193601,-84.33963921,DAILY,1842.12,1796.48
East Lake,RAIL,33.76519723,-84.31276946,DAILY,1762.51,1821.38
Decatur,RAIL,33.77468883,-84.29574279,DAILY,4172.62,4318.15
Avondale,RAIL,33.77514262,-84.28227057,DAILY,4366.5,4336.54
Kensington,RAIL,33.77265675,-84.25189439,DAILY,7683.14,7949.68
Indian Creek,RAIL,33.76982934,-84.22965543,DAILY,8150.21,7469.91
Dome/GWCC/Philips Arena/C,RAIL,33.75610139,-84.39712121,DAILY,2798.22,2893.28
Vine City,RAIL,33.75655043,-84.40401403,DAILY,1708.6,1569.97
Ashby,RAIL,33.75644578,-84.41724351,DAILY,2630.32,2723.6
West Lake,RAIL,33.75329302,-84.44534298,DAILY,1450.72,1437.45
Hamilton E Holmes,RAIL,33.75447364,-84.47012807,DAILY,7875.71,7685.53
Bankhead,RAIL,33.77218678,-84.42893117,DAILY,1835.6,1790.48
Peachtree Center,RAIL,33.75967751,-84.38756755,DAILY,11689.34,11776.74
Civic Center,RAIL,33.76648821,-84.38749686,DAILY,6357.56,5942.44
Midtown,RAIL,33.78111994,-84.38633917,DAILY,10645.94,11299.04
Arts Center,RAIL,33.78918261,-84.38732614,DAILY,13124.92,13416.16
Lindbergh Center,RAIL,33.8224931,-84.36959926,DAILY,18573.82,17827.96
Lenox,RAIL,33.84538918,-84.35809299,DAILY,4440.99,4276.32
Brookhaven/Oglethorpe Uni,RAIL,33.85995051,-84.33936845,DAILY,2695.59,2657.36
Chamblee,RAIL,33.88746349,-84.30635678,DAILY,3556.01,3577.4
Buckhead,RAIL,33.84806247,-84.36785871,DAILY,5114.36,6396.7
Medical Center,RAIL,33.91076675,-84.35150426,DAILY,3651.97,4198.93
Dunwoody,RAIL,33.92129246,-84.34435935,DAILY,5484.54,6040.35
Garnett,RAIL,33.74883024,-84.39563408,DAILY,3383.72,3375.76
West End,RAIL,33.73581105,-84.41366372,DAILY,7267.04,7993.54
Oakland City,RAIL,33.71704952,-84.42512465,DAILY,4976.26,4874.5
Lakewood/Fort McPherson,RAIL,33.70031817,-84.42886315,DAILY,2854.6,2764.62
East Point,RAIL,33.67685698,-84.44074954,DAILY,6475.1,7244.08
College Park,RAIL,33.65153306,-84.44877472,DAILY,12275.54,11771
Auburn/Piedmont Streetcar,RAIL,33.7555401,-84.38222988,DAILY,19,21
Peachtree Center Streetca,RAIL,33.75788041,-84.38759022,DAILY,25,28
Carnegie/Spring Streetcar,RAIL,33.75925987,-84.38944947,DAILY,23,6
Woodruff Park Streetcar,RAIL,33.75630023,-84.38845983,DAILY,3,5
Luckie/Cone Streetcar,RAIL,33.75788993,-84.39008967,DAILY,9,16
Centennial Olympic Park S,RAIL,33.75923989,-84.3920903,DAILY,37,37
Sweet Auburn Market Stree,RAIL,33.75440038,-84.3802706,DAILY,23,20
King Memorial,RAIL,33.75000421,-84.37543042,DAILY,1685.75,1917.38
Airport,RAIL,33.64068199,-84.44620592,DAILY,11788.23,8623.74
North Avenue,RAIL,33.77256732,-84.38699937,DAILY,9129.68,8915.67
Doraville,RAIL,33.90298663,-84.28025261,DAILY,6836.57,7178.59
Five Points (Gold/Red),RAIL,33.75386763,-84.39159681,DAILY,45223.45,45199.68
Five Points (Blue/Green),RAIL,33.75387048,-84.3915608,DAILY,36054.29,36549.87
Hurt Park Streetcar,RAIL,33.75447459,-84.3852735,DAILY,46,33
Park Place Streetcar,RAIL,33.75506728,-84.38820242,DAILY,32,23
Dobbs Plaza Streetcar,RAIL,33.75552012,-84.37887016,DAILY,7,3
King Historical District,RAIL,33.75548968,-84.37435941,EA,0,0
Edgewood/Hilliard Streetc,RAIL,33.75438041,-84.37658011,EA,0,0
Sandy Springs,RAIL,33.93218729,-84.35208977,EA,47,142
North Springs,RAIL,33.94511896,-84.35726606,EA,159,110
Georgia State,RAIL,33.75008031,-84.38582967,EA,13,169
Inman Park/Reynoldstown,RAIL,33.75769205,-84.35251524,EA,159,25
Edgewood/Candler Park,RAIL,33.76193601,-84.33963921,EA,113,25
East Lake,RAIL,33.76519723,-84.31276946,EA,48,4
Decatur,RAIL,33.77468883,-84.29574279,EA,30,76
Avondale,RAIL,33.77514262,-84.28227057,EA,105,59
Kensington,RAIL,33.77265675,-84.25189439,EA,269,35
Indian Creek,RAIL,33.76982934,-84.22965543,EA,191,11
Dome/GWCC/Philips Arena/C,RAIL,33.75610139,-84.39712121,EA,8,81
Vine City,RAIL,33.75655043,-84.40401403,EA,50,37
Ashby,RAIL,33.75644578,-84.41724351,EA,112,23
West Lake,RAIL,33.75329302,-84.44534298,EA,52,11
Hamilton E Holmes,RAIL,33.75447364,-84.47012807,EA,203,51
Bankhead,RAIL,33.77218678,-84.42893117,EA,39,21
Peachtree Center,RAIL,33.75967751,-84.38756755,EA,44,599
Civic Center,RAIL,33.76648821,-84.38749686,EA,94,226
Midtown,RAIL,33.78111994,-84.38633917,EA,190,347
Arts Center,RAIL,33.78918261,-84.38732614,EA,129,556
Lindbergh Center,RAIL,33.8224931,-84.36959926,EA,1654,269
Lenox,RAIL,33.84538918,-84.35809299,EA,14,187
Brookhaven/Oglethorpe Uni,RAIL,33.85995051,-84.33936845,EA,66,26
Chamblee,RAIL,33.88746349,-84.30635678,EA,61,74
Buckhead,RAIL,33.84806247,-84.36785871,EA,29,226
Medical Center,RAIL,33.91076675,-84.35150426,EA,13,270
Dunwoody,RAIL,33.92129246,-84.34435935,EA,111,222
Garnett,RAIL,33.74883024,-84.39563408,EA,83,182
West End,RAIL,33.73581105,-84.41366372,EA,807,30
Oakland City,RAIL,33.71704952,-84.42512465,EA,329,31
Lakewood/Fort McPherson,RAIL,33.70031817,-84.42886315,EA,180,18
East Point,RAIL,33.67685698,-84.44074954,EA,439,97
College Park,RAIL,33.65153306,-84.44877472,EA,859,89
Auburn/Piedmont Streetcar,RAIL,33.7555401,-84.38222988,EA,0,0
Peachtree Center Streetca,RAIL,33.75788041,-84.38759022,EA,0,0
Carnegie/Spring Streetcar,RAIL,33.75925987,-84.38944947,EA,0,0
Woodruff Park Streetcar,RAIL,33.75630023,-84.38845983,EA,0,0
Luckie/Cone Streetcar,RAIL,33.75788993,-84.39008967,EA,0,0
Centennial Olympic Park S,RAIL,33.75923989,-84.3920903,EA,0,0
Sweet Auburn Market Stree,RAIL,33.75440038,-84.3802706,EA,0,0
King Memorial,RAIL,33.75000421,-84.37543042,EA,62,29
Airport,RAIL,33.64068199,-84.44620592,EA,62,851
North Avenue,RAIL,33.77256732,-84.38699937,EA,206,465
Doraville,RAIL,33.90298663,-84.28025261,EA,123,30
Five Points (Gold/Red),RAIL,33.75386763,-84.39159681,EA,804,1456
Five Points (Blue/Green),RAIL,33.75387048,-84.3915608,EA,174,971
Hurt Park Streetcar,RAIL,33.75447459,-84.3852735,EA,0,0
Park Place Streetcar,RAIL,33.75506728,-84.38820242,EA,0,0
Dobbs Plaza Streetcar,RAIL,33.75552012,-84.37887016,EA,0,0
King Historical District,RAIL,33.75548968,-84.37435941,AM,5,1
Edgewood/Hilliard Streetc,RAIL,33.75438041,-84.37658011,AM,5,4
Sandy Springs,RAIL,33.93218729,-84.35208977,AM,778,1417
North Springs,RAIL,33.94511896,-84.35726606,AM,5254,1433
Georgia State,RAIL,33.75008031,-84.38582967,AM,884,4791
Inman Park/Reynoldstown,RAIL,33.75769205,-84.35251524,AM,1208,511
Edgewood/Candler Park,RAIL,33.76193601,-84.33963921,AM,829,326
East Lake,RAIL,33.76519723,-84.31276946,AM,1012,197
Decatur,RAIL,33.77468883,-84.29574279,AM,1002,1816
Avondale,RAIL,33.77514262,-84.28227057,AM,1961,960
Kensington,RAIL,33.77265675,-84.25189439,AM,4376,1069
Indian Creek,RAIL,33.76982934,-84.22965543,AM,5839,378
Dome/GWCC/Philips Arena/C,RAIL,33.75610139,-84.39712121,AM,248,1581
Vine City,RAIL,33.75655043,-84.40401403,AM,421,445
Ashby,RAIL,33.75644578,-84.41724351,AM,829,766
West Lake,RAIL,33.75329302,-84.44534298,AM,658,200
Hamilton E Holmes,RAIL,33.75447364,-84.47012807,AM,4728,926
Bankhead,RAIL,33.77218678,-84.42893117,AM,814,361
Peachtree Center,RAIL,33.75967751,-84.38756755,AM,1187,6119
Civic Center,RAIL,33.76648821,-84.38749686,AM,2228,2129
Midtown,RAIL,33.78111994,-84.38633917,AM,2145,4700
Arts Center,RAIL,33.78918261,-84.38732614,AM,2131,6005
Lindbergh Center,RAIL,33.8224931,-84.36959926,AM,6165,3805
Lenox,RAIL,33.84538918,-84.35809299,AM,712,1756
Brookhaven/Oglethorpe Uni,RAIL,33.85995051,-84.33936845,AM,1374,445
Chamblee,RAIL,33.88746349,-84.30635678,AM,1472,1049
Buckhead,RAIL,33.84806247,-84.36785871,AM,681,3149
Medical Center,RAIL,33.91076675,-84.35150426,AM,467,2069
Dunwoody,RAIL,33.92129246,-84.34435935,AM,1423,2405
Garnett,RAIL,33.74883024,-84.39563408,AM,372,1743
West End,RAIL,33.73581105,-84.41366372,AM,2737,1298
Oakland City,RAIL,33.71704952,-84.42512465,AM,2521,514
Lakewood/Fort McPherson,RAIL,33.70031817,-84.42886315,AM,1535,328
East Point,RAIL,33.67685698,-84.44074954,AM,2907,1170
College Park,RAIL,33.65153306,-84.44877472,AM,7892,984
Auburn/Piedmont Streetcar,RAIL,33.7555401,-84.38222988,AM,6,9
Peachtree Center Streetca,RAIL,33.75788041,-84.38759022,AM,3,7
Carnegie/Spring Streetcar,RAIL,33.75925987,-84.38944947,AM,2,0
Woodruff Park Streetcar,RAIL,33.75630023,-84.38845983,AM,0,3
Luckie/Cone Streetcar,RAIL,33.75788993,-84.39008967,AM,1,2
Centennial Olympic Park S,RAIL,33.75923989,-84.3920903,AM,6,4
Sweet Auburn Market Stree,RAIL,33.75440038,-84.3802706,AM,3,6
King Memorial,RAIL,33.75000421,-84.37543042,AM,657,437
Airport,RAIL,33.64068199,-84.44620592,AM,504,3786
North Avenue,RAIL,33.77256732,-84.38699937,AM,1421,4046
Doraville,RAIL,33.90298663,-84.28025261,AM,4329,656
Five Points (Gold/Red),RAIL,33.75386763,-84.39159681,AM,15562,14791
Five Points (Blue/Green),RAIL,33.75387048,-84.3915608,AM,7306,18008
Hurt Park Streetcar,RAIL,33.75447459,-84.3852735,AM,7,8
Park Place Streetcar,RAIL,33.75506728,-84.38820242,AM,5,8
Dobbs Plaza Streetcar,RAIL,33.75552012,-84.37887016,AM,1,0
King Historical District,RAIL,33.75548968,-84.37435941,MD,5,0
Edgewood/Hilliard Streetc,RAIL,33.75438041,-84.37658011,MD,5,10
Sandy Springs,RAIL,33.93218729,-84.35208977,MD,599,622
North Springs,RAIL,33.94511896,-84.35726606,MD,1037,1003
Georgia State,RAIL,33.75008031,-84.38582967,MD,1515,1488
Inman Park/Reynoldstown,RAIL,33.75769205,-84.35251524,MD,717,711
Edgewood/Candler Park,RAIL,33.76193601,-84.33963921,MD,376,429
East Lake,RAIL,33.76519723,-84.31276946,MD,318,270
Decatur,RAIL,33.77468883,-84.29574279,MD,811,849
Avondale,RAIL,33.77514262,-84.28227057,MD,831,774
Kensington,RAIL,33.77265675,-84.25189439,MD,1271,1235
Indian Creek,RAIL,33.76982934,-84.22965543,MD,1310,1177
Dome/GWCC/Philips Arena/C,RAIL,33.75610139,-84.39712121,MD,582,635
Vine City,RAIL,33.75655043,-84.40401403,MD,378,387
Ashby,RAIL,33.75644578,-84.41724351,MD,539,550
West Lake,RAIL,33.75329302,-84.44534298,MD,337,306
Hamilton E Holmes,RAIL,33.75447364,-84.47012807,MD,1335,1196
Bankhead,RAIL,33.77218678,-84.42893117,MD,414,361
Peachtree Center,RAIL,33.75967751,-84.38756755,MD,2376,2419
Civic Center,RAIL,33.76648821,-84.38749686,MD,985,1022
Midtown,RAIL,33.78111994,-84.38633917,MD,2193,2336
Arts Center,RAIL,33.78918261,-84.38732614,MD,2426,2640
Lindbergh Center,RAIL,33.8224931,-84.36959926,MD,2931,2756
Lenox,RAIL,33.84538918,-84.35809299,MD,778,792
Brookhaven/Oglethorpe Uni,RAIL,33.85995051,-84.33936845,MD,495,477
Chamblee,RAIL,33.88746349,-84.30635678,MD,617,578
Buckhead,RAIL,33.84806247,-84.36785871,MD,836,1010
Medical Center,RAIL,33.91076675,-84.35150426,MD,612,634
Dunwoody,RAIL,33.92129246,-84.34435935,MD,946,908
Garnett,RAIL,33.74883024,-84.39563408,MD,690,699
West End,RAIL,33.73581105,-84.41366372,MD,1563,1547
Oakland City,RAIL,33.71704952,-84.42512465,MD,1021,949
Lakewood/Fort McPherson,RAIL,33.70031817,-84.42886315,MD,526,480
East Point,RAIL,33.67685698,-84.44074954,MD,1345,1380
College Park,RAIL,33.65153306,-84.44877472,MD,1748,1575
Auburn/Piedmont Streetcar,RAIL,33.7555401,-84.38222988,MD,5,10
Peachtree Center Streetca,RAIL,33.75788041,-84.38759022,MD,13,12
Carnegie/Spring Streetcar,RAIL,33.75925987,-84.38944947,MD,17,4
Woodruff Park Streetcar,RAIL,33.75630023,-84.38845983,MD,1,1
Luckie/Cone Streetcar,RAIL,33.75788993,-84.39008967,MD,3,11
Centennial Olympic Park S,RAIL,33.75923989,-84.3920903,MD,22,23
Sweet Auburn Market Stree,RAIL,33.75440038,-84.3802706,MD,7,12
King Memorial,RAIL,33.75000421,-84.37543042,MD,340,366
Airport,RAIL,33.64068199,-84.44620592,MD,1011,938
North Avenue,RAIL,33.77256732,-84.38699937,MD,1685,1726
Doraville,RAIL,33.90298663,-84.28025261,MD,1108,1078
Five Points (Gold/Red),RAIL,33.75386763,-84.39159681,MD,8078,8037
Five Points (Blue/Green),RAIL,33.75387048,-84.3915608,MD,6348,6688
Hurt Park Streetcar,RAIL,33.75447459,-84.3852735,MD,17,17
Park Place Streetcar,RAIL,33.75506728,-84.38820242,MD,10,7
Dobbs Plaza Streetcar,RAIL,33.75552012,-84.37887016,MD,3,1
King Historical District,RAIL,33.75548968,-84.37435941,PM,1,3.99
Edgewood/Hilliard Streetc,RAIL,33.75438041,-84.37658011,PM,0,12
Sandy Springs,RAIL,33.93218729,-84.35208977,PM,1488,1243
North Springs,RAIL,33.94511896,-84.35726606,PM,1640,5129
Georgia State,RAIL,33.75008031,-84.38582967,PM,4879,1010
Inman Park/Reynoldstown,RAIL,33.75769205,-84.35251524,PM,744,1301
Edgewood/Candler Park,RAIL,33.76193601,-84.33963921,PM,409,847
East Lake,RAIL,33.76519723,-84.31276946,PM,295,1054
Decatur,RAIL,33.77468883,-84.29574279,PM,2003,1165
Avondale,RAIL,33.77514262,-84.28227057,PM,1223,1958
Kensington,RAIL,33.77265675,-84.25189439,PM,1369,4674
Indian Creek,RAIL,33.76982934,-84.22965543,PM,626,4957
Dome/GWCC/Philips Arena/C,RAIL,33.75610139,-84.39712121,PM,1685,467
Vine City,RAIL,33.75655043,-84.40401403,PM,695,533
Ashby,RAIL,33.75644578,-84.41724351,PM,737,909
West Lake,RAIL,33.75329302,-84.44534298,PM,328,655
Hamilton E Holmes,RAIL,33.75447364,-84.47012807,PM,1308,4533
Bankhead,RAIL,33.77218678,-84.42893117,PM,489,827
Peachtree Center,RAIL,33.75967751,-84.38756755,PM,6567,1728
Civic Center,RAIL,33.76648821,-84.38749686,PM,2404,2040
Midtown,RAIL,33.78111994,-84.38633917,PM,5000,2671
Arts Center,RAIL,33.78918261,-84.38732614,PM,6698,2823
Lindbergh Center,RAIL,33.8224931,-84.36959926,PM,4739,7261
Lenox,RAIL,33.84538918,-84.35809299,PM,2291,859
Brookhaven/Oglethorpe Uni,RAIL,33.85995051,-84.33936845,PM,559,1300
Chamblee,RAIL,33.88746349,-84.30635678,PM,1153,1436
Buckhead,RAIL,33.84806247,-84.36785871,PM,3078,1252
Medical Center,RAIL,33.91076675,-84.35150426,PM,2135,623
Dunwoody,RAIL,33.92129246,-84.34435935,PM,2493,2051
Garnett,RAIL,33.74883024,-84.39563408,PM,1888,540
West End,RAIL,33.73581105,-84.41366372,PM,1659,4338
Oakland City,RAIL,33.71704952,-84.42512465,PM,870,2545
Lakewood/Fort McPherson,RAIL,33.70031817,-84.42886315,PM,503,1575
East Point,RAIL,33.67685698,-84.44074954,PM,1504,3930
College Park,RAIL,33.65153306,-84.44877472,PM,1345,7812
Auburn/Piedmont Streetcar,RAIL,33.7555401,-84.38222988,PM,8,2
Peachtree Center Streetca,RAIL,33.75788041,-84.38759022,PM,5,8
Carnegie/Spring Streetcar,RAIL,33.75925987,-84.38944947,PM,2,1
Woodruff Park Streetcar,RAIL,33.75630023,-84.38845983,PM,2,1
Luckie/Cone Streetcar,RAIL,33.75788993,-84.39008967,PM,4,3
Centennial Olympic Park S,RAIL,33.75923989,-84.3920903,PM,6,9
Sweet Auburn Market Stree,RAIL,33.75440038,-84.3802706,PM,10,1
King Memorial,RAIL,33.75000421,-84.37543042,PM,502,844
Airport,RAIL,33.64068199,-84.44620592,PM,4215,763
North Avenue,RAIL,33.77256732,-84.38699937,PM,4661,1798
Doraville,RAIL,33.90298663,-84.28025261,PM,797,4980
Five Points (Gold/Red),RAIL,33.75386763,-84.39159681,PM,17185,16175
Five Points (Blue/Green),RAIL,33.75387048,-84.3915608,PM,17681,9239
Hurt Park Streetcar,RAIL,33.75447459,-84.3852735,PM,12,6
Park Place Streetcar,RAIL,33.75506728,-84.38820242,PM,11,6
Dobbs Plaza Streetcar,RAIL,33.75552012,-84.37887016,PM,3,2
King Historical District,RAIL,33.75548968,-84.37435941,EV,0,1
Edgewood/Hilliard Streetc,RAIL,33.75438041,-84.37658011,EV,2,11
Sandy Springs,RAIL,33.93218729,-84.35208977,EV,265,102
North Springs,RAIL,33.94511896,-84.35726606,EV,300,607
Georgia State,RAIL,33.75008031,-84.38582967,EV,615,133
Inman Park/Reynoldstown,RAIL,33.75769205,-84.35251524,EV,172,428
Edgewood/Candler Park,RAIL,33.76193601,-84.33963921,EV,99,161
East Lake,RAIL,33.76519723,-84.31276946,EV,75,290
Decatur,RAIL,33.77468883,-84.29574279,EV,308,383
Avondale,RAIL,33.77514262,-84.28227057,EV,230,561
Kensington,RAIL,33.77265675,-84.25189439,EV,343,920
Indian Creek,RAIL,33.76982934,-84.22965543,EV,152,941
Dome/GWCC/Philips Arena/C,RAIL,33.75610139,-84.39712121,EV,275,51
Vine City,RAIL,33.75655043,-84.40401403,EV,153.98,159.99
Ashby,RAIL,33.75644578,-84.41724351,EV,399,469
West Lake,RAIL,33.75329302,-84.44534298,EV,69,254
Hamilton E Holmes,RAIL,33.75447364,-84.47012807,EV,283,952
Bankhead,RAIL,33.77218678,-84.42893117,EV,70,200
Peachtree Center,RAIL,33.75967751,-84.38756755,EV,1499,463
Civic Center,RAIL,33.76648821,-84.38749686,EV,612,324
Midtown,RAIL,33.78111994,-84.38633917,EV,915,777
Arts Center,RAIL,33.78918261,-84.38732614,EV,1640,744
Lindbergh Center,RAIL,33.8224931,-84.36959926,EV,2851,3492
Lenox,RAIL,33.84538918,-84.35809299,EV,573,296
Brookhaven/Oglethorpe Uni,RAIL,33.85995051,-84.33936845,EV,140,380
Chamblee,RAIL,33.88746349,-84.30635678,EV,225,409
Buckhead,RAIL,33.84806247,-84.36785871,EV,453,234
Medical Center,RAIL,33.91076675,-84.35150426,EV,406,93
Dunwoody,RAIL,33.92129246,-84.34435935,EV,471,253
Garnett,RAIL,33.74883024,-84.39563408,EV,332,145
West End,RAIL,33.73581105,-84.41366372,EV,354,773
Oakland City,RAIL,33.71704952,-84.42512465,EV,224,833
Lakewood/Fort McPherson,RAIL,33.70031817,-84.42886315,EV,104,363
East Point,RAIL,33.67685698,-84.44074954,EV,280,667
College Park,RAIL,33.65153306,-84.44877472,EV,347,1311
Auburn/Piedmont Streetcar,RAIL,33.7555401,-84.38222988,EV,0,0
Peachtree Center Streetca,RAIL,33.75788041,-84.38759022,EV,4,1
Carnegie/Spring Streetcar,RAIL,33.75925987,-84.38944947,EV,2,1
Woodruff Park Streetcar,RAIL,33.75630023,-84.38845983,EV,0,0
Luckie/Cone Streetcar,RAIL,33.75788993,-84.39008967,EV,1,0
Centennial Olympic Park S,RAIL,33.75923989,-84.3920903,EV,3,1
Sweet Auburn Market Stree,RAIL,33.75440038,-84.3802706,EV,3,1
King Memorial,RAIL,33.75000421,-84.37543042,EV,109.01,231
Airport,RAIL,33.64068199,-84.44620592,EV,703,95
North Avenue,RAIL,33.77256732,-84.38699937,EV,1090,562.01
Doraville,RAIL,33.90298663,-84.28025261,EV,164,418
Five Points (Gold/Red),RAIL,33.75386763,-84.39159681,EV,3322.01,3929
Five Points (Blue/Green),RAIL,33.75387048,-84.3915608,EV,4175,1394
Hurt Park Streetcar,RAIL,33.75447459,-84.3852735,EV,10,2
Park Place Streetcar,RAIL,33.75506728,-84.38820242,EV,6,2
Dobbs Plaza Streetcar,RAIL,33.75552012,-84.37887016,EV,0,0
King Historical District,RAIL,33.75548968,-84.37435941,Airport,0,0
Edgewood/Hilliard Streetc,RAIL,33.75438041,-84.37658011,Airport,0,0
Sandy Springs,RAIL,33.93218729,-84.35208977,Airport,99.14,253.57
North Springs,RAIL,33.94511896,-84.35726606,Airport,320.71,119.9
Georgia State,RAIL,33.75008031,-84.38582967,Airport,3,98.9
Inman Park/Reynoldstown,RAIL,33.75769205,-84.35251524,Airport,17.88,17.6
Edgewood/Candler Park,RAIL,33.76193601,-84.33963921,Airport,16.12,8.48
East Lake,RAIL,33.76519723,-84.31276946,Airport,14.51,6.38
Decatur,RAIL,33.77468883,-84.29574279,Airport,18.62,29.15
Avondale,RAIL,33.77514262,-84.28227057,Airport,16.5,24.54
Kensington,RAIL,33.77265675,-84.25189439,Airport,55.14,16.68
Indian Creek,RAIL,33.76982934,-84.22965543,Airport,32.21,5.91
Dome/GWCC/Philips Arena/C,RAIL,33.75610139,-84.39712121,Airport,0.22,78.28
Vine City,RAIL,33.75655043,-84.40401403,Airport,10.62,7.98
Ashby,RAIL,33.75644578,-84.41724351,Airport,14.32,6.6
West Lake,RAIL,33.75329302,-84.44534298,Airport,6.72,11.45
Hamilton E Holmes,RAIL,33.75447364,-84.47012807,Airport,18.71,27.53
Bankhead,RAIL,33.77218678,-84.42893117,Airport,9.6,20.48
Peachtree Center,RAIL,33.75967751,-84.38756755,Airport,16.34,448.74
Civic Center,RAIL,33.76648821,-84.38749686,Airport,34.56,201.44
Midtown,RAIL,33.78111994,-84.38633917,Airport,202.94,468.04
Arts Center,RAIL,33.78918261,-84.38732614,Airport,100.92,648.16
Lindbergh Center,RAIL,33.8224931,-84.36959926,Airport,233.82,244.96
Lenox,RAIL,33.84538918,-84.35809299,Airport,72.99,386.32
Brookhaven/Oglethorpe Uni,RAIL,33.85995051,-84.33936845,Airport,61.59,29.36
Chamblee,RAIL,33.88746349,-84.30635678,Airport,28.01,31.4
Buckhead,RAIL,33.84806247,-84.36785871,Airport,37.36,525.7
Medical Center,RAIL,33.91076675,-84.35150426,Airport,18.97,509.93
Dunwoody,RAIL,33.92129246,-84.34435935,Airport,40.54,201.35
Garnett,RAIL,33.74883024,-84.39563408,Airport,18.72,66.76
West End,RAIL,33.73581105,-84.41366372,Airport,147.04,7.54
Oakland City,RAIL,33.71704952,-84.42512465,Airport,11.26,2.5
Lakewood/Fort McPherson,RAIL,33.70031817,-84.42886315,Airport,6.6,0.62
East Point,RAIL,33.67685698,-84.44074954,Airport,0.1,0.08
College Park,RAIL,33.65153306,-84.44877472,Airport,84.54,0
Auburn/Piedmont Streetcar,RAIL,33.7555401,-84.38222988,Airport,0,0
Peachtree Center Streetca,RAIL,33.75788041,-84.38759022,Airport,0,0
Carnegie/Spring Streetcar,RAIL,33.75925987,-84.38944947,Airport,0,0
Woodruff Park Streetcar,RAIL,33.75630023,-84.38845983,Airport,0,0
Luckie/Cone Streetcar,RAIL,33.75788993,-84.39008967,Airport,0,0
Centennial Olympic Park S,RAIL,33.75923989,-84.3920903,Airport,0,0
Sweet Auburn Market Stree,RAIL,33.75440038,-84.3802706,Airport,0,0
King Memorial,RAIL,33.75000421,-84.37543042,Airport,15.74,10.38
Airport,RAIL,33.64068199,-84.44620592,Airport,5293.23,2190.74
North Avenue,RAIL,33.77256732,-84.38699937,Airport,66.68,318.66
Doraville,RAIL,33.90298663,-84.28025261,Airport,315.57,16.59
Five Points (Gold/Red),RAIL,33.75386763,-84.39159681,Airport,272.44,811.68
Five Points (Blue/Green),RAIL,33.75387048,-84.3915608,Airport,370.29,249.87
Hurt Park Streetcar,RAIL,33.75447459,-84.3852735,Airport,0,0
Park Place Streetcar,RAIL,33.75506728,-84.38820242,Airport,0,0
Dobbs Plaza Streetcar,RAIL,33.75552012,-84.37887016,Airport,0,0
