STATION,MODE,LAT,LONG,TIMEOFDAY,BOARDINGS,ALIGHTINGS
King Historical,RAIL,33.75548968,-84.37435941,DAILY,8,2
Edgewood/Hillia,RAIL,33.75438041,-84.37658011,DAILY,14,29
Sandy Springs,RAIL,33.93218729,-84.35208977,DAILY,3591.69,3616.65
North Springs,RAIL,33.94511896,-84.35726606,DAILY,7343.58,7507.14
Georgia State,RAIL,33.75008031,-84.38582967,DAILY,7266.54,7152.7
Inman Park/Reyn,RAIL,33.75769205,-84.35251524,DAILY,2443.3,2443.52
Edgewood/Candle,RAIL,33.76193601,-84.33963921,DAILY,1579.86,1559.08
East Lake,RAIL,33.76519723,-84.31276946,DAILY,1646.22,1695.49
Decatur,RAIL,33.77468883,-84.29574279,DAILY,3983.53,4105.06
Avondale,RAIL,33.77514262,-84.28227057,DAILY,3845.24,3755.67
Kensington,RAIL,33.77265675,-84.25189439,DAILY,6633.3,6639.59
Indian Creek,RAIL,33.76982934,-84.22965543,DAILY,7223.59,7316.39
Dome/GWCC/Phili,RAIL,33.75610139,-84.39712121,DAILY,2377.12,2479.12
Vine City,RAIL,33.75655043,-84.40401403,DAILY,1623.98,1524.89
Ashby,RAIL,33.75644578,-84.41724351,DAILY,2484.98,2453.73
West Lake,RAIL,33.75329302,-84.44534298,DAILY,1205.08,1182.97
Hamilton E Holm,RAIL,33.75447364,-84.47012807,DAILY,6924.31,6946.86
Bankhead,RAIL,33.77218678,-84.42893117,DAILY,1710.3,1677.55
Peachtree Cente,RAIL,33.75967751,-84.38756755,DAILY,10381,10920.4
Civic Center,RAIL,33.76648821,-84.38749686,DAILY,5092.36,4929.72
Midtown,RAIL,33.78111994,-84.38633916,DAILY,10018.2,10692.08
Arts Center,RAIL,33.78918261,-84.38732614,DAILY,10600.41,10874.8
Lindbergh Cente,RAIL,33.8224931,-84.36959926,DAILY,17989.18,17048.32
Lenox,RAIL,33.84538918,-84.35809298,DAILY,3859.96,3999.6
Brookhaven/Ogle,RAIL,33.85995051,-84.33936845,DAILY,2456.59,2444.74
Chamblee,RAIL,33.88746349,-84.30635678,DAILY,3365.2,3499.59
Buckhead,RAIL,33.84806247,-84.36785871,DAILY,4340.15,5254
Medical Center,RAIL,33.91076675,-84.35150425,DAILY,3309.79,3767.95
Dunwoody,RAIL,33.92129246,-84.34435935,DAILY,5525.32,5620.4
Garnett,RAIL,33.74883024,-84.39563408,DAILY,3226.46,3196.52
West End,RAIL,33.73581105,-84.41366372,DAILY,7627.3,7091.7
Oakland City,RAIL,33.71704952,-84.42512464,DAILY,4384.88,4380.74
Lakewood/Fort M,RAIL,33.70031817,-84.42886315,DAILY,2352.44,2325.56
East Point,RAIL,33.67685698,-84.44074954,DAILY,6727.32,6841.08
College Park,RAIL,33.65153306,-84.44877472,DAILY,10624.52,10408
Auburn/Piedmont,RAIL,33.7555401,-84.38222988,DAILY,20,21
Peachtree Cente,RAIL,33.75788041,-84.38759022,DAILY,23,29
Carnegie/Spring,RAIL,33.75925987,-84.38944947,DAILY,67.02,77.01
Woodruff Park S,RAIL,33.75630023,-84.38845983,DAILY,2,9
Luckie/Cone Str,RAIL,33.75788993,-84.39008967,DAILY,7,13
Centennial Olym,RAIL,33.75923989,-84.3920903,DAILY,34,30
Sweet Auburn Ma,RAIL,33.75440038,-84.3802706,DAILY,13,14
King Memorial,RAIL,33.75000421,-84.37543041,DAILY,1619.54,1885.24
Airport,RAIL,33.64068199,-84.44620591,DAILY,10765.82,7872.7
North Avenue,RAIL,33.77256732,-84.38699937,DAILY,8223.07,8229.16
Doraville,RAIL,33.90298663,-84.28025261,DAILY,6650.5,6559.55
Five Points (Gold),RAIL,33.75386763,-84.39159681,DAILY,39483.94,40859.18
Five Points (Blue),RAIL,33.75387048,-84.3915608,DAILY,31963.84,31712.85
Hurt Park Stree,RAIL,33.75447459,-84.3852735,DAILY,24,28
Park Place Stre,RAIL,33.75506728,-84.38820241,DAILY,33,21
Dobbs Plaza Str,RAIL,33.75552012,-84.37887016,DAILY,11,6
King Historical,RAIL,33.75548968,-84.37435941,EA,0,0
Edgewood/Hillia,RAIL,33.75438041,-84.37658011,EA,0,0
Sandy Springs,RAIL,33.93218729,-84.35208977,EA,48,110
North Springs,RAIL,33.94511896,-84.35726606,EA,107,84
Georgia State,RAIL,33.75008031,-84.38582967,EA,16,165
Inman Park/Reyn,RAIL,33.75769205,-84.35251524,EA,89,21
Edgewood/Candle,RAIL,33.76193601,-84.33963921,EA,83,28
East Lake,RAIL,33.76519723,-84.31276946,EA,41,6
Decatur,RAIL,33.77468883,-84.29574279,EA,23,61
Avondale,RAIL,33.77514262,-84.28227057,EA,89,52
Kensington,RAIL,33.77265675,-84.25189439,EA,216,38
Indian Creek,RAIL,33.76982934,-84.22965543,EA,156,7
Dome/GWCC/Phili,RAIL,33.75610139,-84.39712121,EA,8,71
Vine City,RAIL,33.75655043,-84.40401403,EA,54,30
Ashby,RAIL,33.75644578,-84.41724351,EA,140,32
West Lake,RAIL,33.75329302,-84.44534298,EA,54,7
Hamilton E Holm,RAIL,33.75447364,-84.47012807,EA,185,30
Bankhead,RAIL,33.77218678,-84.42893117,EA,42,22
Peachtree Cente,RAIL,33.75967751,-84.38756755,EA,42,471
Civic Center,RAIL,33.76648821,-84.38749686,EA,65,195
Midtown,RAIL,33.78111994,-84.38633916,EA,140,264
Arts Center,RAIL,33.78918261,-84.38732614,EA,103,417
Lindbergh Cente,RAIL,33.8224931,-84.36959926,EA,1217,219
Lenox,RAIL,33.84538918,-84.35809298,EA,32,135
Brookhaven/Ogle,RAIL,33.85995051,-84.33936845,EA,46,25
Chamblee,RAIL,33.88746349,-84.30635678,EA,51,67
Buckhead,RAIL,33.84806247,-84.36785871,EA,21,167
Medical Center,RAIL,33.91076675,-84.35150425,EA,29,190
Dunwoody,RAIL,33.92129246,-84.34435935,EA,85,150
Garnett,RAIL,33.74883024,-84.39563408,EA,73,158
West End,RAIL,33.73581105,-84.41366372,EA,688,38
Oakland City,RAIL,33.71704952,-84.42512464,EA,228,38
Lakewood/Fort M,RAIL,33.70031817,-84.42886315,EA,159,15
East Point,RAIL,33.67685698,-84.44074954,EA,359,83
College Park,RAIL,33.65153306,-84.44877472,EA,663,82
Auburn/Piedmont,RAIL,33.7555401,-84.38222988,EA,0,0
Peachtree Cente,RAIL,33.75788041,-84.38759022,EA,0,0
Carnegie/Spring,RAIL,33.75925987,-84.38944947,EA,0,0
Woodruff Park S,RAIL,33.75630023,-84.38845983,EA,0,0
Luckie/Cone Str,RAIL,33.75788993,-84.39008967,EA,0,0
Centennial Olym,RAIL,33.75923989,-84.3920903,EA,0,0
Sweet Auburn Ma,RAIL,33.75440038,-84.3802706,EA,0,0
King Memorial,RAIL,33.75000421,-84.37543041,EA,54,26
Airport,RAIL,33.64068199,-84.44620591,EA,40,727
North Avenue,RAIL,33.77256732,-84.38699937,EA,145,336
Doraville,RAIL,33.90298663,-84.28025261,EA,102,17
Five Points (Gold),RAIL,33.75386763,-84.39159681,EA,668,1123
Five Points (Blue),RAIL,33.75387048,-84.3915608,EA,146,800
Hurt Park Stree,RAIL,33.75447459,-84.3852735,EA,0,0
Park Place Stre,RAIL,33.75506728,-84.38820241,EA,0,0
Dobbs Plaza Str,RAIL,33.75552012,-84.37887016,EA,0,0
King Historical,RAIL,33.75548968,-84.37435941,AM,5,1
Edgewood/Hillia,RAIL,33.75438041,-84.37658011,AM,7,6
Sandy Springs,RAIL,33.93218729,-84.35208977,AM,1196,1321
North Springs,RAIL,33.94511896,-84.35726606,AM,4452,1248
Georgia State,RAIL,33.75008031,-84.38582967,AM,812,4441
Inman Park/Reyn,RAIL,33.75769205,-84.35251524,AM,888,397
Edgewood/Candle,RAIL,33.76193601,-84.33963921,AM,707,288
East Lake,RAIL,33.76519723,-84.31276946,AM,948,155
Decatur,RAIL,33.77468883,-84.29574279,AM,875,1847
Avondale,RAIL,33.77514262,-84.28227057,AM,1577,883
Kensington,RAIL,33.77265675,-84.25189439,AM,3628,920
Indian Creek,RAIL,33.76982934,-84.22965543,AM,5189,329
Dome/GWCC/Phili,RAIL,33.75610139,-84.39712121,AM,142,1291
Vine City,RAIL,33.75655043,-84.40401403,AM,361,439
Ashby,RAIL,33.75644578,-84.41724351,AM,774,705
West Lake,RAIL,33.75329302,-84.44534298,AM,553,182
Hamilton E Holm,RAIL,33.75447364,-84.47012807,AM,4013,841
Bankhead,RAIL,33.77218678,-84.42893117,AM,720,333
Peachtree Cente,RAIL,33.75967751,-84.38756755,AM,865,5691
Civic Center,RAIL,33.76648821,-84.38749686,AM,1326,2039
Midtown,RAIL,33.78111994,-84.38633916,AM,1987,4575
Arts Center,RAIL,33.78918261,-84.38732614,AM,1743,4633
Lindbergh Cente,RAIL,33.8224931,-84.36959926,AM,6151,3546
Lenox,RAIL,33.84538918,-84.35809298,AM,619,1541
Brookhaven/Ogle,RAIL,33.85995051,-84.33936845,AM,1291,412
Chamblee,RAIL,33.88746349,-84.30635678,AM,1353,982
Buckhead,RAIL,33.84806247,-84.36785871,AM,640,2489
Medical Center,RAIL,33.91076675,-84.35150425,AM,527,1823
Dunwoody,RAIL,33.92129246,-84.34435935,AM,1800,2131
Garnett,RAIL,33.74883024,-84.39563408,AM,342,1657
West End,RAIL,33.73581105,-84.41366372,AM,3190,1180
Oakland City,RAIL,33.71704952,-84.42512464,AM,2200,490
Lakewood/Fort M,RAIL,33.70031817,-84.42886315,AM,1208,280
East Point,RAIL,33.67685698,-84.44074954,AM,3460,1177
College Park,RAIL,33.65153306,-84.44877472,AM,6510,947
Auburn/Piedmont,RAIL,33.7555401,-84.38222988,AM,2,9
Peachtree Cente,RAIL,33.75788041,-84.38759022,AM,3,8
Carnegie/Spring,RAIL,33.75925987,-84.38944947,AM,43.02,63.01
Woodruff Park S,RAIL,33.75630023,-84.38845983,AM,0,5
Luckie/Cone Str,RAIL,33.75788993,-84.39008967,AM,1,3
Centennial Olym,RAIL,33.75923989,-84.3920903,AM,5,3
Sweet Auburn Ma,RAIL,33.75440038,-84.3802706,AM,3,3
King Memorial,RAIL,33.75000421,-84.37543041,AM,643,422
Airport,RAIL,33.64068199,-84.44620591,AM,320,3746
North Avenue,RAIL,33.77256732,-84.38699937,AM,1281,3781
Doraville,RAIL,33.90298663,-84.28025261,AM,4428,650
Five Points (Gold),RAIL,33.75386763,-84.39159681,AM,12889,13439
Five Points (Blue),RAIL,33.75387048,-84.3915608,AM,6570,14927
Hurt Park Stree,RAIL,33.75447459,-84.3852735,AM,0,6
Park Place Stre,RAIL,33.75506728,-84.38820241,AM,6,2
Dobbs Plaza Str,RAIL,33.75552012,-84.37887016,AM,3,2
King Historical,RAIL,33.75548968,-84.37435941,MD,1,0
Edgewood/Hillia,RAIL,33.75438041,-84.37658011,MD,4,8
Sandy Springs,RAIL,33.93218729,-84.35208977,MD,603,604
North Springs,RAIL,33.94511896,-84.35726606,MD,990,1036
Georgia State,RAIL,33.75008031,-84.38582967,MD,1463,1394
Inman Park/Reyn,RAIL,33.75769205,-84.35251524,MD,652,646
Edgewood/Candle,RAIL,33.76193601,-84.33963921,MD,321,332
East Lake,RAIL,33.76519723,-84.31276946,MD,351,278
Decatur,RAIL,33.77468883,-84.29574279,MD,890,820
Avondale,RAIL,33.77514262,-84.28227057,MD,771,660
Kensington,RAIL,33.77265675,-84.25189439,MD,1233,1170
Indian Creek,RAIL,33.76982934,-84.22965543,MD,1146,1145
Dome/GWCC/Phili,RAIL,33.75610139,-84.39712121,MD,552,582
Vine City,RAIL,33.75655043,-84.40401403,MD,391,411
Ashby,RAIL,33.75644578,-84.41724351,MD,509,497
West Lake,RAIL,33.75329302,-84.44534298,MD,269,254
Hamilton E Holm,RAIL,33.75447364,-84.47012807,MD,1348,1268
Bankhead,RAIL,33.77218678,-84.42893117,MD,446,365
Peachtree Cente,RAIL,33.75967751,-84.38756755,MD,2320,2454
Civic Center,RAIL,33.76648821,-84.38749686,MD,954,949
Midtown,RAIL,33.78111994,-84.38633916,MD,2238,2198
Arts Center,RAIL,33.78918261,-84.38732614,MD,2160,2296
Lindbergh Cente,RAIL,33.8224931,-84.36959926,MD,3127,3039
Lenox,RAIL,33.84538918,-84.35809298,MD,804,813
Brookhaven/Ogle,RAIL,33.85995051,-84.33936845,MD,467,446
Chamblee,RAIL,33.88746349,-84.30635678,MD,632,639
Buckhead,RAIL,33.84806247,-84.36785871,MD,793,896
Medical Center,RAIL,33.91076675,-84.35150425,MD,583,602
Dunwoody,RAIL,33.92129246,-84.34435935,MD,971,1006
Garnett,RAIL,33.74883024,-84.39563408,MD,762,718
West End,RAIL,33.73581105,-84.41366372,MD,1601,1535
Oakland City,RAIL,33.71704952,-84.42512464,MD,1013,931
Lakewood/Fort M,RAIL,33.70031817,-84.42886315,MD,445,439
East Point,RAIL,33.67685698,-84.44074954,MD,1254,1263
College Park,RAIL,33.65153306,-84.44877472,MD,1754,1672
Auburn/Piedmont,RAIL,33.7555401,-84.38222988,MD,10,5
Peachtree Cente,RAIL,33.75788041,-84.38759022,MD,11,15
Carnegie/Spring,RAIL,33.75925987,-84.38944947,MD,14,12
Woodruff Park S,RAIL,33.75630023,-84.38845983,MD,1,3
Luckie/Cone Str,RAIL,33.75788993,-84.39008967,MD,0,8
Centennial Olym,RAIL,33.75923989,-84.3920903,MD,15,21
Sweet Auburn Ma,RAIL,33.75440038,-84.3802706,MD,6,8
King Memorial,RAIL,33.75000421,-84.37543041,MD,361,407
Airport,RAIL,33.64068199,-84.44620591,MD,1027,988
North Avenue,RAIL,33.77256732,-84.38699937,MD,1671,1688
Doraville,RAIL,33.90298663,-84.28025261,MD,1019,1139
Five Points (Gold),RAIL,33.75386763,-84.39159681,MD,7729,7566
Five Points (Blue),RAIL,33.75387048,-84.3915608,MD,5850,6324
Hurt Park Stree,RAIL,33.75447459,-84.3852735,MD,17,16
Park Place Stre,RAIL,33.75506728,-84.38820241,MD,17,12
Dobbs Plaza Str,RAIL,33.75552012,-84.37887016,MD,7,2
King Historical,RAIL,33.75548968,-84.37435941,PM,2,1
Edgewood/Hillia,RAIL,33.75438041,-84.37658011,PM,1,3
Sandy Springs,RAIL,33.93218729,-84.35208977,PM,1391,1281
North Springs,RAIL,33.94511896,-84.35726606,PM,1385,4407
Georgia State,RAIL,33.75008031,-84.38582967,PM,4362,942
Inman Park/Reyn,RAIL,33.75769205,-84.35251524,PM,617,1038
Edgewood/Candle,RAIL,33.76193601,-84.33963921,PM,390,731
East Lake,RAIL,33.76519723,-84.31276946,PM,234,959
Decatur,RAIL,33.77468883,-84.29574279,PM,1885,988
Avondale,RAIL,33.77514262,-84.28227057,PM,1177,1651
Kensington,RAIL,33.77265675,-84.25189439,PM,1217,3662
Indian Creek,RAIL,33.76982934,-84.22965543,PM,578,5020
Dome/GWCC/Phili,RAIL,33.75610139,-84.39712121,PM,1397,416
Vine City,RAIL,33.75655043,-84.40401403,PM,666,477
Ashby,RAIL,33.75644578,-84.41724351,PM,724,808
West Lake,RAIL,33.75329302,-84.44534298,PM,268,527
Hamilton E Holm,RAIL,33.75447364,-84.47012807,PM,1086,3930
Bankhead,RAIL,33.77218678,-84.42893117,PM,452,757
Peachtree Cente,RAIL,33.75967751,-84.38756755,PM,5763,1473
Civic Center,RAIL,33.76648821,-84.38749686,PM,2123,1294
Midtown,RAIL,33.78111994,-84.38633916,PM,4738,2595
Arts Center,RAIL,33.78918261,-84.38732614,PM,5290,2417
Lindbergh Cente,RAIL,33.8224931,-84.36959926,PM,4603,6899
Lenox,RAIL,33.84538918,-84.35809298,PM,1857,881
Brookhaven/Ogle,RAIL,33.85995051,-84.33936845,PM,477,1184
Chamblee,RAIL,33.88746349,-84.30635678,PM,1098,1394
Buckhead,RAIL,33.84806247,-84.36785871,PM,2423,1034
Medical Center,RAIL,33.91076675,-84.35150425,PM,1819,604
Dunwoody,RAIL,33.92129246,-84.34435935,PM,2256,1937
Garnett,RAIL,33.74883024,-84.39563408,PM,1723,489
West End,RAIL,33.73581105,-84.41366372,PM,1581,3603
Oakland City,RAIL,33.71704952,-84.42512464,PM,756,2212
Lakewood/Fort M,RAIL,33.70031817,-84.42886315,PM,443,1271
East Point,RAIL,33.67685698,-84.44074954,PM,1438,3726
College Park,RAIL,33.65153306,-84.44877472,PM,1279,6490
Auburn/Piedmont,RAIL,33.7555401,-84.38222988,PM,8,6
Peachtree Cente,RAIL,33.75788041,-84.38759022,PM,7,4
Carnegie/Spring,RAIL,33.75925987,-84.38944947,PM,7,1
Woodruff Park S,RAIL,33.75630023,-84.38845983,PM,1,1
Luckie/Cone Str,RAIL,33.75788993,-84.39008967,PM,5,2
Centennial Olym,RAIL,33.75923989,-84.3920903,PM,11,6
Sweet Auburn Ma,RAIL,33.75440038,-84.3802706,PM,1,3
King Memorial,RAIL,33.75000421,-84.37543041,PM,450,833
Airport,RAIL,33.64068199,-84.44620591,PM,4085,530
North Avenue,RAIL,33.77256732,-84.38699937,PM,4053,1653
Doraville,RAIL,33.90298663,-84.28025261,PM,737,4352
Five Points (Gold),RAIL,33.75386763,-84.39159681,PM,14996,14588
Five Points (Blue),RAIL,33.75387048,-84.3915608,PM,15412,8176
Hurt Park Stree,RAIL,33.75447459,-84.3852735,PM,4,6
Park Place Stre,RAIL,33.75506728,-84.38820241,PM,4,5
Dobbs Plaza Str,RAIL,33.75552012,-84.37887016,PM,1,2
King Historical,RAIL,33.75548968,-84.37435941,EV,0,0
Edgewood/Hillia,RAIL,33.75438041,-84.37658011,EV,2,12
Sandy Springs,RAIL,33.93218729,-84.35208977,EV,234,78
North Springs,RAIL,33.94511896,-84.35726606,EV,294,618
Georgia State,RAIL,33.75008031,-84.38582967,EV,611,135
Inman Park/Reyn,RAIL,33.75769205,-84.35251524,EV,182,329
Edgewood/Candle,RAIL,33.76193601,-84.33963921,EV,66,173
East Lake,RAIL,33.76519723,-84.31276946,EV,60,292
Decatur,RAIL,33.77468883,-84.29574279,EV,295,363
Avondale,RAIL,33.77514262,-84.28227057,EV,220,488
Kensington,RAIL,33.77265675,-84.25189439,EV,314,834
Indian Creek,RAIL,33.76982934,-84.22965543,EV,132,810
Dome/GWCC/Phili,RAIL,33.75610139,-84.39712121,EV,278,60
Vine City,RAIL,33.75655043,-84.40401403,EV,142,155.01
Ashby,RAIL,33.75644578,-84.41724351,EV,325,397.99
West Lake,RAIL,33.75329302,-84.44534298,EV,55,204
Hamilton E Holm,RAIL,33.75447364,-84.47012807,EV,277,839
Bankhead,RAIL,33.77218678,-84.42893117,EV,42,164
Peachtree Cente,RAIL,33.75967751,-84.38756755,EV,1377,422
Civic Center,RAIL,33.76648821,-84.38749686,EV,532,281
Midtown,RAIL,33.78111994,-84.38633916,EV,818,647
Arts Center,RAIL,33.78918261,-84.38732614,EV,1242.01,610
Lindbergh Cente,RAIL,33.8224931,-84.36959926,EV,2628,3125
Lenox,RAIL,33.84538918,-84.35809298,EV,495,274
Brookhaven/Ogle,RAIL,33.85995051,-84.33936845,EV,131,352
Chamblee,RAIL,33.88746349,-84.30635678,EV,213,389
Buckhead,RAIL,33.84806247,-84.36785871,EV,434,193
Medical Center,RAIL,33.91076675,-84.35150425,EV,331,78
Dunwoody,RAIL,33.92129246,-84.34435935,EV,393,217
Garnett,RAIL,33.74883024,-84.39563408,EV,310,122
West End,RAIL,33.73581105,-84.41366372,EV,345,726
Oakland City,RAIL,33.71704952,-84.42512464,EV,177,707
Lakewood/Fort M,RAIL,33.70031817,-84.42886315,EV,92,320
East Point,RAIL,33.67685698,-84.44074954,EV,216,592
College Park,RAIL,33.65153306,-84.44877472,EV,329,1217
Auburn/Piedmont,RAIL,33.7555401,-84.38222988,EV,0,1
Peachtree Cente,RAIL,33.75788041,-84.38759022,EV,2,2
Carnegie/Spring,RAIL,33.75925987,-84.38944947,EV,3,1
Woodruff Park S,RAIL,33.75630023,-84.38845983,EV,0,0
Luckie/Cone Str,RAIL,33.75788993,-84.39008967,EV,1,0
Centennial Olym,RAIL,33.75923989,-84.3920903,EV,3,0
Sweet Auburn Ma,RAIL,33.75440038,-84.3802706,EV,3,0
King Memorial,RAIL,33.75000421,-84.37543041,EV,98,189
Airport,RAIL,33.64068199,-84.44620591,EV,642,88
North Avenue,RAIL,33.77256732,-84.38699937,EV,1007.01,495
Doraville,RAIL,33.90298663,-84.28025261,EV,136,387
Five Points (Gold),RAIL,33.75386763,-84.39159681,EV,2998,3436
Five Points (Blue),RAIL,33.75387048,-84.3915608,EV,3638,1302
Hurt Park Stree,RAIL,33.75447459,-84.3852735,EV,3,0
Park Place Stre,RAIL,33.75506728,-84.38820241,EV,6,2
Dobbs Plaza Str,RAIL,33.75552012,-84.37887016,EV,0,0
King Historical,RAIL,33.75548968,-84.37435941,Airport,0,0
Edgewood/Hillia,RAIL,33.75438041,-84.37658011,Airport,0,0
Sandy Springs,RAIL,33.93218729,-84.35208977,Airport,119.69,222.65
North Springs,RAIL,33.94511896,-84.35726606,Airport,115.58,114.14
Georgia State,RAIL,33.75008031,-84.38582967,Airport,2.54,75.7
Inman Park/Reyn,RAIL,33.75769205,-84.35251524,Airport,15.3,12.52
Edgewood/Candle,RAIL,33.76193601,-84.33963921,Airport,12.86,7.08
East Lake,RAIL,33.76519723,-84.31276946,Airport,12.22,5.49
Decatur,RAIL,33.77468883,-84.29574279,Airport,15.53,26.06
Avondale,RAIL,33.77514262,-84.28227057,Airport,11.24,21.67
Kensington,RAIL,33.77265675,-84.25189439,Airport,25.3,15.59
Indian Creek,RAIL,33.76982934,-84.22965543,Airport,22.59,5.39
Dome/GWCC/Phili,RAIL,33.75610139,-84.39712121,Airport,0.12,59.12
Vine City,RAIL,33.75655043,-84.40401403,Airport,9.98,12.88
Ashby,RAIL,33.75644578,-84.41724351,Airport,12.98,13.74
West Lake,RAIL,33.75329302,-84.44534298,Airport,6.08,8.97
Hamilton E Holm,RAIL,33.75447364,-84.47012807,Airport,15.31,38.86
Bankhead,RAIL,33.77218678,-84.42893117,Airport,8.3,36.55
Peachtree Cente,RAIL,33.75967751,-84.38756755,Airport,14,409.4
Civic Center,RAIL,33.76648821,-84.38749686,Airport,92.36,171.72
Midtown,RAIL,33.78111994,-84.38633916,Airport,97.2,413.08
Arts Center,RAIL,33.78918261,-84.38732614,Airport,62.4,501.8
Lindbergh Cente,RAIL,33.8224931,-84.36959926,Airport,263.18,220.32
Lenox,RAIL,33.84538918,-84.35809298,Airport,52.96,355.6
Brookhaven/Ogle,RAIL,33.85995051,-84.33936845,Airport,44.59,25.74
Chamblee,RAIL,33.88746349,-84.30635678,Airport,18.2,28.59
Buckhead,RAIL,33.84806247,-84.36785871,Airport,29.15,475
Medical Center,RAIL,33.91076675,-84.35150425,Airport,20.79,470.95
Dunwoody,RAIL,33.92129246,-84.34435935,Airport,20.32,179.4
Garnett,RAIL,33.74883024,-84.39563408,Airport,16.46,52.52
West End,RAIL,33.73581105,-84.41366372,Airport,222.3,9.7
Oakland City,RAIL,33.71704952,-84.42512464,Airport,10.88,2.74
Lakewood/Fort M,RAIL,33.70031817,-84.42886315,Airport,5.44,0.56
East Point,RAIL,33.67685698,-84.44074954,Airport,0.32,0.08
College Park,RAIL,33.65153306,-84.44877472,Airport,89.52,0
Auburn/Piedmont,RAIL,33.7555401,-84.38222988,Airport,0,0
Peachtree Cente,RAIL,33.75788041,-84.38759022,Airport,0,0
Carnegie/Spring,RAIL,33.75925987,-84.38944947,Airport,0,0
Woodruff Park S,RAIL,33.75630023,-84.38845983,Airport,0,0
Luckie/Cone Str,RAIL,33.75788993,-84.39008967,Airport,0,0
Centennial Olym,RAIL,33.75923989,-84.3920903,Airport,0,0
Sweet Auburn Ma,RAIL,33.75440038,-84.3802706,Airport,0,0
King Memorial,RAIL,33.75000421,-84.37543041,Airport,13.54,8.24
Airport,RAIL,33.64068199,-84.44620591,Airport,4651.82,1793.7
North Avenue,RAIL,33.77256732,-84.38699937,Airport,66.06,276.16
Doraville,RAIL,33.90298663,-84.28025261,Airport,228.5,14.55
Five Points (Gold),RAIL,33.75386763,-84.39159681,Airport,203.94,707.18
Five Points (Blue),RAIL,33.75387048,-84.3915608,Airport,347.84,183.85
Hurt Park Stree,RAIL,33.75447459,-84.3852735,Airport,0,0
Park Place Stre,RAIL,33.75506728,-84.38820241,Airport,0,0
Dobbs Plaza Str,RAIL,33.75552012,-84.37887016,Airport,0,0
