STATION,MODE,LAT,LONG,TIMEOFDAY,BOARDINGS,ALIGHTINGS
Glenwood Streetcar,RAIL,33.73976009,-84.35827037,DAILY,522.55,580.08
Howell/Bradley Streetcar,RAIL,33.75286015,-84.37429006,DAILY,232,302
King Historical District,RAIL,33.75548968,-84.37435941,DAILY,165,68
Oakland Streetcar,RAIL,33.74682005,-84.37666013,DAILY,65,105
Edgewood/Hilliard Streetc,RAIL,33.75438041,-84.37658011,DAILY,9,68
Sandy Springs,RAIL,33.93218729,-84.35208977,DAILY,3904.3,4581.08
North Springs,RAIL,33.94511896,-84.35726606,DAILY,3543.01,3758.54
Georgia State,RAIL,33.75008031,-84.38582967,DAILY,9145.72,9074.4
Inman Park/Reynoldstown,RAIL,33.75769205,-84.35251524,DAILY,2430.16,2771.64
Edgewood/Candler Park,RAIL,33.76193601,-84.33963921,DAILY,2531.98,2358.88
East Lake,RAIL,33.76519723,-84.31276946,DAILY,2344.18,2378.59
Decatur,RAIL,33.77468883,-84.29574279,DAILY,5325.31,5562.61
Avondale,RAIL,33.77514262,-84.28227057,DAILY,5839.86,5930.52
Kensington,RAIL,33.77265675,-84.25189439,DAILY,9213.92,9795.71
Indian Creek,RAIL,33.76527334,-84.23006089,DAILY,4424.09,4434.37
Dome/GWCC/Philips Arena/C,RAIL,33.75610139,-84.39712121,DAILY,5118.75,5248.58
Vine City,RAIL,33.75655043,-84.40401403,DAILY,2450.7,2330.2
Ashby,RAIL,33.75644578,-84.41724351,DAILY,3322.74,3361.1
West Lake,RAIL,33.75329302,-84.44534298,DAILY,2103.3,2103.38
Hamilton E Holmes,RAIL,33.75447364,-84.47012807,DAILY,9119.63,9467.15
Bankhead,RAIL,33.77218678,-84.42893117,DAILY,3245.82,2932.24
Peachtree Center,RAIL,33.75967751,-84.38756755,DAILY,14574.08,14620.72
Civic Center,RAIL,33.76648821,-84.38749686,DAILY,8390.19,7851.2
Midtown,RAIL,33.78111994,-84.38633917,DAILY,13795.54,15031.72
Arts Center,RAIL,33.78918261,-84.38732614,DAILY,20445.52,20789.64
Lindbergh Center,RAIL,33.8224931,-84.36959926,DAILY,29736.3,29062.68
Lenox,RAIL,33.84538918,-84.35809299,DAILY,5580.71,5484.72
Brookhaven/Oglethorpe Uni,RAIL,33.85995051,-84.33936845,DAILY,4428.93,4303.55
Chamblee,RAIL,33.88746349,-84.30635678,DAILY,4587.58,4658.33
Buckhead,RAIL,33.84806247,-84.36785871,DAILY,7721.26,9084.04
Medical Center,RAIL,33.91076675,-84.35150426,DAILY,5703,6499.68
Dunwoody,RAIL,33.92129246,-84.34435935,DAILY,7654.43,7887.89
Garnett,RAIL,33.74883024,-84.39563408,DAILY,4412.74,4438.78
West End,RAIL,33.73581105,-84.41366372,DAILY,8015.68,7481.4
Oakland City,RAIL,33.71704952,-84.42512465,DAILY,6166.47,6050.54
Lakewood/Fort McPherson,RAIL,33.70031817,-84.42886315,DAILY,4222.08,4350.34
East Point,RAIL,33.67685698,-84.44074954,DAILY,7767.4,8726.12
College Park,RAIL,33.65153306,-84.44877472,DAILY,15241.02,14790
Brawley Streetcar,RAIL,33.77304965,-84.41240066,DAILY,321.22,369.06
Auburn/Piedmont Streetcar,RAIL,33.7555401,-84.38222988,DAILY,231,200
Piedmont Streetcar,RAIL,33.77128015,-84.38188044,DAILY,252,152
Five Points Streetcar,RAIL,33.75316363,-84.39125537,DAILY,1535,2073.38
Peachtree Center Streetca,RAIL,33.75788041,-84.38759022,DAILY,255,501
Baker Streetcar,RAIL,33.76226042,-84.38755021,DAILY,557,672
Pine Streetcar,RAIL,33.76733966,-84.38536019,DAILY,148,155
Civic Center Streetcar,RAIL,33.76733015,-84.38745952,DAILY,62.77,8
King Memorial Streetcar,RAIL,33.75018021,-84.37664013,DAILY,2015.02,1344.49
Carnegie/Spring Streetcar,RAIL,33.75925987,-84.38944947,DAILY,167,86
Woodruff Park Streetcar,RAIL,33.75630023,-84.38845983,DAILY,1349.38,1196.38
Luckie/Cone Streetcar,RAIL,33.75788993,-84.39008967,DAILY,53,57
Centennial Olympic Park S,RAIL,33.75923989,-84.3920903,DAILY,83,80
Luckie/Ivan Allen Streetc,RAIL,33.76463023,-84.39613957,DAILY,488,450
Howell/Bradley Streetcar,RAIL,33.75427005,-84.36980065,DAILY,195,159
Sweet Auburn Market Stree,RAIL,33.75440038,-84.3802706,DAILY,78,159
North Angier Streetcar,RAIL,33.77112032,-84.36498048,DAILY,352.03,188
Hutting Streetcar,RAIL,33.77120023,-84.3747502,DAILY,167,139
Peachtree Streetcar,RAIL,33.77128966,-84.3849694,DAILY,667.77,651.77
Cherry Streetcar,RAIL,33.77130964,-84.39450039,DAILY,1159,856
Carroll/Boulevard Streetc,RAIL,33.74670018,-84.36810012,DAILY,290.01,282.21
Northside Streetcar,RAIL,33.77052953,-84.40483963,DAILY,221,214.04
King Memorial,RAIL,33.75000421,-84.37543042,DAILY,3479.64,4156.34
Baker/Georgia Aquarium St,RAIL,33.76252014,-84.39563008,DAILY,129,102
Airport,RAIL,33.64068199,-84.44620592,DAILY,15582.26,11490.68
North Avenue,RAIL,33.77256732,-84.38699937,DAILY,10055.36,10175.54
Doraville,RAIL,33.90298663,-84.28025261,DAILY,9297.83,9488.86
Five Points (Gold/Red),RAIL,33.75386763,-84.39159681,DAILY,60073.51,61072.72
Five Points (Blue/Green),RAIL,33.75387048,-84.3915608,DAILY,49268.42,47413.72
Kennesaw Streetcar,RAIL,33.77116598,-84.36978331,DAILY,159.9,131.77
Hurt Park Streetcar,RAIL,33.75447459,-84.3852735,DAILY,189,189
Park Place Streetcar,RAIL,33.75506728,-84.38820242,DAILY,132,222
Gaspero/Old Water Tower P,RAIL,33.75655043,-84.3668504,DAILY,118.13,161.41
Merrits/Pine Streetcar,RAIL,33.76963527,-84.39608889,DAILY,615,423
Dobbs Plaza Streetcar,RAIL,33.75552012,-84.37887016,DAILY,20,13
Bankhead Streetcar,RAIL,33.7719147,-84.42913123,DAILY,968.49,1071.23
Montgomery Ferry Streetca,RAIL,33.80048272,-84.37386726,DAILY,219.12,325.34
Ansley Mall/Piedmont  Str,RAIL,33.79543391,-84.37093968,DAILY,147,202.36
Piedmont Park/Amsterdam W,RAIL,33.78901327,-84.37045953,DAILY,286.03,318.52
Monroe/Virginia Streetcar,RAIL,33.78064426,-84.3673839,DAILY,149,170.31
Ponce City Market Streetc,RAIL,33.77274237,-84.36445231,DAILY,234.88,446.13
Angier Springs Streetcar,RAIL,33.76911583,-84.36254371,DAILY,222.46,281.53
Freedom Parkway Streetcar,RAIL,33.76389103,-84.35972816,DAILY,199.12,194.19
Highland Streetcar,RAIL,33.76130812,-84.36178081,DAILY,317.45,331.83
Boone Streetcar,RAIL,33.76365985,-84.42455914,DAILY,246.63,236.43
Lena Streetcar,RAIL,33.75751605,-84.42481255,DAILY,127.38,128.42
Martin Luther King Jr Str,RAIL,33.75336532,-84.42596224,DAILY,46,25
Napoleon Streetcar,RAIL,33.74835362,-84.42886315,DAILY,123,136.29
Sells Streetcar,RAIL,33.74519324,-84.43230423,DAILY,134,128.14
Lucille Streetcar,RAIL,33.74245526,-84.4339154,DAILY,76,86.05
Abernathy Streetcar,RAIL,33.73829787,-84.43219886,DAILY,235,246.06
Lawton Streetcar,RAIL,33.73170123,-84.42280792,DAILY,12,17
Murphy Streetcar,RAIL,33.72736689,-84.41588042,DAILY,42,50
Allene Streetcar,RAIL,33.72465745,-84.4129635,DAILY,12,10
University Streetcar,RAIL,33.72225054,-84.41163642,DAILY,55,58
Irwin Streetcar,RAIL,33.75755981,-84.36492046,DAILY,128.19,117.11
Covington Highway,RAIL,33.75491221,-84.23257367,DAILY,1372.56,1539.9
Wesley Chapel,RAIL,33.71266286,-84.21862531,DAILY,7857.39,7734.83
Wesley Chapel BRT,RAIL,33.71295302,-84.21788908,DAILY,624.91,380
Northridge,RAIL,33.98330796,-84.34179722,DAILY,2653.7,2975.83
Holcomb Bridge,RAIL,34.01974839,-84.32522536,DAILY,10812.23,9710.38
Lindbergh Center LRT,RAIL,33.82172155,-84.36953123,DAILY,9288.04,9037.99
Cheshire Bridge LRT,RAIL,33.81092947,-84.35481596,DAILY,694.6,583.52
Sage Hill/Briarcliff LRT,RAIL,33.80590159,-84.33776128,DAILY,678.12,649.17
CDC/Emory Point LRT,RAIL,33.7994448,-84.32499062,DAILY,1448.55,1483.49
Emory/Rollins LRT,RAIL,33.79673155,-84.32219508,DAILY,6047.11,6092.74
Emory/Clairmont LRT,RAIL,33.79500866,-84.31113028,DAILY,982.69,1011.7
North Decatur LRT,RAIL,33.78937478,-84.30764252,DAILY,1204.92,1485.42
Candler Road BRT,RAIL,33.71138329,-84.2745855,DAILY,1741,1971.29
Gresham Road BRT,RAIL,33.71673748,-84.30979253,DAILY,817.83,796.19
Glenwood Road BRT,RAIL,33.73910176,-84.33023093,DAILY,455.07,83.35
Moreland Avenue BRT,RAIL,33.74684097,-84.35031188,DAILY,447.24,365.42
Bill Kennedy Streetcar,RAIL,33.7454149,-84.35825037,DAILY,149,281
Glenwood Memorial BRT,RAIL,33.74559947,-84.35885989,DAILY,327.24,209.66
Five Points BRT,RAIL,33.75341764,-84.39167017,DAILY,2643.56,3250.94
Finley Streetcar,RAIL,33.77323041,-84.42207036,DAILY,63,101
Kennesaw State University,RAIL,34.03622478,-84.58053999,DAILY,813.88,773.51
Town Center BRT,RAIL,34.02802321,-84.57041015,DAILY,902.21,879.3
Barrett Lakes Boulevard B,RAIL,34.00301513,-84.56915776,DAILY,446.64,431.64
WellStar Kennestone BRT,RAIL,33.97724027,-84.55092805,DAILY,375.62,412.33
Allgood Road BRT,RAIL,33.9669562,-84.53656621,DAILY,352,363.63
North Marietta Parkway BR,RAIL,33.9595119,-84.52858371,DAILY,499.55,527.44
Roswell Road BRT,RAIL,33.95029715,-84.52134011,DAILY,746.3,679.86
South Marietta Parkway BR,RAIL,33.93616393,-84.51378041,DAILY,1429.86,1463.38
Dobbins BRT,RAIL,33.91749944,-84.50219012,DAILY,483.25,493.69
Windy Hill Road BRT,RAIL,33.90179459,-84.48752152,DAILY,998.8,1104.19
Cumberland North BRT,RAIL,33.88882867,-84.47546174,DAILY,1027.93,1017.15
Cumberland South BRT,RAIL,33.88066706,-84.46476239,DAILY,1865.69,2088.99
Arts Center BRT,RAIL,33.78884203,-84.38735148,DAILY,5493.25,5209.26
White Circle BRT,RAIL,33.98720373,-84.57315901,DAILY,728,700.94
Battlefield BRT,RAIL,33.98097431,-84.55918396,DAILY,260.53,278.2
East Point Comuter Rail,RAIL,33.67765041,-84.43923973,DAILY,37,36
Hapeville Commuter Rail,RAIL,33.65902778,-84.40952643,DAILY,140,145
Mountain View Commuter Ra,RAIL,33.64200531,-84.39023372,DAILY,122.16,140.33
Forest Park Commuter Rail,RAIL,33.62008626,-84.3632386,DAILY,211,199
Clayton State Commuter Ra,RAIL,33.59478041,-84.33478169,DAILY,619,610
Southlake Commuter Rail,RAIL,33.5748687,-84.34137575,DAILY,365,353
Jonesboro Commuter Rail,RAIL,33.52257787,-84.35420243,DAILY,414.06,464
Lovejoy Commuter Rail,RAIL,33.43579498,-84.31349235,DAILY,306.27,267.16
Glenwood Streetcar,RAIL,33.73976009,-84.35827037,EA,0,0
Howell/Bradley Streetcar,RAIL,33.75286015,-84.37429006,EA,0,0
King Historical District,RAIL,33.75548968,-84.37435941,EA,0,0
Oakland Streetcar,RAIL,33.74682005,-84.37666013,EA,0,0
Edgewood/Hilliard Streetc,RAIL,33.75438041,-84.37658011,EA,0,0
Sandy Springs,RAIL,33.93218729,-84.35208977,EA,43,191
North Springs,RAIL,33.94511896,-84.35726606,EA,55,86
Georgia State,RAIL,33.75008031,-84.38582967,EA,35,258
Inman Park/Reynoldstown,RAIL,33.75769205,-84.35251524,EA,105,29
Edgewood/Candler Park,RAIL,33.76193601,-84.33963921,EA,137,43
East Lake,RAIL,33.76519723,-84.31276946,EA,40,18
Decatur,RAIL,33.77468883,-84.29574279,EA,57,124
Avondale,RAIL,33.77514262,-84.28227057,EA,120,105
Kensington,RAIL,33.77265675,-84.25189439,EA,343,67
Indian Creek,RAIL,33.76527334,-84.23006089,EA,80,10
Dome/GWCC/Philips Arena/C,RAIL,33.75610139,-84.39712121,EA,16,148
Vine City,RAIL,33.75655043,-84.40401403,EA,56,64
Ashby,RAIL,33.75644578,-84.41724351,EA,182,45
West Lake,RAIL,33.75329302,-84.44534298,EA,93,15
Hamilton E Holmes,RAIL,33.75447364,-84.47012807,EA,259,68
Bankhead,RAIL,33.77218678,-84.42893117,EA,92,32
Peachtree Center,RAIL,33.75967751,-84.38756755,EA,102,856
Civic Center,RAIL,33.76648821,-84.38749686,EA,186,300
Midtown,RAIL,33.78111994,-84.38633917,EA,270,563
Arts Center,RAIL,33.78918261,-84.38732614,EA,295,806
Lindbergh Center,RAIL,33.8224931,-84.36959926,EA,1995,453
Lenox,RAIL,33.84538918,-84.35809299,EA,33,265
Brookhaven/Oglethorpe Uni,RAIL,33.85995051,-84.33936845,EA,83,63
Chamblee,RAIL,33.88746349,-84.30635678,EA,97,125
Buckhead,RAIL,33.84806247,-84.36785871,EA,67,346
Medical Center,RAIL,33.91076675,-84.35150426,EA,31,399
Dunwoody,RAIL,33.92129246,-84.34435935,EA,148,324
Garnett,RAIL,33.74883024,-84.39563408,EA,101,255
West End,RAIL,33.73581105,-84.41366372,EA,885,57
Oakland City,RAIL,33.71704952,-84.42512465,EA,408,50
Lakewood/Fort McPherson,RAIL,33.70031817,-84.42886315,EA,308,33
East Point,RAIL,33.67685698,-84.44074954,EA,486,137
College Park,RAIL,33.65153306,-84.44877472,EA,1157,136
Brawley Streetcar,RAIL,33.77304965,-84.41240066,EA,0,0
Auburn/Piedmont Streetcar,RAIL,33.7555401,-84.38222988,EA,0,0
Piedmont Streetcar,RAIL,33.77128015,-84.38188044,EA,0,0
Five Points Streetcar,RAIL,33.75316363,-84.39125537,EA,5,39
Peachtree Center Streetca,RAIL,33.75788041,-84.38759022,EA,0,0
Baker Streetcar,RAIL,33.76226042,-84.38755021,EA,0,4
Pine Streetcar,RAIL,33.76733966,-84.38536019,EA,0,0
Civic Center Streetcar,RAIL,33.76733015,-84.38745952,EA,0,0
King Memorial Streetcar,RAIL,33.75018021,-84.37664013,EA,0,0
Carnegie/Spring Streetcar,RAIL,33.75925987,-84.38944947,EA,0,0
Woodruff Park Streetcar,RAIL,33.75630023,-84.38845983,EA,0,0
Luckie/Cone Streetcar,RAIL,33.75788993,-84.39008967,EA,0,0
Centennial Olympic Park S,RAIL,33.75923989,-84.3920903,EA,0,0
Luckie/Ivan Allen Streetc,RAIL,33.76463023,-84.39613957,EA,10,0
Howell/Bradley Streetcar,RAIL,33.75427005,-84.36980065,EA,0,0
Sweet Auburn Market Stree,RAIL,33.75440038,-84.3802706,EA,0,0
North Angier Streetcar,RAIL,33.77112032,-84.36498048,EA,0,0
Hutting Streetcar,RAIL,33.77120023,-84.3747502,EA,1,0
Peachtree Streetcar,RAIL,33.77128966,-84.3849694,EA,0,1
Cherry Streetcar,RAIL,33.77130964,-84.39450039,EA,11,9
Carroll/Boulevard Streetc,RAIL,33.74670018,-84.36810012,EA,0,0
Northside Streetcar,RAIL,33.77052953,-84.40483963,EA,0,0
King Memorial,RAIL,33.75000421,-84.37543042,EA,114,52
Baker/Georgia Aquarium St,RAIL,33.76252014,-84.39563008,EA,0,0
Airport,RAIL,33.64068199,-84.44620592,EA,73,1104
North Avenue,RAIL,33.77256732,-84.38699937,EA,252,523
Doraville,RAIL,33.90298663,-84.28025261,EA,231,76
Five Points (Gold/Red),RAIL,33.75386763,-84.39159681,EA,1365,1691
Five Points (Blue/Green),RAIL,33.75387048,-84.3915608,EA,293,1078
Kennesaw Streetcar,RAIL,33.77116598,-84.36978331,EA,0,0
Hurt Park Streetcar,RAIL,33.75447459,-84.3852735,EA,0,0
Park Place Streetcar,RAIL,33.75506728,-84.38820242,EA,0,0
Gaspero/Old Water Tower P,RAIL,33.75655043,-84.3668504,EA,0,0
Merrits/Pine Streetcar,RAIL,33.76963527,-84.39608889,EA,1,0
Dobbs Plaza Streetcar,RAIL,33.75552012,-84.37887016,EA,0,0
Bankhead Streetcar,RAIL,33.7719147,-84.42913123,EA,0,0
Montgomery Ferry Streetca,RAIL,33.80048272,-84.37386726,EA,0,0
Ansley Mall/Piedmont  Str,RAIL,33.79543391,-84.37093968,EA,0,0
Piedmont Park/Amsterdam W,RAIL,33.78901327,-84.37045953,EA,0,0
Monroe/Virginia Streetcar,RAIL,33.78064426,-84.3673839,EA,0,0
Ponce City Market Streetc,RAIL,33.77274237,-84.36445231,EA,0,0
Angier Springs Streetcar,RAIL,33.76911583,-84.36254371,EA,0,0
Freedom Parkway Streetcar,RAIL,33.76389103,-84.35972816,EA,0,0
Highland Streetcar,RAIL,33.76130812,-84.36178081,EA,0,0
Boone Streetcar,RAIL,33.76365985,-84.42455914,EA,0,0
Lena Streetcar,RAIL,33.75751605,-84.42481255,EA,0,0
Martin Luther King Jr Str,RAIL,33.75336532,-84.42596224,EA,0,0
Napoleon Streetcar,RAIL,33.74835362,-84.42886315,EA,0,0
Sells Streetcar,RAIL,33.74519324,-84.43230423,EA,0,0
Lucille Streetcar,RAIL,33.74245526,-84.4339154,EA,0,0
Abernathy Streetcar,RAIL,33.73829787,-84.43219886,EA,0,0
Lawton Streetcar,RAIL,33.73170123,-84.42280792,EA,0,0
Murphy Streetcar,RAIL,33.72736689,-84.41588042,EA,0,0
Allene Streetcar,RAIL,33.72465745,-84.4129635,EA,0,0
University Streetcar,RAIL,33.72225054,-84.41163642,EA,0,0
Irwin Streetcar,RAIL,33.75755981,-84.36492046,EA,0,0
Covington Highway,RAIL,33.75491221,-84.23257367,EA,37,2
Wesley Chapel,RAIL,33.71266286,-84.21862531,EA,102,3
Wesley Chapel BRT,RAIL,33.71295302,-84.21788908,EA,264,11
Northridge,RAIL,33.98330796,-84.34179722,EA,68,55
Holcomb Bridge,RAIL,34.01974839,-84.32522536,EA,305,150
Lindbergh Center LRT,RAIL,33.82172155,-84.36953123,EA,0,0
Cheshire Bridge LRT,RAIL,33.81092947,-84.35481596,EA,0,0
Sage Hill/Briarcliff LRT,RAIL,33.80590159,-84.33776128,EA,0,0
CDC/Emory Point LRT,RAIL,33.7994448,-84.32499062,EA,0,0
Emory/Rollins LRT,RAIL,33.79673155,-84.32219508,EA,0,0
Emory/Clairmont LRT,RAIL,33.79500866,-84.31113028,EA,0,0
North Decatur LRT,RAIL,33.78937478,-84.30764252,EA,0,0
Candler Road BRT,RAIL,33.71138329,-84.2745855,EA,137,18
Gresham Road BRT,RAIL,33.71673748,-84.30979253,EA,47,2
Glenwood Road BRT,RAIL,33.73910176,-84.33023093,EA,52,6
Moreland Avenue BRT,RAIL,33.74684097,-84.35031188,EA,23,12
Bill Kennedy Streetcar,RAIL,33.7454149,-84.35825037,EA,0,0
Glenwood Memorial BRT,RAIL,33.74559947,-84.35885989,EA,22,4
Five Points BRT,RAIL,33.75341764,-84.39167017,EA,31,523
Finley Streetcar,RAIL,33.77323041,-84.42207036,EA,0,0
Kennesaw State University,RAIL,34.03622478,-84.58053999,EA,2,22
Town Center BRT,RAIL,34.02802321,-84.57041015,EA,36,9
Barrett Lakes Boulevard B,RAIL,34.00301513,-84.56915776,EA,28,14
WellStar Kennestone BRT,RAIL,33.97724027,-84.55092805,EA,16,19
Allgood Road BRT,RAIL,33.9669562,-84.53656621,EA,10,16
North Marietta Parkway BR,RAIL,33.9595119,-84.52858371,EA,17,12
Roswell Road BRT,RAIL,33.95029715,-84.52134011,EA,32,22
South Marietta Parkway BR,RAIL,33.93616393,-84.51378041,EA,11,36
Dobbins BRT,RAIL,33.91749944,-84.50219012,EA,3,43
Windy Hill Road BRT,RAIL,33.90179459,-84.48752152,EA,22,45
Cumberland North BRT,RAIL,33.88882867,-84.47546174,EA,46,51
Cumberland South BRT,RAIL,33.88066706,-84.46476239,EA,59,96
Arts Center BRT,RAIL,33.78884203,-84.38735148,EA,204,85
White Circle BRT,RAIL,33.98720373,-84.57315901,EA,30,45
Battlefield BRT,RAIL,33.98097431,-84.55918396,EA,7,8
East Point Comuter Rail,RAIL,33.67765041,-84.43923973,EA,0,0
Hapeville Commuter Rail,RAIL,33.65902778,-84.40952643,EA,0,4
Mountain View Commuter Ra,RAIL,33.64200531,-84.39023372,EA,1,2
Forest Park Commuter Rail,RAIL,33.62008626,-84.3632386,EA,1,1
Clayton State Commuter Ra,RAIL,33.59478041,-84.33478169,EA,2,5
Southlake Commuter Rail,RAIL,33.5748687,-84.34137575,EA,2,1
Jonesboro Commuter Rail,RAIL,33.52257787,-84.35420243,EA,4,2
Lovejoy Commuter Rail,RAIL,33.43579498,-84.31349235,EA,5,0
Glenwood Streetcar,RAIL,33.73976009,-84.35827037,AM,230,141
Howell/Bradley Streetcar,RAIL,33.75286015,-84.37429006,AM,53,74
King Historical District,RAIL,33.75548968,-84.37435941,AM,73,15
Oakland Streetcar,RAIL,33.74682005,-84.37666013,AM,17,26
Edgewood/Hilliard Streetc,RAIL,33.75438041,-84.37658011,AM,5,3
Sandy Springs,RAIL,33.93218729,-84.35208977,AM,795,1796
North Springs,RAIL,33.94511896,-84.35726606,AM,1531,1073
Georgia State,RAIL,33.75008031,-84.38582967,AM,919,5505
Inman Park/Reynoldstown,RAIL,33.75769205,-84.35251524,AM,960,500
Edgewood/Candler Park,RAIL,33.76193601,-84.33963921,AM,1108,460
East Lake,RAIL,33.76519723,-84.31276946,AM,1357,249
Decatur,RAIL,33.77468883,-84.29574279,AM,1053,2412
Avondale,RAIL,33.77514262,-84.28227057,AM,2325,1542
Kensington,RAIL,33.77265675,-84.25189439,AM,4740,1485
Indian Creek,RAIL,33.76527334,-84.23006089,AM,2881,335
Dome/GWCC/Philips Arena/C,RAIL,33.75610139,-84.39712121,AM,494,2654
Vine City,RAIL,33.75655043,-84.40401403,AM,599,658
Ashby,RAIL,33.75644578,-84.41724351,AM,1072,899
West Lake,RAIL,33.75329302,-84.44534298,AM,881,313
Hamilton E Holmes,RAIL,33.75447364,-84.47012807,AM,5221,1219
Bankhead,RAIL,33.77218678,-84.42893117,AM,1321,621
Peachtree Center,RAIL,33.75967751,-84.38756755,AM,1673,7237
Civic Center,RAIL,33.76648821,-84.38749686,AM,3158,2547
Midtown,RAIL,33.78111994,-84.38633917,AM,2595,6384
Arts Center,RAIL,33.78918261,-84.38732614,AM,4303,8208
Lindbergh Center,RAIL,33.8224931,-84.36959926,AM,7350,9535
Lenox,RAIL,33.84538918,-84.35809299,AM,854,2183
Brookhaven/Oglethorpe Uni,RAIL,33.85995051,-84.33936845,AM,2037,841
Chamblee,RAIL,33.88746349,-84.30635678,AM,1817,1292
Buckhead,RAIL,33.84806247,-84.36785871,AM,1034,4419
Medical Center,RAIL,33.91076675,-84.35150426,AM,611,3174
Dunwoody,RAIL,33.92129246,-84.34435935,AM,1978,3298
Garnett,RAIL,33.74883024,-84.39563408,AM,565,2120
West End,RAIL,33.73581105,-84.41366372,AM,2834,1497
Oakland City,RAIL,33.71704952,-84.42512465,AM,3036,641
Lakewood/Fort McPherson,RAIL,33.70031817,-84.42886315,AM,2218,455
East Point,RAIL,33.67685698,-84.44074954,AM,3345,1585
College Park,RAIL,33.65153306,-84.44877472,AM,9571,1334
Brawley Streetcar,RAIL,33.77304965,-84.41240066,AM,88,154
Auburn/Piedmont Streetcar,RAIL,33.7555401,-84.38222988,AM,49,98
Piedmont Streetcar,RAIL,33.77128015,-84.38188044,AM,125,32
Five Points Streetcar,RAIL,33.75316363,-84.39125537,AM,348,991
Peachtree Center Streetca,RAIL,33.75788041,-84.38759022,AM,106,243
Baker Streetcar,RAIL,33.76226042,-84.38755021,AM,175.98,473.99
Pine Streetcar,RAIL,33.76733966,-84.38536019,AM,55,65
Civic Center Streetcar,RAIL,33.76733015,-84.38745952,AM,26,2
King Memorial Streetcar,RAIL,33.75018021,-84.37664013,AM,686,343
Carnegie/Spring Streetcar,RAIL,33.75925987,-84.38944947,AM,30,39
Woodruff Park Streetcar,RAIL,33.75630023,-84.38845983,AM,438,457
Luckie/Cone Streetcar,RAIL,33.75788993,-84.39008967,AM,13,19
Centennial Olympic Park S,RAIL,33.75923989,-84.3920903,AM,28,26
Luckie/Ivan Allen Streetc,RAIL,33.76463023,-84.39613957,AM,155,127
Howell/Bradley Streetcar,RAIL,33.75427005,-84.36980065,AM,83,70
Sweet Auburn Market Stree,RAIL,33.75440038,-84.3802706,AM,9,82
North Angier Streetcar,RAIL,33.77112032,-84.36498048,AM,120,45
Hutting Streetcar,RAIL,33.77120023,-84.3747502,AM,80,26
Peachtree Streetcar,RAIL,33.77128966,-84.3849694,AM,260,280
Cherry Streetcar,RAIL,33.77130964,-84.39450039,AM,190,460
Carroll/Boulevard Streetc,RAIL,33.74670018,-84.36810012,AM,130,78
Northside Streetcar,RAIL,33.77052953,-84.40483963,AM,49,141
King Memorial,RAIL,33.75000421,-84.37543042,AM,1073,1133
Baker/Georgia Aquarium St,RAIL,33.76252014,-84.39563008,AM,28,38
Airport,RAIL,33.64068199,-84.44620592,AM,587,4453
North Avenue,RAIL,33.77256732,-84.38699937,AM,1547,4397
Doraville,RAIL,33.90298663,-84.28025261,AM,5753,1085
Five Points (Gold/Red),RAIL,33.75386763,-84.39159681,AM,21550,18292
Five Points (Blue/Green),RAIL,33.75387048,-84.3915608,AM,10206,22765
Kennesaw Streetcar,RAIL,33.77116598,-84.36978331,AM,71,40
Hurt Park Streetcar,RAIL,33.75447459,-84.3852735,AM,34,88
Park Place Streetcar,RAIL,33.75506728,-84.38820242,AM,29,105
Gaspero/Old Water Tower P,RAIL,33.75655043,-84.3668504,AM,31,70
Merrits/Pine Streetcar,RAIL,33.76963527,-84.39608889,AM,89,230
Dobbs Plaza Streetcar,RAIL,33.75552012,-84.37887016,AM,13,0
Bankhead Streetcar,RAIL,33.7719147,-84.42913123,AM,405,303
Montgomery Ferry Streetca,RAIL,33.80048272,-84.37386726,AM,57,120
Ansley Mall/Piedmont  Str,RAIL,33.79543391,-84.37093968,AM,54,41
Piedmont Park/Amsterdam W,RAIL,33.78901327,-84.37045953,AM,41,147
Monroe/Virginia Streetcar,RAIL,33.78064426,-84.3673839,AM,49,58
Ponce City Market Streetc,RAIL,33.77274237,-84.36445231,AM,61,173
Angier Springs Streetcar,RAIL,33.76911583,-84.36254371,AM,110,56
Freedom Parkway Streetcar,RAIL,33.76389103,-84.35972816,AM,70,57
Highland Streetcar,RAIL,33.76130812,-84.36178081,AM,134,81
Boone Streetcar,RAIL,33.76365985,-84.42455914,AM,119,39
Lena Streetcar,RAIL,33.75751605,-84.42481255,AM,55,28
Martin Luther King Jr Str,RAIL,33.75336532,-84.42596224,AM,27,4
Napoleon Streetcar,RAIL,33.74835362,-84.42886315,AM,68,33
Sells Streetcar,RAIL,33.74519324,-84.43230423,AM,58,29
Lucille Streetcar,RAIL,33.74245526,-84.4339154,AM,44,14
Abernathy Streetcar,RAIL,33.73829787,-84.43219886,AM,77,45
Lawton Streetcar,RAIL,33.73170123,-84.42280792,AM,6,5
Murphy Streetcar,RAIL,33.72736689,-84.41588042,AM,14,7
Allene Streetcar,RAIL,33.72465745,-84.4129635,AM,7,1
University Streetcar,RAIL,33.72225054,-84.41163642,AM,21,12
Irwin Streetcar,RAIL,33.75755981,-84.36492046,AM,60,23
Covington Highway,RAIL,33.75491221,-84.23257367,AM,879,108
Wesley Chapel,RAIL,33.71266286,-84.21862531,AM,6049,280
Wesley Chapel BRT,RAIL,33.71295302,-84.21788908,AM,109,112
Northridge,RAIL,33.98330796,-84.34179722,AM,1304,573
Holcomb Bridge,RAIL,34.01974839,-84.32522536,AM,7304,931
Lindbergh Center LRT,RAIL,33.82172155,-84.36953123,AM,6070,933
Cheshire Bridge LRT,RAIL,33.81092947,-84.35481596,AM,343,144
Sage Hill/Briarcliff LRT,RAIL,33.80590159,-84.33776128,AM,336,180
CDC/Emory Point LRT,RAIL,33.7994448,-84.32499062,AM,100,1092
Emory/Rollins LRT,RAIL,33.79673155,-84.32219508,AM,129,4743
Emory/Clairmont LRT,RAIL,33.79500866,-84.31113028,AM,111,665
North Decatur LRT,RAIL,33.78937478,-84.30764252,AM,826,158
Candler Road BRT,RAIL,33.71138329,-84.2745855,AM,869,266
Gresham Road BRT,RAIL,33.71673748,-84.30979253,AM,471,87
Glenwood Road BRT,RAIL,33.73910176,-84.33023093,AM,194,38
Moreland Avenue BRT,RAIL,33.74684097,-84.35031188,AM,130,88
Bill Kennedy Streetcar,RAIL,33.7454149,-84.35825037,AM,75,30
Glenwood Memorial BRT,RAIL,33.74559947,-84.35885989,AM,41,78
Five Points BRT,RAIL,33.75341764,-84.39167017,AM,312,1457
Finley Streetcar,RAIL,33.77323041,-84.42207036,AM,26,15
Kennesaw State University,RAIL,34.03622478,-84.58053999,AM,131,382
Town Center BRT,RAIL,34.02802321,-84.57041015,AM,539,34
Barrett Lakes Boulevard B,RAIL,34.00301513,-84.56915776,AM,172,97
WellStar Kennestone BRT,RAIL,33.97724027,-84.55092805,AM,135,124
Allgood Road BRT,RAIL,33.9669562,-84.53656621,AM,154,102
North Marietta Parkway BR,RAIL,33.9595119,-84.52858371,AM,237,106
Roswell Road BRT,RAIL,33.95029715,-84.52134011,AM,350,107
South Marietta Parkway BR,RAIL,33.93616393,-84.51378041,AM,85,811
Dobbins BRT,RAIL,33.91749944,-84.50219012,AM,66,236
Windy Hill Road BRT,RAIL,33.90179459,-84.48752152,AM,384,308
Cumberland North BRT,RAIL,33.88882867,-84.47546174,AM,339,364
Cumberland South BRT,RAIL,33.88066706,-84.46476239,AM,461,730
Arts Center BRT,RAIL,33.78884203,-84.38735148,AM,1841,1673
White Circle BRT,RAIL,33.98720373,-84.57315901,AM,281,192
Battlefield BRT,RAIL,33.98097431,-84.55918396,AM,132,41
East Point Comuter Rail,RAIL,33.67765041,-84.43923973,AM,17,15
Hapeville Commuter Rail,RAIL,33.65902778,-84.40952643,AM,19,100
Mountain View Commuter Ra,RAIL,33.64200531,-84.39023372,AM,39,64
Forest Park Commuter Rail,RAIL,33.62008626,-84.3632386,AM,142,30
Clayton State Commuter Ra,RAIL,33.59478041,-84.33478169,AM,77,381
Southlake Commuter Rail,RAIL,33.5748687,-84.34137575,AM,168,110
Jonesboro Commuter Rail,RAIL,33.52257787,-84.35420243,AM,167,159
Lovejoy Commuter Rail,RAIL,33.43579498,-84.31349235,AM,237,7
Glenwood Streetcar,RAIL,33.73976009,-84.35827037,MD,110,140
Howell/Bradley Streetcar,RAIL,33.75286015,-84.37429006,MD,63,79
King Historical District,RAIL,33.75548968,-84.37435941,MD,46,24
Oakland Streetcar,RAIL,33.74682005,-84.37666013,MD,21,31
Edgewood/Hilliard Streetc,RAIL,33.75438041,-84.37658011,MD,0,17
Sandy Springs,RAIL,33.93218729,-84.35208977,MD,706,699
North Springs,RAIL,33.94511896,-84.35726606,MD,454,451
Georgia State,RAIL,33.75008031,-84.38582967,MD,1798,1739
Inman Park/Reynoldstown,RAIL,33.75769205,-84.35251524,MD,501,615
Edgewood/Candler Park,RAIL,33.76193601,-84.33963921,MD,505,494
East Lake,RAIL,33.76519723,-84.31276946,MD,419,408
Decatur,RAIL,33.77468883,-84.29574279,MD,1163,1211
Avondale,RAIL,33.77514262,-84.28227057,MD,1066,1006
Kensington,RAIL,33.77265675,-84.25189439,MD,1628,1608
Indian Creek,RAIL,33.76527334,-84.23006089,MD,730,724
Dome/GWCC/Philips Arena/C,RAIL,33.75610139,-84.39712121,MD,1083,1163
Vine City,RAIL,33.75655043,-84.40401403,MD,505,578
Ashby,RAIL,33.75644578,-84.41724351,MD,641,644
West Lake,RAIL,33.75329302,-84.44534298,MD,483,434
Hamilton E Holmes,RAIL,33.75447364,-84.47012807,MD,1643,1511
Bankhead,RAIL,33.77218678,-84.42893117,MD,751,586
Peachtree Center,RAIL,33.75967751,-84.38756755,MD,2907,3058
Civic Center,RAIL,33.76648821,-84.38749686,MD,1268,1284
Midtown,RAIL,33.78111994,-84.38633917,MD,2740,2860
Arts Center,RAIL,33.78918261,-84.38732614,MD,3666,3722
Lindbergh Center,RAIL,33.8224931,-84.36959926,MD,4377,4475
Lenox,RAIL,33.84538918,-84.35809299,MD,1075,914
Brookhaven/Oglethorpe Uni,RAIL,33.85995051,-84.33936845,MD,752,692
Chamblee,RAIL,33.88746349,-84.30635678,MD,819,767
Buckhead,RAIL,33.84806247,-84.36785871,MD,1240,1419
Medical Center,RAIL,33.91076675,-84.35150426,MD,917,1028
Dunwoody,RAIL,33.92129246,-84.34435935,MD,1186,1226
Garnett,RAIL,33.74883024,-84.39563408,MD,948,932
West End,RAIL,33.73581105,-84.41366372,MD,1693,1566
Oakland City,RAIL,33.71704952,-84.42512465,MD,1258,1170
Lakewood/Fort McPherson,RAIL,33.70031817,-84.42886315,MD,784,751
East Point,RAIL,33.67685698,-84.44074954,MD,1667,1575
College Park,RAIL,33.65153306,-84.44877472,MD,2200,2126
Brawley Streetcar,RAIL,33.77304965,-84.41240066,MD,71,72
Auburn/Piedmont Streetcar,RAIL,33.7555401,-84.38222988,MD,64,51
Piedmont Streetcar,RAIL,33.77128015,-84.38188044,MD,58,39
Five Points Streetcar,RAIL,33.75316363,-84.39125537,MD,223,288
Peachtree Center Streetca,RAIL,33.75788041,-84.38759022,MD,47,126
Baker Streetcar,RAIL,33.76226042,-84.38755021,MD,35,42
Pine Streetcar,RAIL,33.76733966,-84.38536019,MD,46,35
Civic Center Streetcar,RAIL,33.76733015,-84.38745952,MD,9,1
King Memorial Streetcar,RAIL,33.75018021,-84.37664013,MD,437,248
Carnegie/Spring Streetcar,RAIL,33.75925987,-84.38944947,MD,47,22
Woodruff Park Streetcar,RAIL,33.75630023,-84.38845983,MD,288,253
Luckie/Cone Streetcar,RAIL,33.75788993,-84.39008967,MD,16,20
Centennial Olympic Park S,RAIL,33.75923989,-84.3920903,MD,25,21
Luckie/Ivan Allen Streetc,RAIL,33.76463023,-84.39613957,MD,113,99
Howell/Bradley Streetcar,RAIL,33.75427005,-84.36980065,MD,52,43
Sweet Auburn Market Stree,RAIL,33.75440038,-84.3802706,MD,25,31
North Angier Streetcar,RAIL,33.77112032,-84.36498048,MD,100,45
Hutting Streetcar,RAIL,33.77120023,-84.3747502,MD,27,39
Peachtree Streetcar,RAIL,33.77128966,-84.3849694,MD,135,129
Cherry Streetcar,RAIL,33.77130964,-84.39450039,MD,264,224
Carroll/Boulevard Streetc,RAIL,33.74670018,-84.36810012,MD,56,51
Northside Streetcar,RAIL,33.77052953,-84.40483963,MD,30,26
King Memorial,RAIL,33.75000421,-84.37543042,MD,740,934
Baker/Georgia Aquarium St,RAIL,33.76252014,-84.39563008,MD,40,32
Airport,RAIL,33.64068199,-84.44620592,MD,1201,1134
North Avenue,RAIL,33.77256732,-84.38699937,MD,1844,1899
Doraville,RAIL,33.90298663,-84.28025261,MD,1310,1298
Five Points (Gold/Red),RAIL,33.75386763,-84.39159681,MD,10451,10652
Five Points (Blue/Green),RAIL,33.75387048,-84.3915608,MD,8459,8636
Kennesaw Streetcar,RAIL,33.77116598,-84.36978331,MD,36,30
Hurt Park Streetcar,RAIL,33.75447459,-84.3852735,MD,46,50
Park Place Streetcar,RAIL,33.75506728,-84.38820242,MD,35,54
Gaspero/Old Water Tower P,RAIL,33.75655043,-84.3668504,MD,27,37
Merrits/Pine Streetcar,RAIL,33.76963527,-84.39608889,MD,141,87
Dobbs Plaza Streetcar,RAIL,33.75552012,-84.37887016,MD,3,5
Bankhead Streetcar,RAIL,33.7719147,-84.42913123,MD,213,249
Montgomery Ferry Streetca,RAIL,33.80048272,-84.37386726,MD,56,74
Ansley Mall/Piedmont  Str,RAIL,33.79543391,-84.37093968,MD,46,60
Piedmont Park/Amsterdam W,RAIL,33.78901327,-84.37045953,MD,69,80
Monroe/Virginia Streetcar,RAIL,33.78064426,-84.3673839,MD,50,50
Ponce City Market Streetc,RAIL,33.77274237,-84.36445231,MD,51,125
Angier Springs Streetcar,RAIL,33.76911583,-84.36254371,MD,53,61
Freedom Parkway Streetcar,RAIL,33.76389103,-84.35972816,MD,46,47
Highland Streetcar,RAIL,33.76130812,-84.36178081,MD,66,74
Boone Streetcar,RAIL,33.76365985,-84.42455914,MD,63,72
Lena Streetcar,RAIL,33.75751605,-84.42481255,MD,30,32
Martin Luther King Jr Str,RAIL,33.75336532,-84.42596224,MD,13,11
Napoleon Streetcar,RAIL,33.74835362,-84.42886315,MD,22,23
Sells Streetcar,RAIL,33.74519324,-84.43230423,MD,41,38
Lucille Streetcar,RAIL,33.74245526,-84.4339154,MD,14,22
Abernathy Streetcar,RAIL,33.73829787,-84.43219886,MD,65,69
Lawton Streetcar,RAIL,33.73170123,-84.42280792,MD,2,5
Murphy Streetcar,RAIL,33.72736689,-84.41588042,MD,18,13
Allene Streetcar,RAIL,33.72465745,-84.4129635,MD,3,2
University Streetcar,RAIL,33.72225054,-84.41163642,MD,17,16
Irwin Streetcar,RAIL,33.75755981,-84.36492046,MD,27,22
Covington Highway,RAIL,33.75491221,-84.23257367,MD,275,268
Wesley Chapel,RAIL,33.71266286,-84.21862531,MD,1180,1011
Wesley Chapel BRT,RAIL,33.71295302,-84.21788908,MD,69,84
Northridge,RAIL,33.98330796,-84.34179722,MD,442,372
Holcomb Bridge,RAIL,34.01974839,-84.32522536,MD,1200,1035
Lindbergh Center LRT,RAIL,33.82172155,-84.36953123,MD,1282,1246
Cheshire Bridge LRT,RAIL,33.81092947,-84.35481596,MD,111,85
Sage Hill/Briarcliff LRT,RAIL,33.80590159,-84.33776128,MD,82,84
CDC/Emory Point LRT,RAIL,33.7994448,-84.32499062,MD,175,180
Emory/Rollins LRT,RAIL,33.79673155,-84.32219508,MD,842,942
Emory/Clairmont LRT,RAIL,33.79500866,-84.31113028,MD,139,154
North Decatur LRT,RAIL,33.78937478,-84.30764252,MD,155,95
Candler Road BRT,RAIL,33.71138329,-84.2745855,MD,353,379
Gresham Road BRT,RAIL,33.71673748,-84.30979253,MD,140,147
Glenwood Road BRT,RAIL,33.73910176,-84.33023093,MD,82,15
Moreland Avenue BRT,RAIL,33.74684097,-84.35031188,MD,83,65
Bill Kennedy Streetcar,RAIL,33.7454149,-84.35825037,MD,42,93
Glenwood Memorial BRT,RAIL,33.74559947,-84.35885989,MD,77,41
Five Points BRT,RAIL,33.75341764,-84.39167017,MD,457,530
Finley Streetcar,RAIL,33.77323041,-84.42207036,MD,14,26
Kennesaw State University,RAIL,34.03622478,-84.58053999,MD,137,265
Town Center BRT,RAIL,34.02802321,-84.57041015,MD,267,156
Barrett Lakes Boulevard B,RAIL,34.00301513,-84.56915776,MD,84,77
WellStar Kennestone BRT,RAIL,33.97724027,-84.55092805,MD,79,59
Allgood Road BRT,RAIL,33.9669562,-84.53656621,MD,71,62
North Marietta Parkway BR,RAIL,33.9595119,-84.52858371,MD,96,98
Roswell Road BRT,RAIL,33.95029715,-84.52134011,MD,153,125
South Marietta Parkway BR,RAIL,33.93616393,-84.51378041,MD,284,436
Dobbins BRT,RAIL,33.91749944,-84.50219012,MD,77,82
Windy Hill Road BRT,RAIL,33.90179459,-84.48752152,MD,139,157
Cumberland North BRT,RAIL,33.88882867,-84.47546174,MD,139,127
Cumberland South BRT,RAIL,33.88066706,-84.46476239,MD,261,300
Arts Center BRT,RAIL,33.78884203,-84.38735148,MD,718,567
White Circle BRT,RAIL,33.98720373,-84.57315901,MD,132,116
Battlefield BRT,RAIL,33.98097431,-84.55918396,MD,61,71
East Point Comuter Rail,RAIL,33.67765041,-84.43923973,MD,5,4
Hapeville Commuter Rail,RAIL,33.65902778,-84.40952643,MD,27,16
Mountain View Commuter Ra,RAIL,33.64200531,-84.39023372,MD,26,29
Forest Park Commuter Rail,RAIL,33.62008626,-84.3632386,MD,36,34
Clayton State Commuter Ra,RAIL,33.59478041,-84.33478169,MD,133,142
Southlake Commuter Rail,RAIL,33.5748687,-84.34137575,MD,71,87
Jonesboro Commuter Rail,RAIL,33.52257787,-84.35420243,MD,83,82
Lovejoy Commuter Rail,RAIL,33.43579498,-84.31349235,MD,56,43
Glenwood Streetcar,RAIL,33.73976009,-84.35827037,PM,171,264
Howell/Bradley Streetcar,RAIL,33.75286015,-84.37429006,PM,108,139
King Historical District,RAIL,33.75548968,-84.37435941,PM,39,27
Oakland Streetcar,RAIL,33.74682005,-84.37666013,PM,21,40
Edgewood/Hilliard Streetc,RAIL,33.75438041,-84.37658011,PM,2,44
Sandy Springs,RAIL,33.93218729,-84.35208977,PM,1906,1381
North Springs,RAIL,33.94511896,-84.35726606,PM,1227,1696
Georgia State,RAIL,33.75008031,-84.38582967,PM,5679,1226
Inman Park/Reynoldstown,RAIL,33.75769205,-84.35251524,PM,699,1350
Edgewood/Candler Park,RAIL,33.76193601,-84.33963921,PM,645,1065
East Lake,RAIL,33.76519723,-84.31276946,PM,400,1325
Decatur,RAIL,33.77468883,-84.29574279,PM,2447,1391
Avondale,RAIL,33.77514262,-84.28227057,PM,1911,2595
Kensington,RAIL,33.77265675,-84.25189439,PM,1979,5549
Indian Creek,RAIL,33.76527334,-84.23006089,PM,576,2551
Dome/GWCC/Philips Arena/C,RAIL,33.75610139,-84.39712121,PM,2872,973
Vine City,RAIL,33.75655043,-84.40401403,PM,1019,764
Ashby,RAIL,33.75644578,-84.41724351,PM,912,1126
West Lake,RAIL,33.75329302,-84.44534298,PM,474,944
Hamilton E Holmes,RAIL,33.75447364,-84.47012807,PM,1618,5461
Bankhead,RAIL,33.77218678,-84.42893117,PM,958,1361
Peachtree Center,RAIL,33.75967751,-84.38756755,PM,7966,2285
Civic Center,RAIL,33.76648821,-84.38749686,PM,2875,2875
Midtown,RAIL,33.78111994,-84.38633917,PM,6662,3478
Arts Center,RAIL,33.78918261,-84.38732614,PM,9453,5705
Lindbergh Center,RAIL,33.8224931,-84.36959926,PM,10634,9181
Lenox,RAIL,33.84538918,-84.35809299,PM,2842,1261
Brookhaven/Oglethorpe Uni,RAIL,33.85995051,-84.33936845,PM,1138,1988
Chamblee,RAIL,33.88746349,-84.30635678,PM,1544,1878
Buckhead,RAIL,33.84806247,-84.36785871,PM,4597,1830
Medical Center,RAIL,33.91076675,-84.35150426,PM,3405,1035
Dunwoody,RAIL,33.92129246,-84.34435935,PM,3672,2485
Garnett,RAIL,33.74883024,-84.39563408,PM,2320,816
West End,RAIL,33.73581105,-84.41366372,PM,1986,3347
Oakland City,RAIL,33.71704952,-84.42512465,PM,1133,3097
Lakewood/Fort McPherson,RAIL,33.70031817,-84.42886315,PM,719,2393
East Point,RAIL,33.67685698,-84.44074954,PM,1889,4675
College Park,RAIL,33.65153306,-84.44877472,PM,1787,9555
Brawley Streetcar,RAIL,33.77304965,-84.41240066,PM,150,127
Auburn/Piedmont Streetcar,RAIL,33.7555401,-84.38222988,PM,102,46
Piedmont Streetcar,RAIL,33.77128015,-84.38188044,PM,63,76
Five Points Streetcar,RAIL,33.75316363,-84.39125537,PM,764,689
Peachtree Center Streetca,RAIL,33.75788041,-84.38759022,PM,94,120
Baker Streetcar,RAIL,33.76226042,-84.38755021,PM,346.02,152.01
Pine Streetcar,RAIL,33.76733966,-84.38536019,PM,47,55
Civic Center Streetcar,RAIL,33.76733015,-84.38745952,PM,26,5
King Memorial Streetcar,RAIL,33.75018021,-84.37664013,PM,710,720
Carnegie/Spring Streetcar,RAIL,33.75925987,-84.38944947,PM,63,22
Woodruff Park Streetcar,RAIL,33.75630023,-84.38845983,PM,573,441
Luckie/Cone Streetcar,RAIL,33.75788993,-84.39008967,PM,20,16
Centennial Olympic Park S,RAIL,33.75923989,-84.3920903,PM,27,31
Luckie/Ivan Allen Streetc,RAIL,33.76463023,-84.39613957,PM,198,215
Howell/Bradley Streetcar,RAIL,33.75427005,-84.36980065,PM,57,36
Sweet Auburn Market Stree,RAIL,33.75440038,-84.3802706,PM,43,44
North Angier Streetcar,RAIL,33.77112032,-84.36498048,PM,114,84
Hutting Streetcar,RAIL,33.77120023,-84.3747502,PM,54,66
Peachtree Streetcar,RAIL,33.77128966,-84.3849694,PM,254,232
Cherry Streetcar,RAIL,33.77130964,-84.39450039,PM,646,150
Carroll/Boulevard Streetc,RAIL,33.74670018,-84.36810012,PM,96,133
Northside Streetcar,RAIL,33.77052953,-84.40483963,PM,138,36
King Memorial,RAIL,33.75000421,-84.37543042,PM,1304,1570
Baker/Georgia Aquarium St,RAIL,33.76252014,-84.39563008,PM,53,30
Airport,RAIL,33.64068199,-84.44620592,PM,4947,903
North Avenue,RAIL,33.77256732,-84.38699937,PM,5055,2213
Doraville,RAIL,33.90298663,-84.28025261,PM,1289,6482
Five Points (Gold/Red),RAIL,33.75386763,-84.39159681,PM,21673,23674
Five Points (Blue/Green),RAIL,33.75387048,-84.3915608,PM,24675,12418
Kennesaw Streetcar,RAIL,33.77116598,-84.36978331,PM,45,60
Hurt Park Streetcar,RAIL,33.75447459,-84.3852735,PM,98,49
Park Place Streetcar,RAIL,33.75506728,-84.38820242,PM,62,55
Gaspero/Old Water Tower P,RAIL,33.75655043,-84.3668504,PM,57,53
Merrits/Pine Streetcar,RAIL,33.76963527,-84.39608889,PM,356,99
Dobbs Plaza Streetcar,RAIL,33.75552012,-84.37887016,PM,4,8
Bankhead Streetcar,RAIL,33.7719147,-84.42913123,PM,339,463
Montgomery Ferry Streetca,RAIL,33.80048272,-84.37386726,PM,81,79
Ansley Mall/Piedmont  Str,RAIL,33.79543391,-84.37093968,PM,41,87
Piedmont Park/Amsterdam W,RAIL,33.78901327,-84.37045953,PM,151,63
Monroe/Virginia Streetcar,RAIL,33.78064426,-84.3673839,PM,49,56
Ponce City Market Streetc,RAIL,33.77274237,-84.36445231,PM,110,115
Angier Springs Streetcar,RAIL,33.76911583,-84.36254371,PM,49,146
Freedom Parkway Streetcar,RAIL,33.76389103,-84.35972816,PM,77,75
Highland Streetcar,RAIL,33.76130812,-84.36178081,PM,94,143
Boone Streetcar,RAIL,33.76365985,-84.42455914,PM,61,112
Lena Streetcar,RAIL,33.75751605,-84.42481255,PM,37,62
Martin Luther King Jr Str,RAIL,33.75336532,-84.42596224,PM,6,8
Napoleon Streetcar,RAIL,33.74835362,-84.42886315,PM,33,69
Sells Streetcar,RAIL,33.74519324,-84.43230423,PM,34,55
Lucille Streetcar,RAIL,33.74245526,-84.4339154,PM,16,46
Abernathy Streetcar,RAIL,33.73829787,-84.43219886,PM,84,113
Lawton Streetcar,RAIL,33.73170123,-84.42280792,PM,4,7
Murphy Streetcar,RAIL,33.72736689,-84.41588042,PM,10,24
Allene Streetcar,RAIL,33.72465745,-84.4129635,PM,2,6
University Streetcar,RAIL,33.72225054,-84.41163642,PM,17,28
Irwin Streetcar,RAIL,33.75755981,-84.36492046,PM,35,65
Covington Highway,RAIL,33.75491221,-84.23257367,PM,143,1013
Wesley Chapel,RAIL,33.71266286,-84.21862531,PM,391,6020
Wesley Chapel BRT,RAIL,33.71295302,-84.21788908,PM,143,103
Northridge,RAIL,33.98330796,-84.34179722,PM,607,1532
Holcomb Bridge,RAIL,34.01974839,-84.32522536,PM,1199,6760
Lindbergh Center LRT,RAIL,33.82172155,-84.36953123,PM,1560,5903
Cheshire Bridge LRT,RAIL,33.81092947,-84.35481596,PM,210,285
Sage Hill/Briarcliff LRT,RAIL,33.80590159,-84.33776128,PM,222,326
CDC/Emory Point LRT,RAIL,33.7994448,-84.32499062,PM,1017,149
Emory/Rollins LRT,RAIL,33.79673155,-84.32219508,PM,4450,317
Emory/Clairmont LRT,RAIL,33.79500866,-84.31113028,PM,622,130
North Decatur LRT,RAIL,33.78937478,-84.30764252,PM,197,1168
Candler Road BRT,RAIL,33.71138329,-84.2745855,PM,304,960
Gresham Road BRT,RAIL,33.71673748,-84.30979253,PM,124,425
Glenwood Road BRT,RAIL,33.73910176,-84.33023093,PM,112,14
Moreland Avenue BRT,RAIL,33.74684097,-84.35031188,PM,157,71
Bill Kennedy Streetcar,RAIL,33.7454149,-84.35825037,PM,30,151
Glenwood Memorial BRT,RAIL,33.74559947,-84.35885989,PM,149,42
Five Points BRT,RAIL,33.75341764,-84.39167017,PM,1195,569
Finley Streetcar,RAIL,33.77323041,-84.42207036,PM,21,56
Kennesaw State University,RAIL,34.03622478,-84.58053999,PM,477,79
Town Center BRT,RAIL,34.02802321,-84.57041015,PM,39,668
Barrett Lakes Boulevard B,RAIL,34.00301513,-84.56915776,PM,131,198
WellStar Kennestone BRT,RAIL,33.97724027,-84.55092805,PM,131,198
Allgood Road BRT,RAIL,33.9669562,-84.53656621,PM,102,150
North Marietta Parkway BR,RAIL,33.9595119,-84.52858371,PM,130,248
Roswell Road BRT,RAIL,33.95029715,-84.52134011,PM,140,360
South Marietta Parkway BR,RAIL,33.93616393,-84.51378041,PM,870,144
Dobbins BRT,RAIL,33.91749944,-84.50219012,PM,286,85
Windy Hill Road BRT,RAIL,33.90179459,-84.48752152,PM,370,494
Cumberland North BRT,RAIL,33.88882867,-84.47546174,PM,381,331
Cumberland South BRT,RAIL,33.88066706,-84.46476239,PM,775,728
Arts Center BRT,RAIL,33.78884203,-84.38735148,PM,2117,2094
White Circle BRT,RAIL,33.98720373,-84.57315901,PM,229,307
Battlefield BRT,RAIL,33.98097431,-84.55918396,PM,49,143
East Point Comuter Rail,RAIL,33.67765041,-84.43923973,PM,14,17
Hapeville Commuter Rail,RAIL,33.65902778,-84.40952643,PM,91,20
Mountain View Commuter Ra,RAIL,33.64200531,-84.39023372,PM,54,43
Forest Park Commuter Rail,RAIL,33.62008626,-84.3632386,PM,30,126
Clayton State Commuter Ra,RAIL,33.59478041,-84.33478169,PM,392,77
Southlake Commuter Rail,RAIL,33.5748687,-84.34137575,PM,121,150
Jonesboro Commuter Rail,RAIL,33.52257787,-84.35420243,PM,155,221
Lovejoy Commuter Rail,RAIL,33.43579498,-84.31349235,PM,8,211
Glenwood Streetcar,RAIL,33.73976009,-84.35827037,EV,4,33
Howell/Bradley Streetcar,RAIL,33.75286015,-84.37429006,EV,8,10
King Historical District,RAIL,33.75548968,-84.37435941,EV,7,2
Oakland Streetcar,RAIL,33.74682005,-84.37666013,EV,6,8
Edgewood/Hilliard Streetc,RAIL,33.75438041,-84.37658011,EV,2,4
Sandy Springs,RAIL,33.93218729,-84.35208977,EV,356,195
North Springs,RAIL,33.94511896,-84.35726606,EV,207,304
Georgia State,RAIL,33.75008031,-84.38582967,EV,703,201
Inman Park/Reynoldstown,RAIL,33.75769205,-84.35251524,EV,143,260
Edgewood/Candler Park,RAIL,33.76193601,-84.33963921,EV,115,284
East Lake,RAIL,33.76519723,-84.31276946,EV,107,369
Decatur,RAIL,33.77468883,-84.29574279,EV,573,388
Avondale,RAIL,33.77514262,-84.28227057,EV,392,647
Kensington,RAIL,33.77265675,-84.25189439,EV,423,1061
Indian Creek,RAIL,33.76527334,-84.23006089,EV,138,807
Dome/GWCC/Philips Arena/C,RAIL,33.75610139,-84.39712121,EV,651.01,170
Vine City,RAIL,33.75655043,-84.40401403,EV,257,251
Ashby,RAIL,33.75644578,-84.41724351,EV,497,636
West Lake,RAIL,33.75329302,-84.44534298,EV,161,371
Hamilton E Holmes,RAIL,33.75447364,-84.47012807,EV,351,1169
Bankhead,RAIL,33.77218678,-84.42893117,EV,102,295
Peachtree Center,RAIL,33.75967751,-84.38756755,EV,1900,616
Civic Center,RAIL,33.76648821,-84.38749686,EV,817.01,581
Midtown,RAIL,33.78111994,-84.38633917,EV,1363,1021
Arts Center,RAIL,33.78918261,-84.38732614,EV,2306,1368
Lindbergh Center,RAIL,33.8224931,-84.36959926,EV,5025,4946
Lenox,RAIL,33.84538918,-84.35809299,EV,664,381
Brookhaven/Oglethorpe Uni,RAIL,33.85995051,-84.33936845,EV,339,677
Chamblee,RAIL,33.88746349,-84.30635678,EV,266,557
Buckhead,RAIL,33.84806247,-84.36785871,EV,698,372
Medical Center,RAIL,33.91076675,-84.35150426,EV,698,159
Dunwoody,RAIL,33.92129246,-84.34435935,EV,614,287
Garnett,RAIL,33.74883024,-84.39563408,EV,448,220
West End,RAIL,33.73581105,-84.41366372,EV,468,1003
Oakland City,RAIL,33.71704952,-84.42512465,EV,272.01,1088
Lakewood/Fort McPherson,RAIL,33.70031817,-84.42886315,EV,173,717
East Point,RAIL,33.67685698,-84.44074954,EV,380,754
College Park,RAIL,33.65153306,-84.44877472,EV,417,1639
Brawley Streetcar,RAIL,33.77304965,-84.41240066,EV,9,13
Auburn/Piedmont Streetcar,RAIL,33.7555401,-84.38222988,EV,16,5
Piedmont Streetcar,RAIL,33.77128015,-84.38188044,EV,6,5
Five Points Streetcar,RAIL,33.75316363,-84.39125537,EV,195,44
Peachtree Center Streetca,RAIL,33.75788041,-84.38759022,EV,8,12
Baker Streetcar,RAIL,33.76226042,-84.38755021,EV,0,0
Pine Streetcar,RAIL,33.76733966,-84.38536019,EV,0,0
Civic Center Streetcar,RAIL,33.76733015,-84.38745952,EV,0,0
King Memorial Streetcar,RAIL,33.75018021,-84.37664013,EV,61,11
Carnegie/Spring Streetcar,RAIL,33.75925987,-84.38944947,EV,27,3
Woodruff Park Streetcar,RAIL,33.75630023,-84.38845983,EV,28,23
Luckie/Cone Streetcar,RAIL,33.75788993,-84.39008967,EV,4,2
Centennial Olympic Park S,RAIL,33.75923989,-84.3920903,EV,3,2
Luckie/Ivan Allen Streetc,RAIL,33.76463023,-84.39613957,EV,12,9
Howell/Bradley Streetcar,RAIL,33.75427005,-84.36980065,EV,3,10
Sweet Auburn Market Stree,RAIL,33.75440038,-84.3802706,EV,1,2
North Angier Streetcar,RAIL,33.77112032,-84.36498048,EV,12,14
Hutting Streetcar,RAIL,33.77120023,-84.3747502,EV,5,8
Peachtree Streetcar,RAIL,33.77128966,-84.3849694,EV,17,8
Cherry Streetcar,RAIL,33.77130964,-84.39450039,EV,48,13
Carroll/Boulevard Streetc,RAIL,33.74670018,-84.36810012,EV,3,19
Northside Streetcar,RAIL,33.77052953,-84.40483963,EV,4,11
King Memorial,RAIL,33.75000421,-84.37543042,EV,193,328
Baker/Georgia Aquarium St,RAIL,33.76252014,-84.39563008,EV,8,2
Airport,RAIL,33.64068199,-84.44620592,EV,973,114
North Avenue,RAIL,33.77256732,-84.38699937,EV,1265,731
Doraville,RAIL,33.90298663,-84.28025261,EV,234,520
Five Points (Gold/Red),RAIL,33.75386763,-84.39159681,EV,4513.01,5449
Five Points (Blue/Green),RAIL,33.75387048,-84.3915608,EV,4930,2079
Kennesaw Streetcar,RAIL,33.77116598,-84.36978331,EV,4,0
Hurt Park Streetcar,RAIL,33.75447459,-84.3852735,EV,11,2
Park Place Streetcar,RAIL,33.75506728,-84.38820242,EV,6,8
Gaspero/Old Water Tower P,RAIL,33.75655043,-84.3668504,EV,3,0
Merrits/Pine Streetcar,RAIL,33.76963527,-84.39608889,EV,28,7
Dobbs Plaza Streetcar,RAIL,33.75552012,-84.37887016,EV,0,0
Bankhead Streetcar,RAIL,33.7719147,-84.42913123,EV,7,50
Montgomery Ferry Streetca,RAIL,33.80048272,-84.37386726,EV,25,10
Ansley Mall/Piedmont  Str,RAIL,33.79543391,-84.37093968,EV,6,9
Piedmont Park/Amsterdam W,RAIL,33.78901327,-84.37045953,EV,22,6
Monroe/Virginia Streetcar,RAIL,33.78064426,-84.3673839,EV,1,2
Ponce City Market Streetc,RAIL,33.77274237,-84.36445231,EV,11,7
Angier Springs Streetcar,RAIL,33.76911583,-84.36254371,EV,6,13
Freedom Parkway Streetcar,RAIL,33.76389103,-84.35972816,EV,2,11
Highland Streetcar,RAIL,33.76130812,-84.36178081,EV,17,29
Boone Streetcar,RAIL,33.76365985,-84.42455914,EV,2,13
Lena Streetcar,RAIL,33.75751605,-84.42481255,EV,4,6
Martin Luther King Jr Str,RAIL,33.75336532,-84.42596224,EV,0,2
Napoleon Streetcar,RAIL,33.74835362,-84.42886315,EV,0,11
Sells Streetcar,RAIL,33.74519324,-84.43230423,EV,1,6
Lucille Streetcar,RAIL,33.74245526,-84.4339154,EV,2,4
Abernathy Streetcar,RAIL,33.73829787,-84.43219886,EV,9,19
Lawton Streetcar,RAIL,33.73170123,-84.42280792,EV,0,0
Murphy Streetcar,RAIL,33.72736689,-84.41588042,EV,0,6
Allene Streetcar,RAIL,33.72465745,-84.4129635,EV,0,1
University Streetcar,RAIL,33.72225054,-84.41163642,EV,0,2
Irwin Streetcar,RAIL,33.75755981,-84.36492046,EV,4,6
Covington Highway,RAIL,33.75491221,-84.23257367,EV,33,147
Wesley Chapel,RAIL,33.71266286,-84.21862531,EV,111,417
Wesley Chapel BRT,RAIL,33.71295302,-84.21788908,EV,39,70
Northridge,RAIL,33.98330796,-84.34179722,EV,114,294
Holcomb Bridge,RAIL,34.01974839,-84.32522536,EV,247,764
Lindbergh Center LRT,RAIL,33.82172155,-84.36953123,EV,262,924
Cheshire Bridge LRT,RAIL,33.81092947,-84.35481596,EV,17,59
Sage Hill/Briarcliff LRT,RAIL,33.80590159,-84.33776128,EV,28,50
CDC/Emory Point LRT,RAIL,33.7994448,-84.32499062,EV,155,37
Emory/Rollins LRT,RAIL,33.79673155,-84.32219508,EV,626,49
Emory/Clairmont LRT,RAIL,33.79500866,-84.31113028,EV,108,45
North Decatur LRT,RAIL,33.78937478,-84.30764252,EV,23,55
Candler Road BRT,RAIL,33.71138329,-84.2745855,EV,76,347
Gresham Road BRT,RAIL,33.71673748,-84.30979253,EV,34,134
Glenwood Road BRT,RAIL,33.73910176,-84.33023093,EV,12,10
Moreland Avenue BRT,RAIL,33.74684097,-84.35031188,EV,50,127
Bill Kennedy Streetcar,RAIL,33.7454149,-84.35825037,EV,2,7
Glenwood Memorial BRT,RAIL,33.74559947,-84.35885989,EV,36,43
Five Points BRT,RAIL,33.75341764,-84.39167017,EV,642,158
Finley Streetcar,RAIL,33.77323041,-84.42207036,EV,2,4
Kennesaw State University,RAIL,34.03622478,-84.58053999,EV,65,23
Town Center BRT,RAIL,34.02802321,-84.57041015,EV,8,9
Barrett Lakes Boulevard B,RAIL,34.00301513,-84.56915776,EV,18,41
WellStar Kennestone BRT,RAIL,33.97724027,-84.55092805,EV,12,8
Allgood Road BRT,RAIL,33.9669562,-84.53656621,EV,15,27
North Marietta Parkway BR,RAIL,33.9595119,-84.52858371,EV,18,57
Roswell Road BRT,RAIL,33.95029715,-84.52134011,EV,39,57
South Marietta Parkway BR,RAIL,33.93616393,-84.51378041,EV,179,30
Dobbins BRT,RAIL,33.91749944,-84.50219012,EV,50,35
Windy Hill Road BRT,RAIL,33.90179459,-84.48752152,EV,75,82
Cumberland North BRT,RAIL,33.88882867,-84.47546174,EV,107,116
Cumberland South BRT,RAIL,33.88066706,-84.46476239,EV,302,177
Arts Center BRT,RAIL,33.78884203,-84.38735148,EV,446,653
White Circle BRT,RAIL,33.98720373,-84.57315901,EV,25,36
Battlefield BRT,RAIL,33.98097431,-84.55918396,EV,5,13
East Point Comuter Rail,RAIL,33.67765041,-84.43923973,EV,1,0
Hapeville Commuter Rail,RAIL,33.65902778,-84.40952643,EV,3,5
Mountain View Commuter Ra,RAIL,33.64200531,-84.39023372,EV,2,2
Forest Park Commuter Rail,RAIL,33.62008626,-84.3632386,EV,2,8
Clayton State Commuter Ra,RAIL,33.59478041,-84.33478169,EV,15,5
Southlake Commuter Rail,RAIL,33.5748687,-84.34137575,EV,3,5
Jonesboro Commuter Rail,RAIL,33.52257787,-84.35420243,EV,5,0
Lovejoy Commuter Rail,RAIL,33.43579498,-84.31349235,EV,0,6
Glenwood Streetcar,RAIL,33.73976009,-84.35827037,Airport,7.55,2.08
Howell/Bradley Streetcar,RAIL,33.75286015,-84.37429006,Airport,0,0
King Historical District,RAIL,33.75548968,-84.37435941,Airport,0,0
Oakland Streetcar,RAIL,33.74682005,-84.37666013,Airport,0,0
Edgewood/Hilliard Streetc,RAIL,33.75438041,-84.37658011,Airport,0,0
Sandy Springs,RAIL,33.93218729,-84.35208977,Airport,98.3,319.08
North Springs,RAIL,33.94511896,-84.35726606,Airport,69.01,148.54
Georgia State,RAIL,33.75008031,-84.38582967,Airport,11.72,145.4
Inman Park/Reynoldstown,RAIL,33.75769205,-84.35251524,Airport,22.16,17.64
Edgewood/Candler Park,RAIL,33.76193601,-84.33963921,Airport,21.98,12.88
East Lake,RAIL,33.76519723,-84.31276946,Airport,21.18,9.59
Decatur,RAIL,33.77468883,-84.29574279,Airport,32.31,36.61
Avondale,RAIL,33.77514262,-84.28227057,Airport,25.86,35.52
Kensington,RAIL,33.77265675,-84.25189439,Airport,100.92,25.71
Indian Creek,RAIL,33.76527334,-84.23006089,Airport,19.09,7.37
Dome/GWCC/Philips Arena/C,RAIL,33.75610139,-84.39712121,Airport,2.74,140.58
Vine City,RAIL,33.75655043,-84.40401403,Airport,14.7,15.2
Ashby,RAIL,33.75644578,-84.41724351,Airport,18.74,11.1
West Lake,RAIL,33.75329302,-84.44534298,Airport,11.3,26.38
Hamilton E Holmes,RAIL,33.75447364,-84.47012807,Airport,27.63,39.15
Bankhead,RAIL,33.77218678,-84.42893117,Airport,21.82,37.24
Peachtree Center,RAIL,33.75967751,-84.38756755,Airport,26.08,568.72
Civic Center,RAIL,33.76648821,-84.38749686,Airport,86.18,264.2
Midtown,RAIL,33.78111994,-84.38633917,Airport,165.54,725.72
Arts Center,RAIL,33.78918261,-84.38732614,Airport,422.52,980.64
Lindbergh Center,RAIL,33.8224931,-84.36959926,Airport,355.3,472.68
Lenox,RAIL,33.84538918,-84.35809299,Airport,112.71,480.72
Brookhaven/Oglethorpe Uni,RAIL,33.85995051,-84.33936845,Airport,79.93,42.55
Chamblee,RAIL,33.88746349,-84.30635678,Airport,44.58,39.33
Buckhead,RAIL,33.84806247,-84.36785871,Airport,85.26,698.04
Medical Center,RAIL,33.91076675,-84.35150426,Airport,41,704.68
Dunwoody,RAIL,33.92129246,-84.34435935,Airport,56.43,267.89
Garnett,RAIL,33.74883024,-84.39563408,Airport,30.74,95.78
West End,RAIL,33.73581105,-84.41366372,Airport,149.68,11.4
Oakland City,RAIL,33.71704952,-84.42512465,Airport,59.46,4.54
Lakewood/Fort McPherson,RAIL,33.70031817,-84.42886315,Airport,20.08,1.34
East Point,RAIL,33.67685698,-84.44074954,Airport,0.4,0.12
College Park,RAIL,33.65153306,-84.44877472,Airport,109.02,0
Brawley Streetcar,RAIL,33.77304965,-84.41240066,Airport,3.22,3.06
Auburn/Piedmont Streetcar,RAIL,33.7555401,-84.38222988,Airport,0,0
Piedmont Streetcar,RAIL,33.77128015,-84.38188044,Airport,0,0
Five Points Streetcar,RAIL,33.75316363,-84.39125537,Airport,0,22.38
Peachtree Center Streetca,RAIL,33.75788041,-84.38759022,Airport,0,0
Baker Streetcar,RAIL,33.76226042,-84.38755021,Airport,0,0
Pine Streetcar,RAIL,33.76733966,-84.38536019,Airport,0,0
Civic Center Streetcar,RAIL,33.76733015,-84.38745952,Airport,1.77,0
King Memorial Streetcar,RAIL,33.75018021,-84.37664013,Airport,121.02,22.49
Carnegie/Spring Streetcar,RAIL,33.75925987,-84.38944947,Airport,0,0
Woodruff Park Streetcar,RAIL,33.75630023,-84.38845983,Airport,22.38,22.38
Luckie/Cone Streetcar,RAIL,33.75788993,-84.39008967,Airport,0,0
Centennial Olympic Park S,RAIL,33.75923989,-84.3920903,Airport,0,0
Luckie/Ivan Allen Streetc,RAIL,33.76463023,-84.39613957,Airport,0,0
Howell/Bradley Streetcar,RAIL,33.75427005,-84.36980065,Airport,0,0
Sweet Auburn Market Stree,RAIL,33.75440038,-84.3802706,Airport,0,0
North Angier Streetcar,RAIL,33.77112032,-84.36498048,Airport,6.03,0
Hutting Streetcar,RAIL,33.77120023,-84.3747502,Airport,0,0
Peachtree Streetcar,RAIL,33.77128966,-84.3849694,Airport,1.77,1.77
Cherry Streetcar,RAIL,33.77130964,-84.39450039,Airport,0,0
Carroll/Boulevard Streetc,RAIL,33.74670018,-84.36810012,Airport,5.01,1.21
Northside Streetcar,RAIL,33.77052953,-84.40483963,Airport,0,0.04
King Memorial,RAIL,33.75000421,-84.37543042,Airport,55.64,139.34
Baker/Georgia Aquarium St,RAIL,33.76252014,-84.39563008,Airport,0,0
Airport,RAIL,33.64068199,-84.44620592,Airport,7801.26,3782.68
North Avenue,RAIL,33.77256732,-84.38699937,Airport,92.36,412.54
Doraville,RAIL,33.90298663,-84.28025261,Airport,480.83,27.86
Five Points (Gold/Red),RAIL,33.75386763,-84.39159681,Airport,521.5,1314.72
Five Points (Blue/Green),RAIL,33.75387048,-84.3915608,Airport,705.42,437.72
Kennesaw Streetcar,RAIL,33.77116598,-84.36978331,Airport,3.9,1.77
Hurt Park Streetcar,RAIL,33.75447459,-84.3852735,Airport,0,0
Park Place Streetcar,RAIL,33.75506728,-84.38820242,Airport,0,0
Gaspero/Old Water Tower P,RAIL,33.75655043,-84.3668504,Airport,0.13,1.41
Merrits/Pine Streetcar,RAIL,33.76963527,-84.39608889,Airport,0,0
Dobbs Plaza Streetcar,RAIL,33.75552012,-84.37887016,Airport,0,0
Bankhead Streetcar,RAIL,33.7719147,-84.42913123,Airport,4.49,6.23
Montgomery Ferry Streetca,RAIL,33.80048272,-84.37386726,Airport,0.12,42.34
Ansley Mall/Piedmont  Str,RAIL,33.79543391,-84.37093968,Airport,0,5.36
Piedmont Park/Amsterdam W,RAIL,33.78901327,-84.37045953,Airport,3.03,22.52
Monroe/Virginia Streetcar,RAIL,33.78064426,-84.3673839,Airport,0,4.31
Ponce City Market Streetc,RAIL,33.77274237,-84.36445231,Airport,1.88,26.13
Angier Springs Streetcar,RAIL,33.76911583,-84.36254371,Airport,4.46,5.53
Freedom Parkway Streetcar,RAIL,33.76389103,-84.35972816,Airport,4.12,4.19
Highland Streetcar,RAIL,33.76130812,-84.36178081,Airport,6.45,4.83
Boone Streetcar,RAIL,33.76365985,-84.42455914,Airport,1.63,0.43
Lena Streetcar,RAIL,33.75751605,-84.42481255,Airport,1.38,0.42
Martin Luther King Jr Str,RAIL,33.75336532,-84.42596224,Airport,0,0
Napoleon Streetcar,RAIL,33.74835362,-84.42886315,Airport,0,0.29
Sells Streetcar,RAIL,33.74519324,-84.43230423,Airport,0,0.14
Lucille Streetcar,RAIL,33.74245526,-84.4339154,Airport,0,0.05
Abernathy Streetcar,RAIL,33.73829787,-84.43219886,Airport,0,0.06
Lawton Streetcar,RAIL,33.73170123,-84.42280792,Airport,0,0
Murphy Streetcar,RAIL,33.72736689,-84.41588042,Airport,0,0
Allene Streetcar,RAIL,33.72465745,-84.4129635,Airport,0,0
University Streetcar,RAIL,33.72225054,-84.41163642,Airport,0,0
Irwin Streetcar,RAIL,33.75755981,-84.36492046,Airport,2.19,1.11
Covington Highway,RAIL,33.75491221,-84.23257367,Airport,5.56,1.9
Wesley Chapel,RAIL,33.71266286,-84.21862531,Airport,24.39,3.83
Wesley Chapel BRT,RAIL,33.71295302,-84.21788908,Airport,0.91,0
Northridge,RAIL,33.98330796,-84.34179722,Airport,118.7,149.83
Holcomb Bridge,RAIL,34.01974839,-84.32522536,Airport,557.23,70.38
Lindbergh Center LRT,RAIL,33.82172155,-84.36953123,Airport,114.04,31.99
Cheshire Bridge LRT,RAIL,33.81092947,-84.35481596,Airport,13.6,10.52
Sage Hill/Briarcliff LRT,RAIL,33.80590159,-84.33776128,Airport,10.12,9.17
CDC/Emory Point LRT,RAIL,33.7994448,-84.32499062,Airport,1.55,25.49
Emory/Rollins LRT,RAIL,33.79673155,-84.32219508,Airport,0.11,41.74
Emory/Clairmont LRT,RAIL,33.79500866,-84.31113028,Airport,2.69,17.7
North Decatur LRT,RAIL,33.78937478,-84.30764252,Airport,3.92,9.42
Candler Road BRT,RAIL,33.71138329,-84.2745855,Airport,2,1.29
Gresham Road BRT,RAIL,33.71673748,-84.30979253,Airport,1.83,1.19
Glenwood Road BRT,RAIL,33.73910176,-84.33023093,Airport,3.07,0.35
Moreland Avenue BRT,RAIL,33.74684097,-84.35031188,Airport,4.24,2.42
Bill Kennedy Streetcar,RAIL,33.7454149,-84.35825037,Airport,0,0
Glenwood Memorial BRT,RAIL,33.74559947,-84.35885989,Airport,2.24,1.66
Five Points BRT,RAIL,33.75341764,-84.39167017,Airport,6.56,13.94
Finley Streetcar,RAIL,33.77323041,-84.42207036,Airport,0,0
Kennesaw State University,RAIL,34.03622478,-84.58053999,Airport,1.88,2.51
Town Center BRT,RAIL,34.02802321,-84.57041015,Airport,13.21,3.3
Barrett Lakes Boulevard B,RAIL,34.00301513,-84.56915776,Airport,13.64,4.64
WellStar Kennestone BRT,RAIL,33.97724027,-84.55092805,Airport,2.62,4.33
Allgood Road BRT,RAIL,33.9669562,-84.53656621,Airport,0,6.63
North Marietta Parkway BR,RAIL,33.9595119,-84.52858371,Airport,1.55,6.44
Roswell Road BRT,RAIL,33.95029715,-84.52134011,Airport,32.3,8.86
South Marietta Parkway BR,RAIL,33.93616393,-84.51378041,Airport,0.86,6.38
Dobbins BRT,RAIL,33.91749944,-84.50219012,Airport,1.25,12.69
Windy Hill Road BRT,RAIL,33.90179459,-84.48752152,Airport,8.8,18.19
Cumberland North BRT,RAIL,33.88882867,-84.47546174,Airport,15.93,28.15
Cumberland South BRT,RAIL,33.88066706,-84.46476239,Airport,7.69,57.99
Arts Center BRT,RAIL,33.78884203,-84.38735148,Airport,167.25,137.26
White Circle BRT,RAIL,33.98720373,-84.57315901,Airport,31,4.94
Battlefield BRT,RAIL,33.98097431,-84.55918396,Airport,6.53,2.2
East Point Comuter Rail,RAIL,33.67765041,-84.43923973,Airport,0,0
Hapeville Commuter Rail,RAIL,33.65902778,-84.40952643,Airport,0,0
Mountain View Commuter Ra,RAIL,33.64200531,-84.39023372,Airport,0.16,0.33
Forest Park Commuter Rail,RAIL,33.62008626,-84.3632386,Airport,0,0
Clayton State Commuter Ra,RAIL,33.59478041,-84.33478169,Airport,0,0
Southlake Commuter Rail,RAIL,33.5748687,-84.34137575,Airport,0,0
Jonesboro Commuter Rail,RAIL,33.52257787,-84.35420243,Airport,0.06,0
Lovejoy Commuter Rail,RAIL,33.43579498,-84.31349235,Airport,0.27,0.16
